SubhaloID,SubhaloLen,SubhaloMass,x,y,z
000_3604,8135,67276.45,15802.670124990396,95796.99999807928,57273.10875941149
000_3560,7903,65357.81,18871.569905959368,85225.59845746869,63860.098277552825
000_3659,7079,58543.33,77932.68979331473,108471.79395152036,82784.28945980188
000_4188,6699,55400.73,7962.733415201896,75978.0006997313,48899.98880604848
000_583,5619,46469.13,12508.89864866274,12343.364169176288,30997.85564776039
000_4191,4903,40547.81,101487.32487921936,103533.46841538344,90815.58819855192
000_3989,4759,39356.93,99251.5406417446,3135.218399358863,42573.04351951565
000_1102,4267,35288.09,38051.014159355225,69337.15000109855,96156.84380675826
000_1962,3541,29284.07,43076.64092174704,2116.08806588777,81765.66292405041
000_4231,3396,28084.92,6546.916033597661,79941.50371990945,86792.71332081861
000_720,3393,28060.11,47631.35724630673,4218.80701363561,32002.60415112456
000_4206,2725,22535.75,65964.41702694954,97380.42166857798,90538.0182712156
000_2422,2682,22180.14,73890.4503577088,108736.4744826622,80409.13948312827
000_4128,2650,21915.5,84270.97633254717,95115.20169516507,81130.36145341981
000_31,2464,20377.28,84322.22128652598,23779.587604473163,44124.56799316406
000_4157,2382,19699.14,94544.62998858628,42208.42077626469,92832.87474745489
000_1999,2353,19459.31,48537.38103285699,101263.16230277836,63613.84304113101
000_4193,2207,18251.89,32068.55417775827,82184.39609410398,104179.3438561962
000_3954,2045,16912.149999999998,618.0177034584409,67593.47674587408,92910.39018948656
000_2149,2040,16870.8,4241.789480530982,39348.10360179228,49212.46326593137
000_1273,1970,16291.9,45400.73364133883,31022.324593512058,115260.1344860406
000_903,1964,16242.28,110909.22746547226,21647.200914309127,115403.0764821474
000_4008,1962,16225.74,18206.05899890896,89134.72350439602,53284.1372961264
000_2706,1811,14976.97,94745.62551335587,16035.916531677078,41004.31057599393
000_4207,1804,14919.08,6509.730296065168,78053.51351597146,87047.53987666297
000_2219,1791,14811.57,84011.9663813861,592.7576028188469,44329.1546927345
000_817,1766,14604.82,93206.77745434598,41007.31752769323,112867.90965193234
000_534,1766,14604.82,72473.17623690543,1073.1944029344709,32601.887225279588
000_4239,1761,14563.47,26100.112773282224,92551.54227888984,91188.46715289608
000_3209,1720,14224.4,19454.382471838664,72296.85926598837,18945.371202761628
000_3894,1692,13992.84,110065.49762669916,80960.1525653812,72515.29786310579
000_3762,1684,13926.679999999998,83808.17110952345,117339.4422134798,84195.80581483818
000_1229,1664,13761.28,62701.2780104417,44456.11860539363,104104.61173189605
000_172,1654,13678.58,33162.343787787184,113511.03785331016,62714.50980813558
000_2045,1642,13579.34,28355.87517842189,7020.141884658572,75660.46831702953
000_4186,1623,13422.21,33605.38587877388,95045.897859866,88214.88691370148
000_4006,1617,13372.59,15522.329707912995,84503.7767373995,51896.41017316018
000_4057,1588,13132.76,53785.36581490082,47849.66650759603,28340.49539146135
000_4168,1564,12934.28,104643.84626758313,40277.063903652495,65263.20114440138
000_1430,1538,12719.26,67835.42887475618,113350.51025581112,56525.41882467084
000_4118,1513,12512.51,96339.05049983476,40598.79338958196,90147.5069398546
000_3708,1498,12388.46,41279.56030957944,13982.312866373915,63196.4569295519
000_3643,1494,12355.38,22005.798613725736,85061.1179980338,67746.96754204317
000_4140,1467,12132.09,25311.851111164367,86625.21512333845,98902.78654354124
000_2333,1457,12049.39,100736.34728358783,115880.6084044698,81518.26798966198
000_3470,1435,11867.45,44248.802368249126,50500.03334331446,27661.128141332752
000_2909,1430,11826.1,3573.406822962194,71121.42371612763,78045.24418706294
000_3335,1391,11503.57,82702.55601860172,114690.66368058052,83635.68526464773
000_4016,1389,11487.03,12764.094366591298,82684.27012464002,51972.7342175126
000_3447,1381,11420.87,2214.942146450432,73227.19633078385,48612.286774189895
000_1863,1357,11222.39,63367.876499746686,88059.21822609617,53417.54521405214
000_2409,1351,11172.77,78096.40450360844,65906.97023327628,30083.70049818421
000_652,1344,11114.88,63028.77596609933,2089.1463557652064,15341.939006260463
000_4163,1336,11048.72,104884.78674097118,44518.32931207897,66700.38029799775
000_2718,1306,10800.62,32700.36636497416,5377.5674867498565,82633.36707384189
000_3210,1296,10717.92,19816.455049491226,69913.12726658951,18637.97462896653
000_1260,1279,10577.33,47622.94874841184,21672.28687420592,92301.52898382524
000_4111,1259,10411.93,4830.073024225576,68195.44325853852,54932.83200332605
000_4024,1219,10081.13,2471.7695677008564,83471.41447908121,90330.6449061731
000_4101,1207,9981.89,104832.31533502486,46006.87581879143,67332.2074552092
000_2527,1197,9899.19,17186.56295850303,71931.23207758981,25826.119535492377
000_4069,1196,9890.92,1557.8759024119297,31349.937028049226,63858.28983329849
000_2811,1163,9618.01,4846.167076366683,55719.1412497313,70764.31652380696
000_3641,1155,9551.85,16907.362571868234,86981.97390422078,10135.58867102949
000_2912,1121,9270.67,13003.37537024002,76804.0963146744,98809.99314228368
000_873,1114,9212.78,73720.02054112432,109684.1817282877,114194.0157582473
000_3351,1113,9204.51,103610.26050089848,39628.92513547282,60754.89219732704
000_1572,1092,9030.84,64457.34386089171,109163.5184509501,102112.47771434295
000_4229,1052,8700.039999999999,47412.51697659221,48698.80696367039,26209.23507307509
000_3822,1045,8642.15,13798.023997271232,87632.1180472488,32580.524579470693
000_1399,1031,8526.369999999999,72081.9775248545,117204.09227994664,56462.88944289525
000_3241,1012,8369.24,11335.324567108755,102548.62547091156,38421.01399610919
000_2581,1008,8336.16,76938.78033544146,73677.06909567212,74502.22130766368
000_4103,1007,8327.89,91185.092500931,19754.650764957794,33296.668525400324
000_1952,1004,8303.08,51463.13318989666,8729.794421921688,88952.78810539094
000_2406,986,8154.219999999999,85869.93326096602,118039.8211048428,76040.94734089756
000_4086,983,8129.41,101001.42194652848,61707.44024589904,65991.00401354273
000_3960,975,8063.25,96587.5280448718,39026.33601762821,74273.6321474359
000_3170,975,8063.25,6818.59937900641,74923.0916426282,83641.44478365385
000_2557,973,8046.71,103609.2889019142,75585.84841501799,54741.22343509121
000_3996,966,7988.82,43286.49119274069,6815.129359148551,10570.82247893213
000_2958,961,7947.469999999999,108512.5884739204,34493.635023738294,53780.97386755333
000_3538,961,7947.469999999999,96680.05702068158,89911.34949759365,80316.15917663892
000_4004,953,7881.309999999999,20412.08920432188,64550.88044743573,16304.254582568206
000_1588,953,7881.309999999999,56948.24591339848,74241.14976554303,61320.13455863064
000_3159,948,7839.96,98858.09623055116,78054.68370088344,75106.60477650317
000_1031,945,7815.15,26964.29029017857,83267.4056464947,107525.75452215609
000_1834,926,7658.019999999999,62612.634288944384,21162.4568625135,97607.02164889307
000_2685,916,7575.32,92080.07188182314,1124.863939926614,42709.580176207695
000_79,908,7509.16,75685.16652326542,18192.962572274228,45043.368762045706
000_4089,893,7385.11,2179.431273047094,85811.42050146977,46198.30264032755
000_2410,889,7352.03,80575.02721632452,64815.4262206482,34455.642158499715
000_3993,887,7335.49,103907.60806264092,40418.21313504087,63188.98410195885
000_4013,881,7285.87,14344.410556407844,85498.33972403519,52951.54377128263
000_3239,877,7252.79,104407.45690208096,33329.55162752993,67969.28598916762
000_3289,874,7227.98,65893.46935336814,55088.14675253862,53096.66325353976
000_2067,867,7170.089999999999,83872.31474372838,62090.83499134948,84809.01071402826
000_3829,865,7153.549999999999,13938.499231168717,103861.5246748555,60924.40020773121
000_1220,860,7112.2,66023.91220930233,45667.47652616279,105231.3477107558
000_3628,858,7095.66,62542.12317890443,51882.22546528992,48951.25942416958
000_4246,857,7087.389999999999,28245.65036327669,97291.06583649358,91472.35677691072
000_4123,853,7054.31,10370.47326187903,75826.25565101113,45574.22360419109
000_3800,851,7037.77,90868.87449507932,27506.56827445652,13387.989377157388
000_3008,850,7029.5,107802.2010569853,84955.92701286764,76498.53892463235
000_1138,840,6946.799999999999,30603.368466331845,75045.73709077381,100420.6652157738
000_1722,839,6938.53,60597.39954558999,2968.5093988320823,91776.3628203218
000_3312,838,6930.259999999999,32792.37737964275,99838.09600611575,64467.73103744033
000_1172,831,6872.37,57036.54744848075,40917.43164297533,110025.47373270156
000_3951,828,6847.56,17624.670990432518,57910.68029136473,102211.23316727052
000_3663,823,6806.21,86660.7832149909,117760.6837313943,81706.2434785085
000_3454,823,6806.21,70912.94281591737,107593.67074536756,110878.69492329891
000_3979,817,6756.589999999999,10095.483250219935,10797.274022003136,81149.39925986843
000_3986,817,6756.589999999999,60878.15344820992,95922.38239175336,91509.6166137546
000_2742,816,6748.32,87960.36756089155,36480.42842850031,87090.09462124694
000_3812,814,6731.78,28022.39753052058,49413.43641546376,105580.2797335688
000_1431,811,6706.969999999999,70094.05926325524,111855.43658484895,56169.46807086159
000_3359,793,6558.11,69919.51184189785,57508.86805938682,41520.50108862705
000_983,786,6500.219999999999,52938.94463660941,63791.0776975986,101296.26015823791
000_1535,775,6409.25,35509.9475,43588.17786794355,110199.54521169356
000_2266,771,6376.17,40106.29751844196,71696.73229774644,95902.99150859274
000_3777,768,6351.36,56049.41502888998,50126.038416544594,34054.85865275065
000_304,754,6235.58,105892.05843832892,65262.3439209632,103352.34737649203
000_1062,752,6219.04,97368.53823138298,16590.22724297706,70593.9034034242
000_3767,752,6219.04,103075.57826005651,104255.4844892786,115126.95347822474
000_3649,751,6210.77,28536.215631761817,96019.80030792276,74187.53423560254
000_4247,748,6185.96,28627.20346705799,95426.5746678643,90148.62317220922
000_2004,745,6161.15,16028.544329383389,77932.2378670302,114173.04058305368
000_1696,743,6144.61,30744.7634563215,10137.598405429846,92977.59973292396
000_742,741,6128.07,45927.59791982962,731.003461503146,18473.92659043944
000_4225,737,6094.99,20707.66959061228,62776.43959358039,22186.689264967776
000_707,733,6061.91,45921.01444726296,4686.217408392309,7687.67137872506
000_1030,719,5946.13,24311.890263712623,82287.09698800417,110988.26311500349
000_3869,712,5888.24,79517.51066537922,58701.65632680829,60694.899721295646
000_2019,708,5855.16,29088.31040066649,57624.84429069562,11920.766052590923
000_3866,702,5805.54,15715.72619941907,77760.0640357906,99642.16784633193
000_3006,702,5805.54,26121.087281316773,90053.8451522436,95926.12473290598
000_3109,694,5739.38,110487.2915278278,73779.65810743877,71519.97409717219
000_4113,690,5706.299999999999,13459.01125877491,7186.871703747735,84742.08461277174
000_3634,686,5673.219999999999,101622.57049471576,77611.64302797012,74234.49807534622
000_744,679,5615.33,103767.47530835788,11704.240106371964,90869.8160668262
000_3908,679,5615.33,28096.920080081003,91193.72870259572,61572.84359467047
000_3024,676,5590.52,26309.83858115292,52504.866725221895,104054.77899639423
000_3974,676,5590.52,19455.91515174279,99717.0531735392,40284.19866979475
000_2553,672,5557.44,86723.40900530134,75538.29999069941,79504.216796875
000_3163,672,5557.44,78347.04232933407,57010.7431001209,49460.95361909412
000_865,665,5499.549999999999,61354.281150140974,110296.45479323308,113998.04150610902
000_2423,664,5491.28,99338.66106221762,111025.26953125,83264.98949312877
000_2546,664,5491.28,9777.833212243506,56427.62364693148,6819.65430128718
000_3655,660,5458.2,68606.63905066288,88225.66174242424,14637.6713112571
000_2633,659,5449.929999999999,89538.35343560319,22847.27423179059,21847.0926208033
000_2737,658,5441.66,106742.36757931233,55160.83184128039,60954.61547183701
000_4033,656,5425.12,50772.491532488566,47042.61704458841,24870.59978503716
000_3119,655,5416.849999999999,8595.567894203245,116306.46716364504,42849.39147781488
000_2014,654,5408.58,32216.71433904339,117671.0213231078,42769.480038704125
000_3367,652,5392.04,28167.9946139283,101066.50422977375,92093.88764139188
000_3718,651,5383.77,71406.7360671083,98461.93502784178,87417.90098166282
000_1678,651,5383.77,65532.03814444124,71845.10858294931,40553.53961453533
000_2142,647,5350.69,76160.10881955178,62147.41583751932,22066.06656020576
000_1675,646,5342.42,1717.502043071546,52522.9907785894,52609.15115857198
000_4053,639,5284.53,15472.20787332502,60150.13629083529,14547.493258815042
000_2740,634,5243.179999999999,109696.38552346214,50443.21599590891,87626.77087440851
000_3646,634,5243.179999999999,28210.14533221609,119313.76186662068,34986.73746796136
000_3879,634,5243.179999999999,31031.9354513752,46544.5612615832,113660.2916502366
000_3785,631,5218.37,14982.063383703942,82681.00731725436,89284.17435122821
000_1676,626,5177.02,690.573077911767,50127.09687000799,52205.33271765176
000_2515,624,5160.48,81612.38998647836,98047.23111979169,80456.79513471555
000_2692,623,5152.21,69228.22989817416,94264.00716041333,85387.70301213884
000_3658,621,5135.67,75091.14197111514,107956.05670038244,83899.68148651368
000_2776,616,5094.32,105290.588233056,28696.300045657463,95422.1543856534
000_419,614,5077.78,90418.26535779724,92815.62539444218,40368.98637902077
000_3204,612,5061.24,90076.7789649714,36529.830269607846,66335.43809997957
000_2273,612,5061.24,108991.7156862745,103716.42574295343,112866.48871527778
000_3834,611,5052.969999999999,104294.31802373158,97487.85314801557,85027.51682692308
000_3275,607,5019.889999999999,104372.11266989291,36578.03320634267,57706.6894949547
000_3917,606,5011.62,58464.11589830858,101893.26469678218,46324.670862984734
000_3877,600,4962.0,39463.5003125,94874.120703125,87456.97205729167
000_1374,598,4945.46,75793.62720788043,109744.88807744563,31416.490247439386
000_2889,593,4904.11,72822.3975679806,35157.62606713744,20159.917589982084
000_1885,593,4904.11,16679.434552197512,24935.673782014124,91035.5589033516
000_1412,588,4862.759999999999,59425.8916746386,98213.85356877126,45180.33498751063
000_3203,582,4813.139999999999,104737.16396853524,57435.726408129296,62604.09238751074
000_1942,578,4780.06,37552.48626054282,12648.981511205126,67501.26789576125
000_3013,577,4771.79,95529.04703747832,38505.892405491766,69324.85498808492
000_3969,577,4771.79,103427.09786611784,75671.9572952773,73330.31197194541
000_3361,576,4763.52,106450.72612847222,24394.354637993707,99894.04709201388
000_1684,576,4763.52,70654.45604112413,5042.208623250325,38148.58208550347
000_2064,574,4746.98,14054.742554986931,73840.01791158537,106521.63810703396
000_1440,572,4730.44,65215.12961647727,90138.48229895104,22328.879384287586
000_3645,572,4730.44,28697.532305097247,117180.96980168267,35603.34570995411
000_3731,570,4713.9,94974.22648026315,63483.649396929824,82617.87399945175
000_3896,569,4705.63,66604.94734457381,53234.941639663884,32672.65315383348
000_883,569,4705.63,31382.275181239016,14690.785805003296,1934.1033066680852
000_1361,568,4697.36,39399.80384160431,76987.94832471391,35817.44499614877
000_1592,567,4689.09,70980.66160989858,5235.121658675044,90503.9419367284
000_1801,567,4689.09,50526.13716655644,2087.4649352489114,8888.246829185957
000_4044,567,4689.09,14318.488777281746,6559.050717523699,85777.15226796737
000_3734,564,4664.28,1288.43539688435,94800.1544908023,89390.12741023937
000_3670,563,4656.009999999999,22771.71241535302,89301.24256216697,90201.92541352133
000_226,560,4631.2,84208.39229910714,105342.59927455358,71156.34361049107
000_715,559,4622.929999999999,84018.28340228085,89018.13372093023,7241.536668262242
000_4151,557,4606.389999999999,96344.6033858842,41883.00011220826,93095.75085558798
000_3246,557,4606.389999999999,2148.6824997194794,56437.094584548926,87163.61048305656
000_3565,556,4598.12,96886.39114489658,22385.94352447729,11384.684096082508
000_3698,555,4589.849999999999,32219.966835585587,44909.71596987613,113296.22432432431
000_4036,555,4589.849999999999,9105.511766258443,80930.39838119369,87607.80679898648
000_3705,552,4565.04,14687.416013855864,99610.53358525816,56871.66446586277
000_2463,551,4556.77,107995.28877892467,95107.83412261796,82631.53295145191
000_2348,543,4490.61,93663.70488029468,90637.5063305709,81054.90662407919
000_2592,543,4490.61,44276.58398077809,15785.952871417472,56549.82826168278
000_2018,542,4482.34,17791.711924873154,78785.10251383764,111618.9848218404
000_3905,538,4449.26,66747.55175418216,89022.83959688662,15302.067624230369
000_3966,534,4416.179999999999,5913.053484170178,74730.34009246255,88355.13156893727
000_3559,534,4416.179999999999,21270.300865373363,87830.49170470505,65834.48136118914
000_3737,531,4391.37,8265.01867606815,12810.123331935616,81414.57271068738
000_2817,531,4391.37,8256.964335238641,74045.66891772598,102850.31583980696
000_2441,529,4374.83,5895.357745857456,58373.43956019612,11603.9393811289
000_3916,528,4366.56,16911.970965761127,86212.37924656723,21842.42898467093
000_3963,524,4333.48,1158.7270521790017,70829.30668535305,71170.4896230916
000_2852,524,4333.48,101683.9621898855,26803.92030951813,50168.21939855677
000_2524,522,4316.94,10100.071637033046,59289.70984494732,15514.363502005508
000_3999,522,4316.94,19099.896570432236,63308.4279738386,26428.82895563937
000_3867,522,4316.94,18779.25026939655,3773.898896783705,88215.28350993774
000_2071,522,4316.94,103463.91169779694,24795.58188906849,11674.969799524066
000_2153,520,4300.4,19679.47157451923,115192.81149338942,78351.10775240384
000_1638,519,4292.13,69187.6885085501,88507.89812138729,5631.755680620785
000_1178,517,4275.59,68361.12200797872,44432.97402381528,102253.17326523212
000_139,517,4275.59,110918.17303856384,74459.95838370406,21893.69995919971
000_3956,515,4259.05,2352.291632376365,83879.63563410194,83606.04208131068
000_1717,515,4259.05,64519.52644872573,11955.460243476942,93603.1401243932
000_1612,511,4225.969999999999,97252.0166646282,19404.570530363257,72387.08232937867
000_3106,511,4225.969999999999,9086.089329669154,71087.14105308219,87886.38154354207
000_2666,508,4201.16,9026.822803887797,45927.05280358022,98715.17667322834
000_3958,506,4184.62,103848.04997838438,75795.44640872035,72042.45885313734
000_3117,504,4168.08,101255.91998387896,34506.19056144593,56813.40432787698
000_1990,501,4143.27,71865.9546375998,17163.883713042665,94086.48125623752
000_3070,501,4143.27,93742.97079278942,68922.63993887225,80288.29364708083
000_3635,499,4126.73,61542.47970159068,61503.99635207916,67165.90305611222
000_808,499,4126.73,80238.66465743988,3794.3122661338302,111186.73395227957
000_3443,498,4118.46,15522.6528163435,60085.901276982935,100093.05242846384
000_4208,491,4060.57,46852.83361443483,49546.36835698829,26349.106355810844
000_4066,491,4060.57,15764.922336430753,88862.12953475051,53549.575165478615
000_3657,488,4035.76,9158.32370045146,63767.637351114245,77424.89211385758
000_2325,487,4027.49,6520.759850848627,34594.176799923,65339.9419837654
000_3046,486,4019.22,13256.607494212964,78556.10757458847,61485.49567579733
000_2797,485,4010.95,62690.16608408505,95215.63748389175,51114.32716655928
000_1093,485,4010.95,42828.2082876933,72988.34181701031,95955.46527061856
000_1970,484,4002.68,84850.63286092458,6403.167502663352,14510.411717942923
000_3755,484,4002.68,20264.42274260718,54979.00688436209,104768.14884103824
000_1935,483,3994.41,49510.73396253882,11771.562287703804,81523.7854393116
000_1686,482,3986.14,53761.27400479772,34900.89238362292,113416.74252787862
000_2953,482,3986.14,91623.34198327284,59313.31335094658,60306.019709543565
000_1420,482,3986.14,62178.43139749741,92514.5445247666,28828.283361157937
000_515,476,3936.52,73446.38287815126,29427.223325072217,36683.478129923846
000_564,474,3919.98,12675.331852007515,15114.73903324433,27446.63833811313
000_3929,474,3919.98,8953.7013305149,17342.413250758174,84776.09493670886
000_207,472,3903.44,43362.63739737818,70727.91535354873,90487.02967756886
000_3924,471,3895.17,22899.53858976911,85285.09688495223,98714.67219015391
000_2960,470,3886.9,97033.2047706117,37433.42619680851,80528.36409574468
000_2119,469,3878.63,58533.65394289712,104727.30433768655,76432.3568097015
000_2182,469,3878.63,112170.42114205756,115277.32619269723,74543.28383195629
000_2011,469,3878.63,18851.40947328092,72932.98259261728,113786.69213086354
000_1048,468,3870.36,89016.45272435897,29124.867462940707,75772.08757345086
000_3693,467,3862.09,8026.381206504283,73874.11850910065,97264.98427462528
000_867,466,3853.82,42272.10778232296,5584.616422595896,32812.14434264351
000_2352,462,3820.74,82996.23904220779,62923.91754599567,39407.71123342803
000_3688,460,3804.2,21186.31865234375,94029.78885869564,66406.54055706522
000_1950,460,3804.2,41377.715862771736,37110.46176970108,112994.16375679348
000_3521,459,3795.93,14951.994221473313,82321.58302696078,59413.8326439951
000_3750,456,3771.12,80171.10884388706,41828.42238898026,68181.04000479715
000_3846,454,3754.58,40424.05365501101,97698.5856965859,60720.42305375826
000_1577,454,3754.58,53118.57540611234,20355.6687043984,17708.33452212968
000_929,453,3746.31,56473.83736030629,61382.97194915839,110103.66037182671
000_1171,452,3738.04,71995.78002281526,43803.731678650445,99817.224194552
000_2439,452,3738.04,19252.07483666344,78307.0141039823,2116.156609729328
000_3309,451,3729.77,59142.66921597838,52223.60558134701,33722.03504365299
000_511,447,3696.69,72951.00550545302,407.9958476145529,40888.30550894854
000_3686,445,3680.15,14956.202080407304,96291.06616924156,51232.04050210674
000_3815,445,3680.15,10433.618023613062,108149.88353230336,46307.5884568118
000_2709,445,3680.15,83419.09480337078,35025.17764220505,87486.47273525281
000_2541,444,3671.88,82311.61023719031,73895.00434614302,78354.23495565879
000_192,438,3622.26,49515.11703588756,117090.8566994863,69640.79830194064
000_2157,438,3622.26,8782.695068359375,52297.25389733162,56237.21596746575
000_2607,437,3613.99,26095.506619171912,107593.473201516,36103.8785576373
000_1501,436,3605.72,42670.89710256594,92536.51037485665,109439.42372061351
000_86,434,3589.18,53987.41919282834,9837.080820672523,46597.55635260657
000_2218,433,3580.91,104128.69969688222,108161.71441974596,96206.07567118938
000_2300,432,3572.64,101733.25464771411,90763.64637586806,81170.2638708044
000_3002,431,3564.37,85981.80921911253,44400.18530669954,93356.36706061484
000_3098,431,3564.37,14089.613573539007,99550.89283642692,66477.01885150812
000_3739,431,3564.37,57374.25333526682,100565.24728103248,46554.961000942574
000_1533,428,3539.56,29503.749575606016,37652.441670925815,109626.83405738902
000_3394,427,3531.29,18655.012638136708,80965.33491290984,19469.45285513027
000_3884,421,3481.67,70519.54860080166,27070.133972312942,93338.46973352136
000_1152,419,3465.13,76534.72027893795,41028.5147673031,105350.41829504773
000_1203,418,3456.86,51967.00364458732,51505.89507326555,82910.1868458433
000_3651,415,3432.05,1443.0981099691735,45067.410805722895,72532.47889683735
000_3475,414,3423.78,14929.412819387831,76869.2462258454,43984.94331219807
000_782,414,3423.78,86681.55444217996,46927.79637492452,76370.56042421497
000_1647,413,3415.51,67740.3749432506,85104.62341101695,51169.73663551756
000_107,412,3407.24,63081.23299074636,3755.27540840223,56401.76148172027
000_706,411,3398.97,30476.797687614053,18166.33980573297,1315.1864823018836
000_1669,411,3398.97,35032.05039157542,41554.33776231752,112551.10511709246
000_690,411,3398.97,21435.56809800791,2787.682528679098,33204.3586526764
000_1080,410,3390.7,56066.16469131097,85999.1582507622,91452.0808117378
000_3936,408,3374.16,11508.807969037223,7674.940233417586,85237.19393382352
000_3729,408,3374.16,25296.94308651195,67899.81294041054,96811.51491651348
000_2268,405,3349.35,64369.8825617284,33665.457320601854,95095.12839506172
000_3286,405,3349.35,58495.56904899691,53102.712934027775,42832.56766010803
000_3753,403,3332.81,75619.91743563896,51228.59388570099,64346.6074751861
000_2043,402,3324.54,65863.71739933146,80538.13549440299,50880.32438393968
000_3464,402,3324.54,93649.94270833331,77874.34973569652,77426.50998911691
000_3719,401,3316.27,564.2922110236494,84905.59435395885,85179.56246103492
000_862,400,3308.0,66866.565,96184.6752734375,110874.1087890625
000_3253,399,3299.73,104380.93697133458,35641.532473762534,67042.11248825188
000_1544,399,3299.73,40727.65752271303,42696.0508889411,109268.24892308898
000_3850,398,3291.46,29651.0055305826,84328.25512327261,70789.11359532035
000_1961,397,3283.19,47054.66043175378,12845.128714381295,48828.84328754723
000_181,397,3283.19,95351.92195371535,78324.99624134132,7892.423712511807
000_3748,394,3258.38,110810.56819083124,76683.374504283,68658.78396652918
000_3014,392,3241.84,100960.92928890306,47380.54342713648,77606.81995376275
000_2331,391,3233.57,70297.85190217392,116223.72520380437,88193.58883471867
000_2068,391,3233.57,83593.04587595908,58735.39001558504,86510.04967231458
000_2761,391,3233.57,66951.49506473786,101813.93720028772,98432.14316256394
000_596,389,3217.03,51071.0211781009,17124.326480659543,16292.025664263336
000_1693,388,3208.76,59838.91052875322,29650.359229019006,107160.13216817012
000_3572,387,3200.49,44980.71132105943,15131.450482982074,54291.21196705427
000_1483,386,3192.22,19880.275426044365,26795.66360710816,94998.35925356216
000_3788,385,3183.95,14681.28271864854,77656.92782061688,91524.09736201298
000_1472,384,3175.68,58580.3576558431,221.95958997282045,100104.7090657552
000_3673,384,3175.68,78772.41408284505,59291.77587890625,62221.26930745443
000_1614,384,3175.68,48491.00551350912,83090.18412272136,34450.869791666664
000_1994,382,3159.14,39097.23135839332,14807.290292150688,63958.51388661649
000_1971,381,3150.87,1493.6174117761648,41387.785012713255,78112.67663221784
000_2991,380,3142.6,23208.708372738485,88334.53458059211,87086.44148848685
000_1739,379,3134.33,71552.95164083113,21792.752633369066,95428.36349769129
000_3806,378,3126.06,19554.347904265876,79462.40081431878,89769.39027364418
000_854,378,3126.06,22866.081664393187,65217.03035094246,46011.13714244378
000_257,378,3126.06,26925.94803034061,70852.40027695106,113827.44305968916
000_574,376,3109.52,8624.767218407163,11685.01141487284,31798.932819772275
000_1332,376,3109.52,53763.53330701463,92363.02950465426,23231.41672726895
000_1335,376,3109.52,51918.54000789561,70975.68540142952,25387.604206491025
000_3617,375,3101.25,71132.11814583333,87543.52420833333,13935.386161458331
000_2056,375,3101.25,53971.238,31229.442588541668,111767.79433333334
000_1441,373,3084.71,64530.789628016086,90448.93825402144,24366.531763153485
000_1723,373,3084.71,61828.73242711126,1205.281740326664,92147.88287533513
000_3048,372,3076.44,86828.6491935484,59584.54150915659,6492.5526687458
000_2611,371,3068.17,85845.83987533693,114488.04624326146,83325.73902880728
000_2967,369,3051.63,18908.759935001694,62539.563145748645,15232.468683837227
000_3773,367,3035.09,21873.50943566928,91326.80885984332,45735.07300536445
000_2694,367,3035.09,10723.333257940223,23724.84682071696,85932.7681794959
000_1508,364,3010.28,29228.67687585852,42458.70851219093,107438.0896505838
000_773,364,3010.28,92860.31644917582,21589.17404811985,2717.245583335122
000_917,363,3002.01,56645.899384469696,73321.42150912534,84275.5054665978
000_3852,363,3002.01,85321.60584538568,42962.37662491392,65146.4651773416
000_1193,363,3002.01,82103.34521349863,42173.360903064735,96039.79190340907
000_3012,362,2993.74,70597.4336153315,36420.96739036602,89310.3414191989
000_3237,361,2985.47,79914.44509608726,45699.473998009,65038.18742425554
000_1655,361,2985.47,64144.92646295014,86785.46853358726,63546.42102016967
000_2137,361,2985.47,108023.54066395428,96567.83671658588,97758.15107773546
000_1936,360,2977.2,57417.950607638886,13708.380449761284,75252.88248697917
000_2978,359,2968.93,39453.65343184192,40181.08949556058,27406.59582825557
000_3901,357,2952.39,51747.61800814076,47743.367811186974,26981.15894717262
000_3978,356,2944.12,12145.0166893434,7497.547147943733,82631.22338044242
000_2442,355,2935.85,12314.353342319542,56353.30952904929,25874.313600352118
000_3140,354,2927.58,75099.27361405367,34644.50105932204,84959.32101871469
000_2738,354,2927.58,102034.48598605226,69128.33061882062,69698.85317355226
000_3998,352,2911.04,15855.345658735796,6394.668588811701,86288.85407049005
000_4236,350,2894.5,28354.388643973216,96734.73948660714,89625.64229910714
000_3552,349,2886.23,26135.92875850645,90012.71402668337,61621.098003223495
000_2427,349,2886.23,64837.5698088288,85821.42243463467,80828.97499552292
000_197,348,2877.96,104123.57980872843,84682.60165229885,114529.00157147988
000_1447,347,2869.69,61975.469988292505,52688.49101675072,16179.294125427774
000_3260,347,2869.69,39311.142133465415,93591.20175162105,83325.46026206772
000_1496,346,2861.42,62648.33920023483,73642.27526643786,80836.03332731214
000_2987,345,2853.15,21466.84110054348,98615.66890851448,62705.21845561594
000_1984,345,2853.15,46702.0239696558,9950.938046308876,80775.70647644928
000_2906,345,2853.15,8761.00740772192,63875.33652626812,79774.66700634058
000_3622,343,2836.61,53487.821975218656,46730.28982552842,21699.15922808856
000_907,343,2836.61,109691.30580357143,19677.90889212828,101986.0365114796
000_2965,343,2836.61,22879.630062181124,61819.586438593295,17669.47156864978
000_1303,343,2836.61,49366.29469979956,88793.50840470116,27892.793270544826
000_1943,342,2828.34,45982.97979486477,20769.303705226608,56751.985974049705
000_2061,342,2828.34,104925.70346765353,28006.05548702485,13424.9420344481
000_2335,340,2811.8,99321.44940257352,109459.3659007353,90150.79708180147
000_119,340,2811.8,81831.18984375,16181.74888269761,42383.52627527573
000_761,338,2795.26,20347.407157220783,2872.941324629022,861.6168871095194
000_2992,338,2795.26,23476.04870099852,86209.48867418639,88225.23906712278
000_2223,338,2795.26,85537.8949704142,13315.567143005732,46181.8311529216
000_4064,338,2795.26,20935.489945451183,61664.05995747042,18556.262972679364
000_1594,336,2778.72,11641.218436104911,105496.4730747768,81129.07775297618
000_3790,332,2745.64,87373.09022025602,94673.59050263556,79382.55967620482
000_2836,332,2745.64,21874.264018966493,62992.61436370482,13073.537827089607
000_3813,329,2720.83,861.9627311729732,84486.47589760639,95006.25733757598
000_4165,328,2712.56,105216.1337652439,40772.31515577363,66287.98840034299
000_3830,327,2704.29,3315.5386682912845,56791.40998900994,88864.08863723242
000_3697,327,2704.29,53906.88318281728,49412.12872706422,31802.437559728594
000_2236,326,2696.02,87460.10788918711,441.6311205969266,47093.17046108129
000_2695,325,2687.75,24191.164110576923,60617.62264423077,21702.401808894232
000_509,325,2687.75,83424.24627403847,66577.12661057692,50114.3125
000_2549,325,2687.75,1331.3651631047176,63436.600805288464,85068.57129807692
000_1489,323,2671.21,53558.42495888158,78378.88223200465,32686.252515479875
000_2975,323,2671.21,71529.76383513933,95497.1711251935,89485.28618421052
000_1783,322,2662.94,79961.34253687889,68407.9868740295,84030.45305221273
000_1424,322,2662.94,64674.30879998059,105531.90338703417,43702.344611316
000_2230,321,2654.67,65517.119937694704,29975.37006546924,2326.7677211107866
000_442,321,2654.67,100730.85871787384,69672.23169781931,106708.83642426012
000_1089,321,2654.67,30068.42009224104,75685.97573500779,102609.13463785048
000_2867,321,2654.67,1100.8222926249755,67668.3425817757,73233.86575155763
000_1085,320,2646.4,88736.0416015625,92645.49982910157,103641.82810058592
000_4238,320,2646.4,26735.469207763672,93544.84323730468,90998.54135742188
000_1890,318,2629.86,44667.09004029088,19878.613318101416,64333.027564858494
000_3721,317,2621.59,107777.43106762618,88269.67448738171,78939.27190950315
000_2670,316,2613.32,6585.833451283129,55327.63451839399,77377.28327729431
000_4052,316,2613.32,15573.174035180971,59504.56203026108,14551.98351587223
000_1875,313,2588.51,62866.0880091853,15980.196962984226,93452.69009584664
000_44,313,2588.51,80355.75052416134,33528.92732253394,48526.314821285945
000_2174,312,2580.24,1603.8209670629258,32344.387914413062,71806.26034154647
000_2770,311,2571.97,100695.92865755627,21020.67806094253,50382.73010450161
000_1907,311,2571.97,19210.41487891881,118383.70508440514,63428.36776527331
000_1395,309,2555.43,104729.7754854369,46383.75050566343,105164.14300161813
000_559,309,2555.43,9645.462596708132,19817.846904075646,28927.96186033576
000_3582,308,2547.16,65262.85577313312,88100.02201704546,80827.6580762987
000_2402,307,2538.89,94207.187932614,60748.92892406352,84775.15156758958
000_1877,307,2538.89,2107.636986350392,108900.39617263844,29519.485711013844
000_1025,307,2538.89,62642.90680985342,71681.26043363192,97283.19404010588
000_2952,307,2538.89,96248.83293464984,28772.884142151877,52846.06062958062
000_1554,306,2530.62,79830.7674632353,51569.46079707925,76593.32123161765
000_552,306,2530.62,45009.328022875816,15838.675564236111,17356.915804993874
000_3789,306,2530.62,14652.711100260416,78569.4005055147,92390.88687193628
000_3456,304,2514.08,56349.90855006168,100403.76752672698,47509.28452662418
000_2377,304,2514.08,72748.04949629934,58161.53559313322,31174.05533640008
000_3373,304,2514.08,12883.795072856705,77902.49272717927,34542.98504317434
000_1188,303,2505.81,80959.0205239274,42989.22889593647,89952.83464830858
000_4240,303,2505.81,28566.732769956685,96426.41576423268,90394.193662335
000_518,302,2497.54,56113.33565293874,117448.86154801324,44472.20012417219
000_3242,302,2497.54,13274.034208790355,93521.38457160596,42129.27222164735
000_1883,302,2497.54,69104.8442673841,20942.669449762005,5411.83657129553
000_3115,301,2489.27,96340.22391507476,37175.60771387044,66664.99047446014
000_3291,301,2489.27,26557.619393687703,95657.46978820598,70263.16494497508
000_239,300,2481.0,75525.05432291667,103441.57614583331,67610.95213541666
000_3824,300,2481.0,3483.7048461914064,62364.30415364583,55304.11734375
000_35,300,2481.0,86890.73296875,36866.46072916667,56596.578802083335
000_732,298,2464.46,42650.3519295302,4162.62322383599,26092.09640441485
000_2185,298,2464.46,94495.15095427852,733.9935148034319,50715.510499685406
000_1067,297,2456.19,81211.43365951178,38536.5512678872,66947.02317445286
000_2769,297,2456.19,96893.91890256734,22580.2092276936,32350.41890914352
000_3419,297,2456.19,57132.326020622895,43576.83513520623,17506.996323916246
000_1479,296,2447.92,15110.39995843011,23209.08787742821,99176.75929054056
000_4249,295,2439.65,28107.20293299788,95335.95140360168,90995.45892478814
000_3624,295,2439.65,100140.41067266947,64705.013585805085,67554.25105932204
000_2752,295,2439.65,3370.852666512182,36897.06355932204,68823.92820444916
000_3020,294,2431.38,5464.02932344813,51080.6907684949,70282.58367878401
000_3436,294,2431.38,88799.09191645408,41438.78651147959,65107.63206845238
000_1531,293,2423.11,54543.78896917662,77338.03466296928,94170.7021917662
000_4132,293,2423.11,12906.668082071246,7819.151295528477,84123.22760238907
000_38,293,2423.11,94371.21144411265,8792.684903610281,4733.254874480055
000_752,292,2414.84,82467.43316566781,53861.59950235445,89402.69627568492
000_3679,292,2414.84,101777.79136344178,111726.0537510702,82687.7136130137
000_3937,292,2414.84,18660.79174470248,57041.65717305223,103157.12502675514
000_408,292,2414.84,112118.2245291096,81105.02161815068,95790.38955479451
000_4005,292,2414.84,15540.246317824272,90041.27672838185,54424.81409193065
000_1954,291,2406.57,8872.698560996563,40162.07114475945,74015.12593964777
000_2509,291,2406.57,4665.78995684332,19776.897954252578,70885.5726213488
000_750,291,2406.57,26868.98385819373,8531.830395256122,28100.89284659579
000_835,290,2398.3,5428.732770406788,6488.693281923492,23706.635237068964
000_3601,289,2390.03,41923.96223507785,95782.02581639274,88239.6610618512
000_2551,289,2390.03,27148.980320069204,111264.80795847753,31518.755366025085
000_1844,287,2373.49,49644.87904235628,801.9081233752314,76001.6112804878
000_2816,287,2373.49,5663.363391836346,70830.07798889372,97302.08667247387
000_2235,287,2373.49,86309.62777656794,629.3850359900073,45640.730672909405
000_346,285,2356.95,34259.91567982456,35890.56188322369,35608.46618695175
000_1820,285,2356.95,2875.708207408169,24120.12587033991,59012.65198739035
000_390,285,2356.95,87285.95186403509,48606.80320723685,77931.07565789473
000_3701,283,2340.41,8775.759910556537,19326.98463725707,84260.23451303004
000_3108,283,2340.41,95300.3413482774,74344.703097394,76136.33737301237
000_2118,283,2340.41,56957.80308635159,104744.89410335688,74504.55521201414
000_3151,281,2323.87,8869.704848754449,113090.87997664593,43851.54959964413
000_3297,281,2323.87,97091.028080516,838.4029352045568,49464.91652302046
000_3857,281,2323.87,98774.90394239324,27290.25886899466,51606.998943505336
000_3694,279,2307.33,73626.52422155018,55073.045796931,63647.26078068996
000_1436,279,2307.33,43422.58499943996,2104.26951593652,21471.78864247312
000_2058,278,2299.06,97706.6792097572,62872.70155125899,85525.90383318346
000_3671,278,2299.06,111145.46945256296,74275.1589197392,67844.26930642985
000_1356,278,2299.06,38887.648030013486,80227.51537207734,38912.20495166367
000_4217,278,2299.06,46276.76004665018,48918.81334307554,25806.71651584982
000_248,277,2290.79,86739.48663131769,81169.83224277978,106196.41665726536
000_2732,277,2290.79,156.46352283877155,75122.9119189982,72024.63574571299
000_1325,276,2282.52,53391.739413496376,66375.1358129529,14118.34912817029
000_3971,276,2282.52,16359.624911543253,86418.72911005435,24124.10008350317
000_839,275,2274.25,78454.94443181818,100466.4706534091,102756.55911931818
000_1486,275,2274.25,13352.174406960226,21536.968117897726,89486.04625
000_3853,275,2274.25,17293.94518465909,60525.533565340906,15868.350564630682
000_2583,275,2274.25,96593.9425,27894.23393465909,11507.2276953125
000_2305,275,2274.25,54681.75971590909,12371.264030539773,73326.1062215909
000_3888,273,2257.71,53232.39413060898,47827.79364125458,25701.248733688182
000_301,273,2257.71,104010.57909798536,61102.2448489011,102928.21854967948
000_2872,272,2249.44,26445.48490636489,108736.06649241727,92947.87109375
000_51,272,2249.44,91327.87161075367,2636.607196583467,9318.274324304915
000_2301,272,2249.44,27153.995907054228,115070.3013269761,30497.89463177849
000_2807,271,2241.17,18359.56652156365,67350.97301660516,25753.375252248617
000_3371,271,2241.17,72780.94176660516,58430.25063422509,41191.32936462177
000_2053,270,2232.9,26973.278125,110408.6339988426,80876.27905092592
000_616,270,2232.9,38182.39445891204,29223.91333188657,7293.319757306134
000_3885,269,2224.63,70290.07754414498,27995.56607951905,93206.93113963754
000_2827,269,2224.63,100495.70504182157,17580.005873896374,46731.03091600836
000_3870,268,2216.36,80558.45245452426,59086.43742712221,60754.617551888994
000_2567,268,2216.36,85457.33550023321,119138.87552472016,83492.22251049441
000_243,266,2199.82,85344.10828829887,83168.77564027255,105068.44375587406
000_3805,266,2199.82,19754.679459880168,78369.42369595864,90650.5116306391
000_3223,266,2199.82,23412.72337582237,98695.27191024437,73911.54628759398
000_311,265,2191.55,26479.51406987028,77966.6052476415,29100.60903596698
000_3435,265,2191.55,99332.22853773583,83314.77090212265,78905.79805424529
000_3861,264,2183.28,20142.54334605824,81080.48691998106,88366.71824692235
000_3392,263,2175.01,94688.11932628328,2261.26153309173,42873.77992811312
000_3113,263,2175.01,82074.71949263308,39151.46193262833,82330.02183341255
000_2187,263,2175.01,58990.19840185361,64213.14889793251,60255.615553707226
000_1097,261,2158.47,95435.5765086207,91319.39472581416,101694.98446479884
000_2100,260,2150.2,112203.651953125,106548.46911057692,84639.33506610576
000_3406,260,2150.2,9446.300078876202,82089.92569110577,43636.18538161058
000_2328,260,2150.2,26849.699654447115,64409.96808894231,96977.59657451924
000_2016,258,2133.66,24784.54626180959,66200.55965358527,99264.59699006785
000_4062,258,2133.66,4324.854198840238,80401.6480438469,90169.01026526163
000_3772,258,2133.66,67073.49224806202,88040.03545906008,80860.18886264534
000_4034,258,2133.66,11838.996127816134,77090.50305838179,45586.7062439438
000_4114,257,2125.39,96284.30866974709,39756.94753161479,89353.66536964981
000_3759,255,2108.85,27155.588618259804,106165.74077818629,92494.66902573527
000_3473,255,2108.85,31013.929802389703,89829.85263480392,63426.56617647059
000_1682,254,2100.58,60351.51216473917,19654.30601777805,101584.89496186023
000_2426,254,2100.58,10580.459557240403,7126.952675166092,78336.00193774606
000_3842,253,2092.31,16902.231696208004,3972.138397819911,87511.52680335968
000_3061,253,2092.31,41191.8221652668,76448.16548295454,67953.69370676877
000_882,253,2092.31,31484.981788846344,13440.058879384882,772.3079991397179
000_2691,253,2092.31,3227.231728052433,56187.69664031621,80538.28341156126
000_1753,252,2084.04,74477.97681051587,9667.675382099456,97822.23725818453
000_2751,251,2075.77,7466.617029927166,11146.012216757968,76703.58288720119
000_3703,251,2075.77,35009.26576506474,4888.396210081549,81945.49554905378
000_3041,250,2067.5,98625.56425,32154.8189375,74223.84446875
000_1333,250,2067.5,43984.83734375,80231.02075,34380.341078125
000_3823,250,2067.5,3261.054564453125,63976.11190625,55388.95021875
000_4244,250,2067.5,28065.4990625,96975.12734375,90898.18590625
000_3899,249,2059.23,23738.169513993475,89207.2795557229,62707.008345883536
000_409,249,2059.23,14505.18743332706,113480.78645833331,3466.750241199172
000_3134,248,2050.96,78415.58867817541,57028.68961063508,53782.28532951109
000_3075,248,2050.96,95345.24363659274,72074.61243069556,76947.9117313508
000_3881,248,2050.96,6854.995741321194,73349.6761592742,51808.99691280242
000_2851,248,2050.96,103110.77132686492,29497.171496975807,50670.00554435484
000_1169,247,2042.69,57340.078109185226,50190.43016194332,93688.70597165992
000_3695,247,2042.69,22756.062602796053,82368.94199139676,99995.6344888664
000_310,246,2034.42,31183.876095655487,82722.10248348577,33206.11892625762
000_3427,246,2034.42,98689.7848386687,84677.43994537601,77849.6226816565
000_3778,245,2026.15,9383.464349489795,75980.34390943877,97341.0619260204
000_806,245,2026.15,64394.385953443874,2914.225528140944,111045.28405612244
000_1072,245,2026.15,59358.38789859694,78047.27050382653,91534.1150510204
000_274,245,2026.15,5611.431973453444,15813.905301339286,107915.4299744898
000_2084,244,2017.88,23952.62899430072,114192.3868788422,76374.2858286373
000_764,244,2017.88,55229.03512423156,37353.92590932377,32670.104892418032
000_2753,244,2017.88,3719.779269859439,36448.62338306865,67444.11859631147
000_3569,244,2017.88,10460.11183241547,110389.11392161885,45542.82718045594
000_2585,243,2009.61,15056.212850437243,63330.34493955761,35978.748006687245
000_1158,243,2009.61,65459.87726658951,55221.89776234568,111634.87866512344
000_3274,243,2009.61,62185.93446180556,53543.25355259774,42530.75282921811
000_814,242,2001.34,95503.87128744836,42909.01275180785,101922.67652376032
000_3094,242,2001.34,97644.40237603306,34125.21687758264,69292.88968879133
000_3909,242,2001.34,62663.594282670456,93299.73489152892,51212.164256198346
000_1390,242,2001.34,60526.35475852273,96207.75506844008,38679.110553331615
000_4220,240,1984.8,5705.956087239583,81012.974609375,87110.98610026042
000_1238,240,1984.8,59592.36661783854,51049.33209635417,56421.8677734375
000_98,239,1976.53,105358.3226333682,94763.74104341005,6600.4944205184365
000_1039,239,1976.53,92924.3334205021,27751.21510525628,70478.03510721757
000_3959,238,1968.26,96951.57740283612,38850.80363707983,72983.20758928571
000_1264,238,1968.26,65302.32984834559,116804.66104254202,46899.17003676471
000_210,237,1959.99,99285.28260152951,104659.91521624471,115098.98997890296
000_2093,237,1959.99,4205.233288213673,1231.0736035053235,69438.93506065401
000_2222,237,1959.99,60164.60030986287,62867.82599881329,65665.20808610233
000_2049,237,1959.99,101794.61296809072,22197.430231408227,8491.183643196202
000_2513,237,1959.99,12686.947203817246,55089.64459717827,8882.073178319488
000_3016,236,1951.72,100900.28356726696,34398.78557004767,90035.87665519067
000_682,236,1951.72,82872.56382415254,92988.65909692796,11841.905455508477
000_3776,236,1951.72,56926.9873046875,50376.67096464513,35633.94412076271
000_2214,235,1943.45,64226.20417220745,109795.02476728724,75924.50013297872
000_3354,235,1943.45,10670.823304521276,85296.1609375,76408.1472074468
000_3122,235,1943.45,30118.48080119681,49460.19341755319,105542.19817154256
000_200,235,1943.45,110900.53364361702,95093.42021276597,11059.716896609045
000_2949,234,1935.18,2026.88768487914,100846.49652777778,41321.75238715278
000_2558,234,1935.18,108166.91042334402,77432.37086004273,75434.2095352564
000_1504,233,1926.91,10345.08530462044,19369.12778299356,92092.63978674891
000_2343,231,1910.37,7992.304266859443,16189.723611674784,83179.18154761905
000_277,231,1910.37,8856.345703125,15345.716978659362,104555.70708198052
000_3891,230,1902.1,73922.99853940218,53196.36908967391,63330.45859375
000_2152,229,1893.83,19109.25984238537,117376.21185862445,79766.02016239084
000_598,228,1885.56,70584.73526589913,8520.081245288515,39549.05854235197
000_411,228,1885.56,75976.11266447368,93155.30228892544,37820.38555372807
000_282,227,1877.29,11069.9785500413,11930.571899951818,109521.93054790748
000_2175,227,1877.29,24668.88307922632,104801.2964964207,86622.43268171806
000_7,227,1877.29,36741.980984994494,1394.67205192129,61409.05305272577
000_2503,227,1877.29,66605.67335490088,107109.08056855729,96944.90373761012
000_1767,227,1877.29,46157.14666506057,73362.1872935022,61272.784054928416
000_2448,226,1869.02,24158.65553270188,92496.85889103982,78241.4403346239
000_2037,226,1869.02,28923.36519116427,8998.749299986173,73733.85799225664
000_2111,226,1869.02,1949.8201256135924,6198.630708137444,68196.04760094026
000_1317,225,1860.75,19953.817204861112,46169.576631944445,78537.17618055556
000_2369,225,1860.75,69794.95763888888,109579.638125,77732.61357638889
000_3336,225,1860.75,62111.32638888889,46705.49022569445,30687.248602430554
000_2879,224,1852.48,37073.33079310826,98143.2860281808,99194.52598353794
000_1276,224,1852.48,38884.73414829799,26807.860116141183,102033.44601004464
000_3073,224,1852.48,92399.18104771206,80579.7668108259,78380.43816266741
000_3584,224,1852.48,71969.29038783482,54407.14875139509,63113.53156389509
000_3580,223,1844.21,16513.273910454034,59806.22614209641,9978.679534227858
000_1117,223,1844.21,46310.13142867153,92560.71790919284,81447.73998038117
000_2622,223,1844.21,2367.8342422006376,9805.571118273543,69204.45291479821
000_1055,223,1844.21,88707.13936378923,2809.540728787136,107953.83043721972
000_1417,223,1844.21,14993.898971762892,25987.2701793722,73104.90463845292
000_3724,222,1835.94,10233.05370213964,63094.21486134572,40930.27762528153
000_77,222,1835.94,72164.92708333333,15596.23562429617,46809.31383727478
000_307,222,1835.94,106137.72374718467,61960.64333474099,102491.57773789414
000_53,222,1835.94,94001.7658009572,1178.5056262317005,8477.263414537585
000_1888,222,1835.94,15726.114314998593,92496.65825591216,2816.2565362603814
000_463,222,1835.94,34651.567532376124,11066.2539502393,39712.779895129504
000_3132,221,1827.67,77440.08565469457,58192.495369061086,45098.59610082013
000_1671,221,1827.67,66446.82536764706,89211.74162188914,13173.014953337104
000_3503,220,1819.4,18430.476793323865,88398.83991477273,70234.091796875
000_2914,220,1819.4,30612.53369140625,98239.42702414772,96993.25784801136
000_4079,220,1819.4,96395.01029829546,39271.94515269886,88192.97144886364
000_2609,220,1819.4,33262.92052556818,114484.89261363636,53995.55752840909
000_3600,220,1819.4,435.57720488634976,56492.934499289775,86062.87347301136
000_1045,218,1802.86,87655.16864965597,12061.358980791283,24043.19877974484
000_3445,218,1802.86,56500.894495412846,103133.55196387616,78873.59973480504
000_1656,218,1802.86,62915.036697247706,86702.72093606651,56648.4096724484
000_2243,218,1802.86,97884.47090022935,108025.56798308488,85471.97874856651
000_1329,217,1794.59,52553.188148041474,70521.03096198157,22388.174503168204
000_3063,217,1794.59,4689.959065380184,114317.14544930877,40291.00102606567
000_3751,217,1794.59,30634.109933035717,95322.22987471198,102022.80720766127
000_3644,216,1786.32,21559.50623010706,86160.28696469907,67108.4581886574
000_1850,216,1786.32,74897.51895254629,79393.44411892361,97765.85091145831
000_2495,216,1786.32,23274.196569372107,57745.64019097222,15430.561062282986
000_2208,215,1778.05,5383.083116824128,20101.919867369183,72420.07939680232
000_4009,215,1778.05,30036.799781976744,82400.43430232558,105349.10337936046
000_1613,214,1769.78,47640.49151212033,81875.46035338785,33906.44133323598
000_1099,214,1769.78,55581.128139602806,93976.0883469626,77009.13912821261
000_1233,214,1769.78,73759.70903913552,71725.50211740655,30581.99749014311
000_1532,213,1761.51,30856.12908047242,24195.42951327758,100054.30839201878
000_1347,213,1761.51,47777.94437720071,85389.83953198357,35716.57526408451
000_3714,213,1761.51,12604.233361759096,63398.33214128521,36681.11792106808
000_3618,213,1761.51,37088.57401701878,98447.25902288732,62591.90360915493
000_2999,213,1761.51,103189.556594777,47625.369186473006,72157.42939407277
000_3250,212,1753.24,99303.65812942215,33326.39353626179,68910.07945165095
000_2507,212,1753.24,108254.64784787736,60055.59439489977,67468.60465801887
000_2880,212,1753.24,84798.45979510613,13264.61811799823,43962.65507075472
000_858,211,1744.9699999999998,70115.67679946682,104256.4567535545,113344.16687648105
000_242,209,1728.4299999999998,24718.16855749103,111437.53222188995,13384.200569116329
000_3817,208,1720.16,3775.749992957482,58983.561448317305,56589.471003605766
000_3488,208,1720.16,108676.03605769233,99215.15129206733,103358.58409705528
000_214,207,1711.89,46348.123905495166,110069.75954861112,112480.82167119563
000_3398,207,1711.89,3136.930778466561,90401.92240338164,46181.65615564614
000_195,207,1711.89,97752.82325634058,80538.592919686,11410.844410477051
000_3251,207,1711.89,100663.78313707728,33081.22226939916,69356.1116772343
000_2213,206,1703.62,62897.5631257585,107558.7502654733,76244.5945464199
000_3141,206,1703.62,71877.21177184465,33531.744159587375,88582.30434617719
000_1488,205,1695.35,52827.39277820122,79279.85834603659,31840.67299923781
000_15,205,1695.35,76669.48955792683,19916.998180259143,73104.59161585366
000_1649,205,1695.35,50391.71594893293,99908.68365091464,53007.66596798781
000_4195,205,1695.35,20284.356421493903,63527.61103277439,22101.47033155488
000_3479,205,1695.35,5940.180828410823,60541.38991996952,79661.47423780488
000_593,203,1678.81,1734.7417996411252,7218.201662561576,22484.556938885467
000_3699,203,1678.81,17287.285608451355,85361.07008158867,89716.13627616996
000_288,203,1678.81,104780.31380849754,115204.13292795568,114537.1059883005
000_1305,203,1678.81,67650.96574815271,71667.48583743842,38804.58320504926
000_420,203,1678.81,74065.93495997536,73870.33624538177,17762.230141625616
000_1957,202,1670.54,49050.86130878713,7932.803967164295,85305.8638227104
000_2362,202,1670.54,58577.6463490099,102687.37101639852,102595.64758663368
000_816,201,1662.27,61113.93406016791,116606.95736162936,86038.48367537314
000_525,201,1662.27,75914.56300528607,2106.144746239506,31040.111677938432
000_2824,201,1662.27,85808.86473880598,23005.7831545398,35018.58370258084
000_2996,200,1654.0,76415.558984375,39334.77587890625,71795.398359375
000_926,199,1645.73,19559.06070391017,68739.85364321608,40425.95632459171
000_618,199,1645.73,40065.00679177135,22778.600051036432,789.6921010999823
000_505,199,1645.73,42982.71541300252,117276.57859610552,38681.47289180276
000_1023,198,1637.4599999999998,24852.439512310608,84431.80863320707,113990.17203282828
000_1705,197,1629.1899999999998,37824.28491830584,37671.61028711929,112880.31856757616
000_3769,196,1620.9199999999998,8174.135520467953,19525.1905990912,82513.64756058673
000_889,196,1620.9199999999998,21659.81724330357,53401.64443160076,6480.516041035555
000_70,196,1620.9199999999998,57017.3974210778,12760.127859933036,47990.47393176021
000_1644,196,1620.9199999999998,38939.04655612245,73608.56361607143,75148.16964285714
000_3868,195,1612.65,19801.803645833334,3873.3886005108175,89038.52516025641
000_3825,194,1604.38,17800.248993234534,86121.50298002578,89104.07321198453
000_162,194,1604.38,89104.55754671391,102246.77178640464,25302.688526900773
000_2590,194,1604.38,43382.09264255799,96481.13232925258,54432.189775289946
000_1368,194,1604.38,74756.10124033505,105280.97990496134,32444.66653914304
000_427,194,1604.38,58269.83227287371,33715.215769974224,38115.39575950387
000_3418,193,1596.11,28772.19913779145,99377.2318248057,87506.8128238342
000_2830,193,1596.11,63042.27013843912,58113.75696243523,72569.12253076425
000_2408,193,1596.11,77959.54100550518,65764.12601198186,28190.370496680694
000_3036,193,1596.11,93825.23482027202,39200.08437904793,76360.40422603628
000_3175,193,1596.11,101319.25756962436,39172.39754695596,67972.1020482513
000_733,192,1587.84,42042.49088541666,3147.058244069417,23139.988881429035
000_2777,192,1587.84,104734.72611490886,30322.20472208659,97506.1719563802
000_3557,192,1587.84,9108.13166809082,78914.07580566406,44251.701721191406
000_2194,191,1579.57,2931.8140824402813,25510.22166434882,65451.68165085078
000_2680,191,1579.57,88220.2495091623,35432.338759816754,81486.46605039267
000_1545,190,1571.3,32118.895805921053,43467.83996710526,114148.56356907896
000_3403,190,1571.3,4740.555635793586,81296.99888980263,46165.85080180921
000_2804,190,1571.3,98792.97865953948,42897.60201480263,95422.8331825658
000_4017,190,1571.3,12401.391683799342,83827.77750822369,52558.52627467105
000_3230,189,1563.03,40144.49919394841,97582.15443121691,84979.17427248677
000_3802,189,1563.03,2983.5392136346727,59322.734664351854,54918.9921875
000_1522,189,1563.03,25893.215794477517,29667.72078579696,99933.4164186508
000_3315,189,1563.03,11760.84230840774,84678.77256944444,58015.05071924603
000_460,188,1554.76,22227.578062666224,37965.75997340425,66940.71995511968
000_2216,188,1554.76,85188.9529587766,114494.6835106383,75601.82775099734
000_1625,188,1554.76,56413.82972490026,90585.2464261968,58278.84021775266
000_2041,188,1554.76,28404.061627327126,114873.81150265958,36124.7616356383
000_3101,188,1554.76,32191.56318567154,83489.18413397606,71356.32596409574
000_209,188,1554.76,161.12497421782066,28757.311107878988,2983.99545482879
000_2766,187,1546.49,107949.1007269385,90085.3366059492,82166.03943850267
000_149,186,1538.22,99882.13428259408,50529.72576444892,32064.747248823925
000_2925,186,1538.22,89386.60059643818,59607.44514448925,59828.1743531586
000_3995,186,1538.22,19797.850102906585,63909.803364415326,24916.724262852826
000_1509,186,1538.22,68263.15990423386,33253.9622920867,103853.41813676077
000_2217,185,1529.9499999999998,89622.80853040541,119406.36326013514,76202.01845439189
000_990,185,1529.9499999999998,92276.0735641892,24322.35415962838,81069.52994087838
000_3458,185,1529.9499999999998,35154.79434121621,100250.05232263514,64095.78788006757
000_555,185,1529.9499999999998,55998.49292652027,38606.5495777027,2150.6579886771538
000_3573,185,1529.9499999999998,70294.27271959459,56389.18190456081,68083.41275337838
000_891,185,1529.9499999999998,34009.71359797297,13493.439632601352,3061.3659997888512
000_3796,184,1521.6799999999998,4069.4277104916778,59077.10101052989,54666.77280061141
000_3245,184,1521.6799999999998,4293.803680419922,79187.34375,55082.968856148094
000_2129,183,1513.41,9178.966193860995,23170.9844497097,74526.51024590163
000_726,183,1513.41,107162.72067110657,15702.938471226093,86858.59255464481
000_3083,183,1513.41,110574.02100409837,35484.667200307376,67117.0193818306
000_2357,183,1513.41,4551.380065584443,61286.34396345628,20417.89378415301
000_3417,183,1513.41,29510.28890240779,98073.5178022541,88872.46443818306
000_3770,183,1513.41,101769.39071038252,37992.47148224044,60121.71420338115
000_2386,183,1513.41,24133.794100068302,60695.70664702869,8745.432425076844
000_2250,183,1513.41,51727.71264515027,57654.63863985656,69778.67085040984
000_1816,182,1505.14,101592.51133241758,28081.12247810783,61118.47875171703
000_592,182,1505.14,8234.586460658482,3038.181561480512,22620.261944110574
000_2360,181,1496.87,8714.571218922652,70369.95057838398,46896.69790227901
000_2098,181,1496.87,88792.93650725138,58703.99195010359,86121.41212016574
000_381,180,1488.6,101459.76809895832,5242.2337890625,24006.376725260416
000_74,180,1488.6,54083.25614149305,12190.21968858507,48136.12868923611
000_1274,180,1488.6,1374.1677324083116,54325.30190972222,31453.314778645832
000_3672,180,1488.6,110330.71128472222,74661.57265625,68725.04105902778
000_1580,180,1488.6,79188.00243055556,7661.100187174479,90270.8984375
000_3121,180,1488.6,17815.721940104166,53875.07595486111,103905.60399305556
000_3500,179,1480.33,31839.22173969972,93979.89634252794,62270.39933222765
000_2143,179,1480.33,7155.743319548708,11069.771533475909,74617.34545216481
000_2040,179,1480.33,14392.444745111732,72131.58960370111,109526.29019727654
000_1175,179,1480.33,81978.09776536313,42316.00822712989,85674.90808310056
000_696,179,1480.33,95380.5356581704,17330.903260300278,83837.06795565643
000_1401,178,1472.06,109668.07593047751,44520.89984199438,102517.6841204354
000_1360,178,1472.06,40003.73222436798,76362.36341292135,32855.54302361306
000_1901,178,1472.06,66174.80885709269,17921.318436183286,96276.71295646067
000_2478,177,1463.79,46159.3596177613,47740.9096707274,14629.706656073446
000_2936,177,1463.79,3873.224243853725,108476.771009887,56120.51511740819
000_3231,177,1463.79,68878.39190501413,57134.98219014831,66018.71252648305
000_2688,177,1463.79,82003.15060028249,53920.65042372881,50593.72007415255
000_2730,177,1463.79,14727.568911105223,50897.979144597455,103114.42218396893
000_3033,176,1455.52,95205.44753196022,6574.366674249823,40295.02778764205
000_2618,176,1455.52,102162.7567915483,26677.898970170456,42380.867076526985
000_1993,176,1455.52,15500.183227539062,68190.28773082387,115395.89670632104
000_3270,175,1447.25,12621.411579241072,89834.60901785715,40165.92267857143
000_1884,175,1447.25,15871.884994419644,25236.796495535717,89477.12410714285
000_1590,175,1447.25,108636.86330357144,14012.589620535717,51105.49629464286
000_58,175,1447.25,42659.97705357143,59534.77716517857,3999.991361607143
000_1282,175,1447.25,71332.67540178572,114441.29566964286,49962.07506696429
000_1648,175,1447.25,11088.623409598214,46106.67984375,41710.80227678571
000_578,174,1438.98,41820.02496408046,33662.6871408046,17207.418810614225
000_1631,174,1438.98,99183.87136314657,34788.843615301725,2969.7519026131467
000_4204,173,1430.71,28772.45869084176,95449.0800216763,92338.8724259393
000_3660,173,1430.71,89580.10350433526,43409.38963150289,93705.79276553469
000_3050,173,1430.71,66132.47854949422,42000.58008941474,47557.03576589596
000_3745,173,1430.71,18928.73635070448,98680.74467124278,41614.66851065752
000_1208,173,1430.71,64704.17975523844,51561.34097272399,80595.12387102601
000_2849,173,1430.71,94211.55369400288,21084.515004064306,32335.37046152457
000_1751,173,1430.71,41939.00530617774,8099.894398595557,9147.808198609104
000_1094,173,1430.71,35528.57351878613,66578.54723627168,96867.18926119944
000_474,173,1430.71,1343.1502611457956,118832.91781069365,104503.30604226878
000_478,172,1422.4399999999998,2840.7619912790697,16202.744946856832,22588.59248955305
000_272,172,1422.4399999999998,40386.742051235466,101828.55736736918,71990.4035247093
000_543,172,1422.4399999999998,5025.037066792333,17895.720021802324,32803.51427371003
000_3372,171,1414.1699999999998,75185.93535270468,58422.74143366228,41644.00370065789
000_1061,171,1414.1699999999998,97523.48825840645,16084.85364126462,66545.86165935673
000_87,170,1405.9,76425.42495404412,15379.889826516544,44829.87594209559
000_3219,170,1405.9,89503.00840992646,38763.2626148897,67084.08207720588
000_296,170,1405.9,52582.29846047794,115162.64462316176,72002.34917279411
000_3653,170,1405.9,80805.32555147058,42808.50016084559,66822.67532169117
000_1408,169,1397.63,66564.14695821005,89618.27094119822,30470.501144138318
000_3576,169,1397.63,46709.48365846893,54558.23361224112,33427.05094304734
000_1295,169,1397.63,62267.24937592456,81354.20090606509,19637.063655695267
000_1620,169,1397.63,43147.445936575445,91907.1145987426,70150.28499445267
000_1136,168,1389.36,34136.48005022322,71957.81454613095,97081.57877604169
000_3588,168,1389.36,42448.98869977678,45359.97581845238,28649.089308965773
000_500,168,1389.36,22789.82981073289,16117.773361932665,35358.59307570684
000_1081,168,1389.36,53438.38464936756,76553.99609375,91714.80366443453
000_271,168,1389.36,45423.018391927086,112006.5777064732,115280.19284784226
000_1251,167,1381.09,42586.71037612276,24525.219919535928,96541.86363211078
000_789,167,1381.09,70360.93497380239,14204.640870602543,107743.61559693114
000_602,167,1381.09,104077.47918226047,33356.90248409431,34247.454598615266
000_3513,167,1381.09,18636.762630988025,86810.13061377246,59886.3482877994
000_3215,167,1381.09,26232.967065868263,96293.2752151946,66548.0607223054
000_2650,167,1381.09,63941.5188997006,29488.769730071108,83452.11653255988
000_1949,167,1381.09,42539.92245976797,37020.06996163922,112517.75809318862
000_3004,167,1381.09,4870.115944868076,49529.98315868263,70466.19334767964
000_2090,166,1372.82,107244.6962067018,107775.10203313253,83243.1779932229
000_4219,166,1372.82,29752.01069512425,95760.64260165664,90190.69663027108
000_353,166,1372.82,13405.714308405495,4117.836678746235,1829.599967496941
000_2144,165,1364.55,1894.9815414891095,12771.553053977274,67718.06699810606
000_729,165,1364.55,50738.30662878788,1981.4141165068656,7309.813852391098
000_1196,165,1364.55,75196.85255681818,45002.31124526516,96148.0247159091
000_3792,165,1364.55,99666.55946969696,81856.98020833333,76560.62144886363
000_1243,165,1364.55,39607.58617424242,25106.982256155305,87591.06628787878
000_1795,164,1356.28,61128.04766101372,92935.15172446646,53930.94469321647
000_2951,164,1356.28,96913.76248094512,27638.523175495426,53053.58281726372
000_332,164,1356.28,4881.013853491806,31607.02852277058,94621.75352515244
000_1937,164,1356.28,28094.478980087653,5885.830771841654,85260.39534108232
000_532,164,1356.28,72229.39600800305,50543.56771627287,45687.71903582317
000_1609,164,1356.28,7021.987858469894,107294.57202743902,82420.96827362805
000_60,164,1356.28,43361.85122903963,51041.91568216463,4941.921130668827
000_2234,164,1356.28,103807.14334032012,108403.0419207317,97326.92449504574
000_3487,163,1348.01,108604.24841832822,99669.43251533742,104195.43601418711
000_3844,163,1348.01,2883.166695624041,58291.54220187884,54861.15754409509
000_3313,162,1339.74,7276.916681737076,80308.98582175926,76918.70114776235
000_331,162,1339.74,5760.265215084876,31963.98108362269,92289.67737268518
000_3839,162,1339.74,11279.708592544368,8454.80763527199,80396.1378761574
000_266,162,1339.74,24470.655261381173,106021.99898726853,4972.670346860533
000_3222,162,1339.74,2371.654085135754,59327.90017361111,12077.019374517748
000_938,162,1339.74,110076.4252507716,11882.67212818287,108158.36434220678
000_879,161,1331.47,7457.452833850932,76125.12480590062,13951.341572447593
000_3615,161,1331.47,3086.5617797093364,57478.088994565216,59239.90438179348
000_2013,161,1331.47,33148.212939149846,116394.36257763975,47515.854619565216
000_2256,160,1323.1999999999998,2248.1547409057616,50713.46926269531,66157.90317382812
000_4018,160,1323.1999999999998,92598.6556640625,42885.08151855469,92752.92475585938
000_3040,160,1323.1999999999998,106630.97934570312,47180.7732421875,77886.657421875
000_3967,160,1323.1999999999998,19787.688903808597,89511.09467773438,53061.57778320312
000_1005,160,1323.1999999999998,37579.24411621094,104775.5611328125,82409.11240234374
000_535,160,1323.1999999999998,74618.64028320313,722.8379037857055,33791.40415039063
000_2254,159,1314.9299999999998,8013.692035795007,33346.44845715409,72147.0273191824
000_424,159,1314.9299999999998,87458.64858490566,92451.94128341194,38352.43012971698
000_3632,159,1314.9299999999998,14861.550547857703,83008.44585298742,66203.7573211478
000_3579,159,1314.9299999999998,16153.55766632272,59589.76405267296,8901.924110652515
000_1112,159,1314.9299999999998,104999.38713639935,1754.6398488170696,30835.294000589623
000_1511,159,1314.9299999999998,29412.630994496856,52589.4016067217,113341.2538816824
000_3585,159,1314.9299999999998,16611.145176149763,97193.3869889937,64178.66811615566
000_3742,158,1306.66,76556.51819620254,79499.89319620254,76777.59800237342
000_2814,158,1306.66,12779.037517306171,68147.86881922468,75539.72483188291
000_2931,158,1306.66,93623.58697587025,33040.9178945807,66673.91065071203
000_748,158,1306.66,91924.31784018988,11416.94668463212,89103.83737143988
000_1835,158,1306.66,63720.63733682753,20580.067283920096,95959.0938983386
000_2304,158,1306.66,4423.563720703125,104183.28881526898,35956.05790150316
000_2359,157,1298.39,8367.87366577926,67980.77682125797,47486.07324840764
000_2913,157,1298.39,28852.366403761946,97166.45874800957,96285.61992436304
000_958,157,1298.39,85349.9013236465,1537.1973721449542,21498.795307523884
000_28,157,1298.39,81878.40391122611,22031.712355692674,44196.8487758758
000_2421,157,1298.39,83401.87783638535,112749.25965366242,80948.8081210191
000_3578,156,1290.12,63792.26943108974,84695.58423477564,80940.38341346153
000_3127,156,1290.12,108438.48212139423,54956.24328926282,59443.38118489584
000_1923,156,1290.12,2015.7481963328823,103541.99654447116,41279.83117988782
000_3836,156,1290.12,17902.947353265223,56456.41150841346,104039.45387620192
000_2277,156,1290.12,6160.228371644632,14277.536909054486,78532.0234375
000_1814,155,1281.85,103283.35030241936,24454.71984627016,58117.08059475807
000_887,155,1281.85,68043.29349798388,111448.07353830645,114641.86849798389
000_2744,155,1281.85,106771.97515120968,28773.82638608871,105616.1527217742
000_359,154,1273.58,1624.0111282150467,109939.85333806818,100891.68252840907
000_2679,154,1273.58,90668.58822037338,37741.15099939123,80387.45743709416
000_3030,154,1273.58,56868.23237114448,95026.24162946428,91055.20358157468
000_231,154,1273.58,8949.83591213474,94932.45058847402,50383.79507406656
000_1828,154,1273.58,16727.42133598823,19790.38846895292,65999.22400060877
000_2299,153,1265.31,88687.02869689543,92836.01445057188,81437.26919934641
000_1051,153,1265.31,39101.75487642974,74474.34900939543,97916.67948325165
000_363,153,1265.31,6615.194639118668,112913.0210375817,106691.07000612744
000_4,153,1265.31,25581.38899101307,86416.34094158496,8828.338104447508
000_358,153,1265.31,8069.251579733456,107492.23784722222,102503.38322099674
000_3021,153,1265.31,5120.391770705678,50871.828865400326,71614.84145220589
000_3329,153,1265.31,11646.83238230188,88081.19960171569,73611.5126633987
000_2877,153,1265.31,34905.365272671566,99594.47794117648,99646.67478553922
000_3285,153,1265.31,97777.65538194444,7087.408145680147,42899.22929432189
000_3668,153,1265.31,99461.50148080064,47007.908037173205,82602.305249183
000_3631,152,1257.04,10444.15806820518,79063.35983758223,41933.07586348684
000_3232,152,1257.04,69858.23869243421,56554.88103926809,65443.47525185033
000_3726,152,1257.04,4843.158463327508,64311.01184724506,55685.15121299342
000_2452,152,1257.04,76643.5124897204,42097.72473787006,84353.19048108552
000_3051,152,1257.04,74946.15923108552,36717.3502004523,76528.36924342105
000_3472,152,1257.04,13047.260896381578,75135.89134457237,42560.58213404605
000_398,151,1248.77,97517.7544495033,82709.43910389073,47520.16186361755
000_1960,151,1248.77,101722.39026283112,44597.90663803808,99830.30060016556
000_475,151,1248.77,77935.93625827815,26405.64207367549,33552.29501241722
000_34,151,1248.77,78576.43599958609,28535.998991100994,52477.35771937086
000_2089,151,1248.77,59967.20483236755,55757.01518522351,77839.50563948676
000_2563,151,1248.77,17313.996442984273,65142.41724441225,34854.38441639073
000_3794,150,1240.5,619.6118829345703,60505.23588541667,86309.26609375
000_1777,150,1240.5,67678.19848958333,22206.405247395836,97387.54921875
000_1198,150,1240.5,78445.27817708334,44287.98942708333,93519.93869791667
000_1831,150,1240.5,88764.31692708333,59700.47171875,3111.71673828125
000_1569,149,1232.23,67109.79582634228,115604.10879823826,101217.05106963088
000_1716,149,1232.23,59676.12193267617,3326.404752385696,93668.9348783557
000_676,149,1232.23,28886.66220113255,13640.424942323823,6134.4287273227765
000_2870,149,1232.23,10493.406676017195,72074.8467386745,91530.34542785234
000_1618,149,1232.23,40576.85982067953,86790.63711199665,62505.906485947984
000_4059,149,1232.23,3042.596704265415,80401.77663590603,90009.45123741611
000_2079,149,1232.23,56902.70600880872,54790.11831480705,80285.90929110738
000_2334,148,1223.96,102902.2760768581,116060.5325168919,80472.84338048987
000_114,148,1223.96,69886.17203336148,7543.152993691934,53103.67918602196
000_2069,148,1223.96,83462.24593538852,56780.66548775338,87900.50095016892
000_2964,148,1223.96,99887.16137035472,41768.96391997466,91021.25073902028
000_3469,147,1215.6899999999998,53359.98798894558,96709.0400722789,96665.53151573129
000_3925,147,1215.6899999999998,16281.869519292091,87224.02604166667,23167.95268654337
000_1665,147,1215.6899999999998,64939.960352891154,95046.13509778913,54131.59948979592
000_802,147,1215.6899999999998,83647.90412414966,3953.133146324936,107662.8046875
000_2993,147,1215.6899999999998,24289.44075520833,84774.99686437075,91207.00573979592
000_3732,147,1215.6899999999998,1110.7767591411564,58271.00478316326,11590.601967740222
000_2555,147,1215.6899999999998,107153.34768282314,75937.69669430272,54829.16709183674
000_120,147,1215.6899999999998,80774.58322704081,15314.85572783801,42288.659173044216
000_3570,147,1215.6899999999998,3855.5637024340986,66200.18138818027,53947.69416985544
000_3687,147,1215.6899999999998,14799.75769292092,96557.49723639456,50041.00228528911
000_2897,147,1215.6899999999998,97725.98394982993,41154.265013818025,83662.9492984694
000_3945,146,1207.4199999999998,89034.85504066781,20137.66193546661,34706.49403360445
000_1694,146,1207.4199999999998,56230.49842144692,30359.158537564213,109692.4734589041
000_159,146,1207.4199999999998,50425.20034246575,116074.34803082192,67636.86691994863
000_611,146,1207.4199999999998,48992.63471211473,12659.302834706765,14204.450536440496
000_1033,146,1207.4199999999998,59810.44012200343,75103.51113013699,93896.90528681508
000_3267,146,1207.4199999999998,106098.37649828767,37144.40298587329,58061.69183433219
000_2972,146,1207.4199999999998,23194.463439105308,103897.68755351027,62034.43386130137
000_3550,146,1207.4199999999998,15938.286059235874,80797.15881849315,65533.708984375
000_2932,146,1207.4199999999998,19259.935439854453,63131.15493899829,19168.860672624145
000_3704,145,1199.15,35733.609455818965,4581.47959994612,82020.72537715518
000_4194,145,1199.15,32994.283674568964,82080.93103448275,104368.21314655172
000_683,145,1199.15,79896.4625538793,30435.517214439657,13378.255286907328
000_3980,145,1199.15,10150.59298895474,9996.709206627154,80264.84030172414
000_1344,145,1199.15,51163.407408405175,99619.0239224138,44803.97828663793
000_3543,145,1199.15,4305.407075026939,84356.35996767241,45842.05625
000_665,145,1199.15,58732.69315732759,419.0447146185513,9941.355239762932
000_3096,144,1190.88,92883.52094184028,39214.333875868055,60639.03689236111
000_2842,144,1190.88,13249.711954752604,75457.58740234375,89242.39371744792
000_158,144,1190.88,27614.142415364586,118636.32958984376,60484.194797092016
000_4234,144,1190.88,20849.56030273437,62728.22957356771,21369.513590494797
000_2512,144,1190.88,33363.47288682726,53146.75089518229,22616.21310763889
000_2547,144,1190.88,49352.01841905382,96716.27864583331,98658.38123914933
000_2825,144,1190.88,94184.54182942708,21689.58337402344,29604.834079318574
000_1663,143,1182.61,63448.13059986888,96093.41952578672,52529.88283981643
000_2202,143,1182.61,99017.98765297203,30221.461169689686,15734.702216728583
000_2233,143,1182.61,104735.51343968532,109387.21547202797,97119.0435423951
000_595,143,1182.61,47417.050917832166,11564.79657451923,15038.068468640737
000_45,143,1182.61,83347.67318618881,32733.82133686626,50009.70782342657
000_3537,143,1182.61,97462.18323863635,90815.95596590907,81117.87172202797
000_2508,143,1182.61,4472.712632826158,18926.863185642484,71783.78583916085
000_3760,143,1182.61,28174.65984211101,105729.46558129373,92647.43449519233
000_3028,143,1182.61,23436.144039554198,81796.36582167832,91449.54266826923
000_3666,143,1182.61,46102.11879916958,5460.317328179633,83100.81397508741
000_2379,143,1182.61,80992.46416083915,60043.13726507867,24367.86080911276
000_3511,143,1182.61,17893.318031577797,94717.54660183568,61999.92780266608
000_3831,142,1174.34,3051.76835524868,57175.145521566905,88111.79560959506
000_1587,142,1174.34,52335.60863226232,75648.48949163733,63223.50143045775
000_545,142,1174.34,6328.162845235475,23752.89721335828,33404.224279269365
000_930,142,1174.34,33264.444707306335,77875.95196963029,111487.38424295776
000_607,142,1174.34,92000.1680237676,1138.0283357862015,34246.83827574824
000_2671,142,1174.34,19847.40791428257,115675.43183318662,93706.4032790493
000_2048,142,1174.34,102092.71621919014,70846.84050396127,85555.96841989437
000_354,142,1174.34,23327.69963138204,2863.739567286532,1462.7700074961488
000_188,142,1174.34,97826.09809639084,77518.69487235915,13968.35361878301
000_4235,141,1166.07,20594.22426307624,62576.44218195922,21312.13036070479
000_1872,141,1166.07,1805.3793590356272,96576.78756648937,43125.07978723404
000_1350,141,1166.07,45816.422179742905,55066.32543772163,66666.11053856384
000_4161,141,1166.07,45627.26518173759,49023.85502548759,24511.48240802305
000_3344,141,1166.07,90244.88613696808,19618.790932513297,36160.69353945035
000_1944,141,1166.07,103779.76678856384,88984.17691710993,86907.0738585993
000_730,141,1166.07,26944.394739029256,11814.072355662678,22353.70423315603
000_2001,141,1166.07,7436.225921847296,46778.16334219858,33007.041209552306
000_1925,140,1157.8,59060.22338169643,16689.245619419642,83453.70602678572
000_2639,140,1157.8,11348.50908203125,111797.41534598214,64302.72022879464
000_843,140,1157.8,55490.42056361607,105249.195703125,109743.59017857142
000_1326,140,1157.8,57152.46637834822,76144.42181919643,34322.01964285714
000_2878,140,1157.8,35702.154659598214,98222.50580357145,98867.61294642858
000_2629,140,1157.8,62837.01353236607,103437.01222098214,87345.7689174107
000_1838,140,1157.8,8951.069775390624,79958.4,27497.171498325893
000_323,140,1157.8,3119.089461844308,17930.666866629464,109398.47739955357
000_1008,140,1157.8,22624.26736886161,76006.20797991072,93371.76824776786
000_2801,139,1149.53,101145.77725944245,21531.307020008997,47843.14045638489
000_2790,139,1149.53,12295.89340012365,76951.72054856115,94195.37539343526
000_3551,139,1149.53,4827.063978895009,57071.95897032374,58186.32272931655
000_2821,139,1149.53,74982.6620391187,66322.44643660072,73367.14427832734
000_711,139,1149.53,27477.79506238759,3620.323122751799,31068.93668502698
000_686,139,1149.53,64059.49404226619,578.3958305523549,29133.559802158277
000_3322,139,1149.53,33941.84686937949,97003.78540917266,84223.95925134892
000_138,139,1149.53,108591.74567221224,74205.11505170864,23446.8185982464
000_483,139,1149.53,78348.51455710431,10387.416781418617,35887.36044289568
000_1963,139,1149.53,30434.58600775629,14814.046418334085,66498.67451663669
000_1289,138,1141.26,56139.43161231884,41962.48284646739,30755.09898663949
000_2716,138,1141.26,9458.529714390852,70855.05134737318,110385.30163043478
000_2034,138,1141.26,25125.866338315216,117469.973901721,34513.774230072464
000_1474,138,1141.26,52886.74991508152,72333.98295969203,20789.924323482788
000_1086,138,1141.26,32187.522970448368,73490.37064085146,98562.69123641304
000_2083,137,1132.99,20842.366431911498,112666.1405109489,81527.84466240875
000_1547,137,1132.99,62647.55505816606,65946.51288777373,102224.1796875
000_1967,137,1132.99,97371.7108234489,96129.419479927,83014.02879790145
000_2282,137,1132.99,800.9527888611285,46606.03541286496,68187.54847171533
000_3258,137,1132.99,40853.11693088504,92566.33422673358,81336.48112454379
000_614,137,1132.99,40870.87742358576,33159.0553432938,13463.405152258212
000_2784,137,1132.99,25344.24037693887,93305.72901459856,47957.045991104016
000_1698,136,1124.72,61403.97478170956,28866.083797679228,104213.34478400736
000_1706,136,1124.72,37464.469410615806,36819.41348805147,113035.2830882353
000_4002,136,1124.72,50008.24014820772,47570.39590992647,25141.337172564337
000_680,136,1124.72,74981.06508501839,85612.58565027574,5514.93892176011
000_700,136,1124.72,43179.89395680147,78875.02757352941,50125.41569967831
000_804,136,1124.72,91149.60903033087,45637.427705652575,113040.30939797794
000_3450,136,1124.72,101744.89229090074,31548.790412454044,65260.870777803306
000_724,136,1124.72,43517.88611557904,7431.609475528493,35468.03102022059
000_2388,136,1124.72,95474.26171875,112515.9665670956,82359.16015625
000_1365,135,1116.45,99744.17297453704,58584.41863425926,73284.9361111111
000_2521,135,1116.45,112728.21458333332,77782.74982638888,53171.90101273148
000_3478,135,1116.45,5466.361006221065,59668.36417824074,79506.51018518518
000_941,135,1116.45,38380.64253472223,89873.9910300926,108635.79282407407
000_3357,135,1116.45,95091.44814814816,5848.046440972223,37321.04638310185
000_1862,135,1116.45,64535.62517361111,86764.9597800926,52723.27798032408
000_815,135,1116.45,61405.46918402778,114077.32216435183,84355.51122685186
000_880,135,1116.45,20881.145457175928,52558.76669560185,1482.01443323206
000_2820,135,1116.45,75195.40405092592,67341.94120370371,73356.00439814814
000_2425,135,1116.45,9005.983083767362,5964.4242947048615,76794.35607638888
000_759,134,1108.1799999999998,94596.82410214552,12935.687368819965,87846.20131763059
000_2434,134,1108.1799999999998,83843.93120335821,108013.72708722016,83651.29605876865
000_2861,134,1108.1799999999998,17342.166219682837,105466.72510494402,41247.93662546642
000_2096,134,1108.1799999999998,24171.247230643658,93836.45248367536,34445.01148554104
000_1523,134,1108.1799999999998,33550.17519822761,23325.0341796875,99986.55031483209
000_2900,134,1108.1799999999998,17680.621356110074,95978.86654617536,44982.44123134328
000_1348,134,1108.1799999999998,46730.29317280783,88801.76282649254,38565.44627448694
000_906,134,1108.1799999999998,104837.8608908582,21284.31150886194,103599.923099347
000_1380,134,1108.1799999999998,62567.397096548506,91910.1376515858,14126.470331448229
000_4045,134,1108.1799999999998,2703.191650390625,84773.08447994402,46159.2091301306
000_1240,134,1108.1799999999998,100439.85214552238,58245.03431086754,7768.307810313666
000_4131,134,1108.1799999999998,103666.65689132464,40320.193097014926,65827.9205340485
000_3425,134,1108.1799999999998,4803.801856197528,92791.9834421642,49136.10453591418
000_1771,133,1099.91,22207.76721099624,93544.48878054511,2284.866708396969
000_180,133,1099.91,85873.49259868421,74766.69337406015,389.7330540893669
000_807,133,1099.91,78082.00546287594,4052.603686339873,110373.96534304511
000_2249,133,1099.91,54631.351239426695,57454.114221099626,69989.20864661653
000_3779,133,1099.91,9039.07460056391,75838.71575422933,98324.59862546992
000_2653,133,1099.91,38089.818080357145,43118.91271146617,32259.126483200187
000_2995,133,1099.91,75175.83728853383,40001.38416353383,74291.84821428571
000_2896,133,1099.91,99869.85620300753,37196.21513745301,91070.14726268795
000_1231,133,1099.91,63569.652490601504,34212.56857965225,73493.28730028195
000_2935,133,1099.91,2503.17362987547,107838.32871240602,56256.93045112782
000_699,132,1091.64,45726.61638849432,76813.24254261363,47922.648615056816
000_4146,132,1091.64,95668.67447916669,42178.43326822917,91957.57179214017
000_2177,132,1091.64,13721.694964784563,84042.24627130682,32686.02587890625
000_881,132,1091.64,30638.23131214489,115737.52450284093,97445.2636126894
000_662,132,1091.64,59983.32285748106,3644.421932336056,27784.688151041668
000_1064,132,1091.64,98357.26337594698,14238.383670691288,66887.22277462122
000_3377,132,1091.64,72907.61807528409,32222.485336766094,80840.06664299243
000_1940,132,1091.64,22468.971235795456,61310.21185487689,95025.27846827652
000_1920,132,1091.64,25127.69739879261,19970.88483960701,64643.068359375
000_2356,132,1091.64,20878.005001183712,83093.72608901515,853.3462510542436
000_2485,132,1091.64,10394.695393880207,59602.416252367424,20349.52355587121
000_725,132,1091.64,39361.41669625947,6201.401189630682,33626.7666015625
000_3808,131,1083.37,59085.15180701336,103005.38173902672,46378.111372853054
000_2497,131,1083.37,55265.63993916985,95693.32460639311,98290.41447996184
000_2059,131,1083.37,99117.08492366412,71247.96284589695,87294.61283396947
000_3875,131,1083.37,100988.7498807252,2876.029404967796,42281.34389909351
000_3341,131,1083.37,11648.184711951337,93819.23759541984,54552.29857466603
000_3346,131,1083.37,67057.8450620229,54365.32657442748,35674.12643129771
000_2834,131,1083.37,100828.96004293892,44639.12171994275,92375.19477576336
000_2874,130,1075.1,14200.067262620192,76355.0196514423,101762.1234375
000_1595,130,1075.1,4572.484453876202,111288.21039663462,80898.53155048077
000_1244,130,1075.1,21961.332496995197,57091.49612379808,112204.94266826924
000_3376,130,1075.1,73200.6264423077,33063.62743389423,80573.62271634616
000_4032,130,1075.1,50478.09777644231,47154.78209134616,25691.55186298077
000_3339,130,1075.1,68568.22692307692,56121.57986778846,46861.230709134616
000_2383,130,1075.1,7190.3366548978365,57109.28939302885,29420.02728365385
000_1490,130,1075.1,17561.756775841346,24467.31981670673,88385.66466346153
000_337,130,1075.1,90988.15594951923,48190.28623798077,17302.778470552883
000_3221,130,1075.1,79525.56514423077,45554.98563701923,63064.02779447116
000_2170,130,1075.1,18555.167518028848,15456.36482121394,72282.20775240385
000_1135,130,1075.1,35198.436177884614,71752.26129807692,96361.61268028848
000_2127,129,1066.83,1748.6822367823402,14225.840411518897,71063.71130087209
000_4058,129,1066.83,10001.814316860466,75073.07400678295,46482.88205547481
000_2481,129,1066.83,100367.6663638566,49090.97117248062,86197.95476017441
000_2415,129,1066.83,1374.6069085172903,70976.01223352713,93751.33309108528
000_3922,129,1066.83,106818.72692587208,37731.34562742248,64357.26768410853
000_3452,129,1066.83,2949.54857452156,85250.30171996124,48031.72314074612
000_1670,129,1066.83,57503.77673812985,17765.44481286337,95973.5031492248
000_2624,128,1058.56,23786.30282592773,59160.29928588867,18825.127685546875
000_3610,128,1058.56,40062.27853393555,41296.93020629883,26106.80404663086
000_2473,128,1058.56,6836.450759887695,58211.28448486328,17414.61589050293
000_1980,128,1058.56,49212.16748046875,107067.90447998048,66009.39807128906
000_1978,128,1058.56,98308.94519042967,63315.342834472656,37850.66653442383
000_847,128,1058.56,21680.050552368164,52590.318267822266,43751.2546081543
000_2247,128,1058.56,97659.4741821289,113468.4751586914,90313.8784790039
000_3110,128,1058.56,108876.38244628906,78031.1146850586,71632.14569091797
000_298,128,1058.56,111284.47290039062,64811.395111083984,101665.01751708984
000_2453,128,1058.56,10716.431663513184,59006.56314086914,23749.24951171875
000_2455,127,1050.29,1613.6179799958477,91493.562746063,89611.80265748031
000_2668,127,1050.29,20338.473901943897,62341.57141978347,100739.80868602362
000_568,127,1050.29,69293.91529281496,2864.969620832308,12799.284195066435
000_3280,127,1050.29,5584.695051058071,83254.51279527559,87304.10968257874
000_2494,127,1050.29,23484.579232283464,56692.46253690945,13700.457615649606
000_1015,127,1050.29,99855.62106299213,23285.355853223424,71597.74501722441
000_3103,127,1050.29,21952.59602608268,55719.76571727362,103501.46216781496
000_183,127,1050.29,43895.4460199311,111001.73849655512,67138.62001722441
000_3278,126,1042.02,93826.25241815476,38278.0326140873,87107.01692708333
000_2748,126,1042.02,109123.07564484129,27978.37236483135,67705.98530505953
000_868,126,1042.02,38254.714936755954,6185.25910295759,35865.71667286706
000_905,126,1042.02,105242.01122271824,19169.403211805555,104284.02938988096
000_2641,126,1042.02,8993.395864335318,47335.68536086309,93650.11383928572
000_2724,126,1042.02,105835.32198660714,46622.80921378968,89465.7398313492
000_2031,126,1042.02,30616.181981646827,93389.87859623016,41241.80456349206
000_1433,126,1042.02,9302.970966641866,81850.57601686507,16309.90066189236
000_2039,126,1042.02,102977.54743303572,21069.94836619544,3875.267589750744
000_3466,125,1033.75,95193.24275,22200.544640625,30869.832859375
000_88,125,1033.75,77516.0999375,15008.8630390625,45725.362
000_2361,125,1033.75,60270.62209375,104591.0294375,104099.9525
000_3530,125,1033.75,18345.473484375,68429.7195625,17664.89521875
000_136,125,1033.75,111399.15975,76788.2018125,31724.6915
000_2875,125,1033.75,29191.220953125,94714.420625,98485.7735
000_1858,125,1033.75,211.2112456283569,64505.0874375,68655.3785625
000_2404,125,1033.75,82963.081875,106752.7260625,84608.3450625
000_1449,125,1033.75,540.4253099365235,101254.741625,73926.8966875
000_3311,125,1033.75,60033.31321875,56020.55525,53672.09653125
000_313,125,1033.75,66761.1121875,87297.1735,77530.5879375
000_1262,125,1033.75,48416.29015625,92644.1041875,52254.88875
000_372,125,1033.75,31844.9218125,18222.768421875,36689.01884375
000_2640,125,1033.75,41271.5273125,100718.78825,55364.9854375
000_866,125,1033.75,43581.5578125,5991.29279296875,33538.74034375
000_3039,125,1033.75,104637.693375,47310.80715625,76716.8605
000_3038,125,1033.75,96102.8565625,34787.163875,65890.4629375
000_3623,125,1033.75,52878.24075,47410.97434375,22880.908203125
000_1288,124,1025.48,70995.251953125,69441.01071068548,47491.31656376008
000_1597,124,1025.48,74269.060546875,90686.28011592742,72915.1636844758
000_3188,124,1025.48,7375.905604208669,23368.952085433462,82020.68781502017
000_1277,124,1025.48,45079.01603452621,26065.6882875504,92395.61221018144
000_3512,124,1025.48,16094.122424710182,85561.25882056452,58604.39913054436
000_2559,124,1025.48,106325.93195564517,79236.47750756048,77970.48481602823
000_3803,124,1025.48,3296.609032415575,60366.95158140121,55197.17688382057
000_2812,124,1025.48,21787.85866620464,97994.0422127016,38799.03137600807
000_2868,124,1025.48,2139.252188405683,68488.15965221774,75114.6535408266
000_1667,123,1017.21,83189.19620172764,105612.15866361788,78790.57920477643
000_3324,123,1017.21,78267.5784425813,48077.94791666666,64598.924225101626
000_1672,123,1017.21,69140.13700457317,27708.58087207825,93342.29071392276
000_2536,123,1017.21,7715.196249364837,56971.10470655488,6670.510984343242
000_2062,123,1017.21,54049.68683307927,56209.69674161585,79578.75730436992
000_2435,123,1017.21,81547.96017530488,111076.7696265244,83320.56370680894
000_2981,123,1017.21,109575.534425813,46339.90278836382,77929.61661585367
000_4121,123,1017.21,35509.610454776426,95039.1596163618,87495.21932164633
000_1540,123,1017.21,29769.33322217988,27047.42395515752,101301.79103150406
000_2597,123,1017.21,89531.50705030488,26721.387068089432,14993.766617441564
000_3516,122,1008.94,13143.101754610656,98366.25275358609,57815.5021772541
000_2846,122,1008.94,75656.03566854508,97237.51293545082,84823.06397284837
000_1945,122,1008.94,36079.38057120902,56261.45162013319,33315.56214779713
000_4083,122,1008.94,91099.2560835041,20537.136766777665,32443.585361168032
000_722,122,1008.94,37568.17728611681,16178.90757076076,1883.9494618900487
000_3003,122,1008.94,16564.034571913424,60233.77465420082,12238.876312756149
000_317,122,1008.94,19753.138015496927,3247.7683265560963,73002.75211321721
000_1869,121,1000.67,62601.05249225206,86164.36731663223,59918.604952221074
000_1275,121,1000.67,39489.44760459711,25833.106905346074,100890.04984504131
000_4136,121,1000.67,21284.75012913223,62020.78896565083,20007.0612732438
000_4049,121,1000.67,5815.630778667355,79686.26936983471,89644.96597365703
000_2215,121,1000.67,85056.88016528926,113439.2549070248,76870.57541322314
000_639,121,1000.67,82782.51091167355,116885.23405216944,25622.42384426653
000_2258,120,992.4,63566.31533203125,96052.09830729169,83511.81901041667
000_3065,120,992.4,45519.68694661458,16398.050423177083,53923.90166015625
000_2159,120,992.4,74392.959765625,115446.55045572916,74008.27890625
000_309,120,992.4,25616.94801432292,80449.25716145833,37260.45791015625
000_2373,120,992.4,81984.53046875,59997.67373046875,43357.47109375
000_684,120,992.4,39069.02542317708,80422.0091796875,49430.84241536458
000_1095,120,992.4,98873.54720052084,93211.55618489585,99892.27265625
000_1673,120,992.4,31920.326236979166,53549.69124348959,37817.93505859375
000_857,120,992.4,67637.13815104167,91741.79225260417,112943.10423177083
000_1607,119,984.13,105539.60957195378,32612.183839942227,84974.81328781512
000_2288,119,984.13,107576.02153361344,115286.37119222688,77941.79746586134
000_1076,119,984.13,35929.518119747896,5768.87237394958,30087.502773765755
000_3591,119,984.13,101239.19262079832,24889.492220325632,48388.46911108193
000_1050,119,984.13,49059.08948266807,78378.01759453781,95209.58797268909
000_3123,119,984.13,8058.7658055409665,73539.82759978992,85213.97268907563
000_2572,119,984.13,89210.28381039915,24740.121077337182,19202.139919248948
000_1148,119,984.13,70131.63556985294,36720.41242121849,114392.3618697479
000_3353,118,975.86,10031.416181144068,84050.03800317796,78423.02727754238
000_3851,118,975.86,84837.20107256356,42914.63870497881,64365.81600900424
000_980,118,975.86,55962.8698689089,86629.97285487287,46479.842392743645
000_498,118,975.86,75809.52337129238,8881.016047073623,35471.49493511653
000_2915,118,975.86,49318.71689618644,94601.67657574153,90084.28065413136
000_577,118,975.86,41838.43650688559,31925.25185381356,16493.186895855404
000_1222,118,975.86,49138.44749735169,45580.67657574153,81088.76370497882
000_2403,118,975.86,93237.30733580508,59504.58746027543,85455.36109639831
000_3052,118,975.86,100500.08527542371,32508.13660288665,71779.80051641949
000_170,117,967.59,38839.43245860043,115054.26776175214,63397.07922676282
000_237,117,967.59,19788.22716346154,98929.32905982906,11537.78776459001
000_234,117,967.59,61665.49335603633,1143.8764977088342,44762.479066506414
000_186,117,967.59,53413.98197115384,112234.72415865384,107540.16372863248
000_3079,117,967.59,65475.08617120727,48470.38551682692,50100.599592681625
000_499,117,967.59,24412.621060363246,15996.375817975428,35576.44537927351
000_1899,117,967.59,17211.325136885684,86267.65598290598,14647.49464977297
000_143,117,967.59,38656.35366586538,98828.0579594017,113068.88301282052
000_131,117,967.59,50194.109174679485,98852.84728899572,102769.59021100428
000_1492,117,967.59,14674.220511151176,25626.319277510684,88218.59114583333
000_3563,117,967.59,101019.48811431623,66258.79153311966,68306.82258279914
000_3592,116,959.32,100744.91217672414,25294.69596915409,48977.80637122845
000_1506,116,959.32,71966.1988820043,34111.55660695043,4434.980860216864
000_68,116,959.32,15336.639968345906,4672.024660307786,58039.0434065194
000_3801,116,959.32,11096.374974744072,10785.540687297953,82377.12789601293
000_1731,116,959.32,18412.669938712286,61981.67106681035,87518.36206896552
000_3147,116,959.32,97941.92759967672,32797.1572265625,67315.6651400862
000_2486,116,959.32,37810.8695783944,49667.99898976293,22166.183543238145
000_3424,116,959.32,2849.335118787042,90558.2320851293,49886.51276266164
000_2437,116,959.32,88684.29216056035,6867.717154667295,43495.30017510776
000_3639,116,959.32,21758.032782192888,90280.51131465516,52860.12685210129
000_3182,116,959.32,96738.4502963362,6762.3864198882,42282.19120420259
000_2781,116,959.32,21035.66379310345,59241.68733162715,21875.94430226293
000_1421,116,959.32,66194.70319234914,115428.81593480604,57179.09381734914
000_3034,116,959.32,78996.2176724138,75263.26879040948,76429.71827855603
000_2631,116,959.32,87410.98484644397,117618.20406788791,79671.23040140086
000_2711,115,951.05,22296.42931385869,85545.34198369565,43688.72639266304
000_404,115,951.05,92908.81854619565,89233.4171875,40740.12160326087
000_2107,115,951.05,84670.72914402174,64783.99463315217,84298.63763586957
000_218,115,951.05,110586.2492527174,60659.57010869565,115467.62323369565
000_1779,115,951.05,79095.02615489131,76437.17894021739,84167.85414402174
000_1677,115,951.05,66251.14945652174,70381.22724184782,40245.31667798913
000_2372,115,951.05,81448.33118206522,59086.39823369565,44501.27044836956
000_3684,115,951.05,66227.00815217392,99357.36107336955,94416.09646739133
000_3214,115,951.05,27451.486073369564,94482.30774456522,66272.82792119565
000_1146,115,951.05,85831.37778532608,4696.504131283968,22958.38960597826
000_1973,114,942.78,45362.82291666666,17853.685375548244,53789.53700657895
000_4068,114,942.78,651.0225388376336,30942.376747532893,63822.84344161184
000_1242,114,942.78,47076.79348273026,61611.60800438596,62506.66190378289
000_2687,114,942.78,73151.55756578948,39054.33278508772,29967.824698464912
000_1517,114,942.78,20676.36996299342,104771.7188870614,61298.98317571272
000_840,114,942.78,74176.24664199562,103828.61472039472,105703.61513157896
000_1932,114,942.78,17583.87529125548,87969.25116502192,5651.044926158169
000_1938,114,942.78,15282.301526521382,90224.81181469298,7433.463567365679
000_62,114,942.78,53632.11451480263,7828.582232558936,42833.0254591557
000_1555,114,942.78,55732.48194216008,77447.4373629386,93543.44209155702
000_4160,114,942.78,104252.03063322368,44162.50185032895,67343.37328673246
000_4214,114,942.78,20300.78380276864,62945.34272203947,22699.724026864034
000_2984,114,942.78,18915.218818530702,59232.82843338816,13064.048014322916
000_2457,114,942.78,47340.03889117325,93132.56983278508,105269.37966008772
000_3840,113,934.51,11432.15694137168,7667.994568411228,81387.3904175885
000_1718,113,934.51,66390.20347068584,13797.837873340708,94081.76624723453
000_3820,113,934.51,99791.92519358407,82213.10882190266,75527.63060011061
000_118,113,934.51,33601.45713495575,4754.037009990321,105189.67768252212
000_2154,113,934.51,20602.258763136066,103805.37548396018,79303.50096792035
000_2092,113,934.51,91292.84437223453,95692.8719579646,90903.5501244469
000_2946,113,934.51,61602.18667035399,97486.6187085177,85614.31042588495
000_1271,113,934.51,61513.0546875,73465.96619192477,38324.74668141593
000_2302,113,934.51,27196.664615597347,115806.53000553098,31809.688312361726
000_2306,113,934.51,55526.77665237832,12914.200117533186,73689.36663440266
000_2303,113,934.51,5131.550487417036,103219.99792588496,37408.129113661504
000_2837,113,934.51,8132.30668383573,59676.035121681416,78110.3548119469
000_1358,113,934.51,55023.29117118363,106733.83296460177,51953.12389380531
000_2673,113,934.51,61312.94036919248,30300.913077295358,84199.20665099558
000_3664,112,926.24,24603.00505719866,88573.32672991071,62175.5770438058
000_2686,112,926.24,73795.2160295759,38035.436767578125,30098.027675083704
000_3164,112,926.24,78134.18094308036,36792.54914202009,83462.0583844866
000_1503,112,926.24,2634.2327161516464,94406.40638950892,78412.65883091518
000_2699,112,926.24,10118.432250976562,77516.54924665179,112136.57875279018
000_1641,112,926.24,9007.557416643414,112436.34542410714,31200.64786202567
000_370,112,926.24,4386.650850568499,118443.86083984376,112465.65373883928
000_2322,112,926.24,12894.727608816964,4528.570818219866,83203.4734235491
000_842,112,926.24,56656.0838797433,100837.50969587054,109684.1089564732
000_1645,112,926.24,60632.32477678572,81605.64215959821,60549.70064871652
000_3711,112,926.24,18226.82625906808,97886.38504464286,39733.96432059152
000_1419,112,926.24,64079.525669642855,91462.99400111608,30106.959838867188
000_241,112,926.24,73252.4091796875,103961.22446986608,66657.6296735491
000_2537,112,926.24,80865.14662388393,24361.213936941964,81519.5470842634
000_3690,112,926.24,99753.62046595982,47829.07045200893,82314.31110491071
000_1465,112,926.24,62073.6154436384,48763.267822265625,15612.974975585938
000_20,111,917.97,75869.90230855856,109789.76076858108,13545.132953265766
000_3169,111,917.97,6559.559126020552,75677.96762387388,81507.28089808559
000_3269,111,917.97,12653.154974310248,89162.91082488738,42503.29750844595
000_485,111,917.97,2909.360567110079,29490.224732545044,12971.078899211712
000_1583,111,917.97,10368.694124788852,18838.32810740428,93346.1895411036
000_3763,111,917.97,100567.52583051802,79892.7841356982,76793.66173986487
000_1707,111,917.97,62698.56274634009,7711.667880771396,92980.33150337836
000_1057,111,917.97,87254.99070945945,10088.149088541666,24000.68292511261
000_1069,111,917.97,55576.05947353604,80950.77202984234,93125.55778434683
000_3149,111,917.97,26782.850207629504,85334.58319256757,69824.78582488738
000_2962,111,917.97,108118.92286036036,28022.05861134572,71806.56974943694
000_2480,111,917.97,98617.25182995496,42765.92849099099,77186.79272240991
000_2054,111,917.97,45021.19517173423,98457.92208614864,92460.98979448198
000_2460,111,917.97,29797.595351210584,96137.54328547296,80220.02927927928
000_67,111,917.97,81843.06763795044,108737.98198198198,53256.23733108108
000_2147,110,909.7,3571.8407648259945,35698.87535511364,55633.81700994318
000_1189,110,909.7,48526.94346590909,47513.89161931818,78527.70355113636
000_1216,110,909.7,102589.74524147729,82166.93544034091,84069.92080965909
000_2378,110,909.7,80173.09026988636,60260.14634232954,25532.98064630682
000_444,110,909.7,27012.39618252841,5897.874471768466,38395.477130681815
000_2616,110,909.7,88841.1723721591,22606.13270596591,23865.9908203125
000_224,110,909.7,64539.197301136366,106283.8784090909,63051.494815340906
000_3277,110,909.7,102961.94758522727,43878.126953125,63565.925213068185
000_1425,110,909.7,65833.9596590909,90057.25646306819,18644.560582386363
000_2148,109,901.43,5766.319573358658,40220.73978641055,46500.80142631881
000_1908,109,901.43,20315.435851490827,118337.54436639907,65464.76845613532
000_1392,109,901.43,69557.15961869266,96121.8208858945,21094.723856794724
000_4080,109,901.43,5501.895489893922,76848.7325114679,87687.89463876147
000_677,109,901.43,24826.12766986812,394.2416788503664,29809.545298165136
000_3314,109,901.43,9414.014531966744,82023.04121272935,76168.61525229357
000_1787,109,901.43,110284.24362098624,60727.96158256881,59234.63424598624
000_985,108,893.16,44447.44241898148,78519.15805844907,103138.09729456018
000_1575,108,893.16,52934.61331741898,77819.26215277778,72138.33333333333
000_3062,108,893.16,37092.377640335646,79899.71961805556,70485.04535590278
000_3385,108,893.16,63689.66666666666,38852.24779369213,16109.84021448206
000_456,108,893.16,12519.892957899305,30527.82024016204,23544.005859375
000_1897,108,893.16,15686.888545283566,84706.88136574074,518.3755449365686
000_4152,108,893.16,29987.0158239294,95259.5910011574,88967.28153935185
000_1029,108,893.16,23989.72781032986,82403.9113136574,112812.41464120372
000_328,108,893.16,85960.62688078704,79776.87094907407,107227.38802083331
000_3201,108,893.16,34047.48922164352,57260.39283130787,33800.9615162037
000_2419,108,893.16,83937.11516203704,110235.74587673612,83505.7726417824
000_199,108,893.16,103942.30649594907,92472.6652199074,112064.11299189816
000_3118,108,893.16,105830.9757667824,30869.22732204861,70344.93627025464
000_908,107,884.89,111384.87076518692,18439.29503139603,103564.00138726635
000_2954,107,884.89,93570.64120911216,59510.61123685748,61386.77124707944
000_426,107,884.89,74405.17625584113,78302.32834404205,17038.39128212617
000_269,107,884.89,13082.917904862734,16297.09679833528,109403.1972838785
000_2982,107,884.89,104593.19932827105,41110.66161653037,90406.91355140189
000_233,107,884.89,61377.45334404206,959.9447512047312,43824.303154205605
000_2710,107,884.89,22385.40902453271,86833.9878796729,44513.7515332944
000_3717,107,884.89,72374.51949474298,97456.91158002336,87399.64595502337
000_3715,107,884.89,12092.320367260514,63233.9371349299,36230.94038405374
000_3525,107,884.89,20533.430125584116,90202.70458528036,66550.28526577103
000_1964,107,884.89,28270.96004307827,16212.97691844334,65681.9811988902
000_179,107,884.89,87698.93049065421,72447.90727219626,3213.973719516647
000_2201,107,884.89,85703.12514602803,14328.31469042056,42723.7507666472
000_3271,107,884.89,21402.680289865653,84245.16617990655,49731.9124926986
000_3044,107,884.89,33215.12109375,86388.0882739486,73212.63230140187
000_2165,106,876.62,77253.18344634434,64559.56349498821,17968.342275943396
000_2440,106,876.62,5154.462029223172,59351.8981795401,13828.173330630896
000_2173,106,876.62,3427.685153025501,21715.7739165684,68341.93300412736
000_2672,106,876.62,22911.90099867335,113978.984817217,92945.68469929244
000_2768,106,876.62,89133.11563974057,19654.45395415684,38135.01525648585
000_1476,106,876.62,22070.419534935143,30282.387455778306,95264.02505896226
000_3056,105,868.3499999999999,18934.92375372024,75019.12611607143,18488.83353794643
000_3316,105,868.3499999999999,14588.830654761903,99096.00535714286,51890.27756696429
000_1601,105,868.3499999999999,106068.22797619048,32848.686532738095,82224.71919642857
000_2292,105,868.3499999999999,90692.99970238096,1689.2032249813988,50971.775297619046
000_1236,105,868.3499999999999,20800.15703125,29589.082961309523,109674.92514880952
000_728,105,868.3499999999999,28742.73119419643,14197.243991815476,859.6545247395833
000_1784,105,868.3499999999999,112085.31741071428,66680.17328869048,60486.21715029762
000_3471,105,868.3499999999999,24269.18091517857,92060.68690476193,90267.7486607143
000_2910,105,868.3499999999999,27282.188876488097,110681.71830357144,92528.80505952382
000_2983,105,868.3499999999999,19852.764639136905,59035.177306547615,12465.817475818452
000_1226,105,868.3499999999999,58106.29133184524,44239.42269345238,107783.21116071429
000_461,105,868.3499999999999,58971.45509672619,69295.66629464286,72493.096875
000_668,105,868.3499999999999,37267.28441220238,3492.745168340774,22358.98742559524
000_2238,105,868.3499999999999,22457.919754464285,2060.0276134672617,91560.54360119048
000_1586,105,868.3499999999999,78923.62872023809,17197.339936755954,89359.42976190476
000_2669,105,868.3499999999999,11283.712602306548,50197.38322172619,98825.9238095238
000_82,105,868.3499999999999,47009.196837797615,37061.17111235119,37228.5408110119
000_597,105,868.3499999999999,42080.37912946429,34579.41376488096,5524.550678943452
000_604,105,868.3499999999999,51861.54583333333,103265.85089285714,67020.2212797619
000_895,104,860.0799999999999,58825.17247596154,44670.563551682695,97924.53831129808
000_1459,104,860.0799999999999,60114.73257211538,92468.1796123798,100057.58368389423
000_4129,104,860.0799999999999,45196.96615835337,48550.08777794471,23879.34198467548
000_643,104,860.0799999999999,55966.16571514424,414.3746753472548,30320.92705829327
000_2746,104,860.0799999999999,112675.69899338942,22751.141939603367,75424.39272836539
000_446,104,860.0799999999999,66173.21330378606,34370.28579477163,35972.81174879808
000_1002,104,860.0799999999999,39679.44369741587,61944.94185697116,94004.08556189905
000_1651,104,860.0799999999999,62874.89453125,83531.07008713942,62509.453425480766
000_1404,104,860.0799999999999,55336.583946814906,113671.60794771634,53841.56396484375
000_2458,104,860.0799999999999,46388.74936147837,92124.24774639423,104586.921875
000_418,104,860.0799999999999,77290.95492788461,92511.28102463942,40928.83638822116
000_3235,104,860.0799999999999,21352.60362830529,94586.79574819712,43084.812424879805
000_1927,104,860.0799999999999,59447.76998197116,16674.116192157453,78056.49399038461
000_299,103,851.81,79757.6239381068,70275.59503944175,46590.45172178398
000_351,103,851.81,92457.10194174758,48582.90541565534,90068.09693567961
000_2783,103,851.81,19297.565173695388,91484.0983768204,49200.59447057039
000_3154,103,851.81,6314.025509139867,73195.55810072816,84338.16588288835
000_2598,103,851.81,92663.4020024272,26166.48424226335,49195.35683404126
000_2628,103,851.81,19857.395270782767,108848.2854975728,39450.68294902913
000_2017,103,851.81,19397.94311286408,79129.75796419903,110442.39039745144
000_2291,103,851.81,91105.55650788837,1107.2664326788151,49558.85865442961
000_101,103,851.81,111636.02798847089,37823.99969660194,6411.859114267294
000_3229,103,851.81,35323.01035345874,95007.395782767,80388.65344356796
000_2901,103,851.81,14995.277097239075,77385.15973907767,30933.83607023665
000_1304,103,851.81,48069.68366959952,73994.45972390777,27782.090848756063
000_230,103,851.81,83326.79558555825,43794.23532311893,782.1987725415277
000_2344,103,851.81,4363.400077745752,35322.97091171116,68980.77328580097
000_2588,103,851.81,15561.513207296724,67587.67559162622,31588.165408828885
000_1840,103,851.81,9580.117936513956,26825.51951228762,63985.05286711165
000_4213,103,851.81,45906.01027760922,48574.91421419903,25636.04463743932
000_736,103,851.81,27278.55207069175,58770.98217536408,4626.788128602852
000_2489,103,851.81,25399.63199711772,60148.38114381068,15196.497335785802
000_3545,102,843.54,14654.336665134804,74201.49019607843,86637.19684436274
000_1852,102,843.54,89429.2845435049,60079.439644607846,6469.7026462928925
000_3388,102,843.54,11680.558957567402,86553.2271752451,40472.85037530637
000_1261,102,843.54,43125.73104319853,33866.90506280637,113743.45090379902
000_3379,102,843.54,9390.55983838848,51582.05062806373,61799.00934436275
000_3345,102,843.54,63968.27922028186,45333.62002144608,30026.356655943626
000_2228,102,843.54,12769.893257889093,77785.26776960785,70876.40977328431
000_3128,102,843.54,111335.45450367648,83066.61006433824,69874.63128063726
000_6,102,843.54,79257.97112438726,79623.24065563726,93402.48598345587
000_4124,102,843.54,10703.759066712622,75541.86328125,45787.45274203432
000_3181,102,843.54,81212.55185355392,109174.73000919116,82742.97296262255
000_1125,102,843.54,55729.16804534314,79844.62905943628,112769.19975490196
000_201,102,843.54,110299.26662071078,95682.3620557598,9982.827205882351
000_3350,102,843.54,104485.4915747549,38410.21737132353,59665.47993259804
000_561,101,835.27,53194.04149907178,13802.355575108291,26368.11987546411
000_3165,101,835.27,80214.73607673268,37606.22099319307,82996.15276918317
000_3256,101,835.27,25177.397277227723,87347.09142945544,96547.77111695544
000_1505,101,835.27,73270.02637685643,30631.474996132427,727.7198549780516
000_3544,101,835.27,14152.386728418936,85734.33036819307,65089.7406404703
000_3546,101,835.27,14016.495852026608,73963.0228960396,86241.31141707921
000_2791,101,835.27,8044.082688737623,67695.88080136139,105663.73422029705
000_2195,101,835.27,109066.255259901,118411.14054764852,75694.49829826732
000_393,101,835.27,81218.6646039604,97870.58137376238,39905.50243657178
000_740,101,835.27,26305.94459699876,8567.469654045482,23982.50568533416
000_1848,101,835.27,90139.98762376238,59210.34305383663,7996.990007155013
000_1856,101,835.27,109984.49613242576,19531.62409112005,55797.84293780941
000_2482,101,835.27,8122.657521465037,21095.02852336015,80933.14186262376
000_3005,101,835.27,12508.9220103651,99003.24682858912,63278.14638768564
000_2330,101,835.27,71633.15895730197,113138.51570235148,86074.37020420792
000_1879,101,835.27,53574.88138149752,18784.86115408416,68954.5676825495
000_1279,101,835.27,43015.25096689357,25274.920463335395,92963.21279393564
000_571,101,835.27,12764.885887221537,7249.298944152228,34360.742264851484
000_3535,101,835.27,13957.44968285891,101031.95498143564,57234.63872988861
000_111,100,827.0,107259.408359375,92428.495859375,24055.48912109375
000_2251,100,827.0,110916.232890625,21487.85912109375,94444.093984375
000_1096,100,827.0,97750.263203125,92585.816796875,100227.212265625
000_921,100,827.0,55119.3376171875,63561.5141796875,108221.018671875
000_3145,100,827.0,97704.41625,35020.6445703125,77921.64609375
000_302,100,827.0,108956.488125,61913.1987109375,101606.104296875
000_1013,100,827.0,104827.843515625,20251.146953125,75735.388125
000_145,99,818.7299999999999,25630.711687184343,48928.134943181816,5958.886965356692
000_3404,99,818.7299999999999,10890.658173532196,85149.26893939394,48195.583333333336
000_1827,99,818.7299999999999,12554.979807844064,28195.21565261995,65236.636126893936
000_2456,99,818.7299999999999,2174.4818756411773,89437.99305555556,88922.42842487374
000_2542,99,818.7299999999999,89251.98469065657,77035.38028724748,78907.50197285354
000_254,99,818.7299999999999,23252.544566761364,114604.91493055556,6370.595634075126
000_1194,98,810.4599999999999,79146.40202487246,41930.41685267857,98362.25757334183
000_2280,98,810.4599999999999,685.6523605658084,44535.527423469386,68002.23580994898
000_2599,98,810.4599999999999,93347.22114158164,26531.689313616072,50276.56780133928
000_3463,98,810.4599999999999,93617.50677614796,77457.04830994898,76370.95455994898
000_3423,98,810.4599999999999,11142.021444515309,84330.57852359694,46433.03838488521
000_2850,98,810.4599999999999,102319.00358737246,29610.61666932398,52577.92908960459
000_1318,98,810.4599999999999,107355.1405452806,24574.583047672197,22053.379842952807
000_1241,98,810.4599999999999,47624.60383450255,62750.866191007655,61872.02682557398
000_3176,98,810.4599999999999,9338.893176020409,107243.48907844388,54724.322026466834
000_2134,98,810.4599999999999,3675.9752197265625,56840.00833067602,6856.225222217793
000_644,98,810.4599999999999,84807.32868303571,97462.06536989796,10907.374701052297
000_3495,98,810.4599999999999,3617.952938157685,56772.22951211735,62185.38097895408
000_2792,98,810.4599999999999,8349.936334103953,70266.41764987246,103927.3944515306
000_3730,98,810.4599999999999,95210.62268813777,64058.55385044643,82753.46962691327
000_774,97,802.1899999999999,94901.19362113402,21852.818862757733,296.0756853831183
000_1510,97,802.1899999999999,28920.79719716495,48901.35788498711,114314.1831507732
000_1291,97,802.1899999999999,59896.97926063144,67614.075064433,22127.53958601804
000_1115,97,802.1899999999999,41213.66873389176,67293.33915914949,96088.06274162373
000_2619,97,802.1899999999999,89573.27963917526,14510.1318359375,37675.608448775776
000_2272,97,802.1899999999999,111357.12709407216,103793.33110502578,114142.97905927835
000_1658,97,802.1899999999999,31032.77478656572,62507.80996295103,44499.4524806701
000_713,97,802.1899999999999,44477.21834729381,51596.402263208765,47752.10152222938
000_3764,97,802.1899999999999,30879.891672036083,95706.58988402062,102741.69217139175
000_2354,97,802.1899999999999,5564.499285196521,11771.433966253222,82113.94982280929
000_587,97,802.1899999999999,41439.614288015466,35187.628785438144,15199.037441607605
000_76,97,802.1899999999999,62258.52967944588,13066.69585615335,48035.24472454897
000_3636,97,802.1899999999999,61568.88752416237,60635.6469072165,68230.29953286082
000_2651,97,802.1899999999999,80613.95980992269,39359.39956507732,76913.56113079897
000_2003,97,802.1899999999999,20727.42503624356,73367.10768363402,115496.36477126287
000_894,97,802.1899999999999,22859.485260953606,84853.6944265464,72561.7803640464
000_1637,97,802.1899999999999,69194.96230670103,88025.79413659793,7120.564281974871
000_1406,97,802.1899999999999,61180.10490496134,94252.32884987112,34270.57196359536
000_885,97,802.1899999999999,77772.965689433,30578.862878543816,9827.478827722294
000_646,96,793.92,101048.31860351562,46691.6621500651,14397.476857503256
000_3522,96,793.92,11299.907206217447,77126.36946614583,38723.0800374349
000_223,96,793.92,64159.12325032552,104040.02620442708,59560.837727864586
000_2635,96,793.92,69757.04125976562,44613.62870279948,29650.43369547526
000_2317,96,793.92,105274.73518880208,102090.30354817708,96301.33479817708
000_2780,96,793.92,17691.9672648112,66118.5116373698,24522.443277994797
000_2066,96,793.92,8467.302419026693,28650.625935872395,83959.90958658855
000_1719,96,793.92,69535.69262695312,25690.37418619792,98124.96736653644
000_3131,96,793.92,85770.09798177083,40248.7578125,68711.99755859375
000_1218,96,793.92,54041.669921875,43086.76981608073,103872.12540690105
000_1254,95,785.65,46584.897779605264,22424.245004111843,89128.43157894736
000_59,95,785.65,39590.90505756579,51288.61472039474,4953.3615953947365
000_206,95,785.65,49970.164144736846,70582.95649671053,85124.02993421053
000_12,95,785.65,85727.28511513158,78681.71110197369,96398.14300986842
000_3440,95,785.65,51811.589925986846,47385.21212993421,19218.64765625
000_2574,95,785.65,1907.342094983553,1215.4017231188325,67453.16940789473
000_3765,95,785.65,30364.35824424342,95870.68453947367,102951.73379934212
000_1736,95,785.65,33598.02446546053,12870.101305509868,94898.0620888158
000_281,95,785.65,10033.054224917763,13563.928628700658,107265.25304276316
000_19,95,785.65,44367.03001644737,1641.3375809518914,58339.48766447369
000_2150,95,785.65,960.9127100894326,43715.34913651316,48201.06500822368
000_1985,95,785.65,47310.20851151316,5724.974624794408,84070.20731907895
000_141,95,785.65,99678.25847039474,108050.86126644736,69836.30756578948
000_4021,95,785.65,91059.31546052633,19327.527302631577,35244.05727796053
000_2655,95,785.65,33535.09847861842,105084.49712171052,39035.45139802632
000_3112,95,785.65,73907.365625,34472.80731907895,82212.72516447368
000_2444,94,777.38,68892.6019780585,102086.09965093085,78314.24559507979
000_4210,94,777.38,20217.9763962766,63081.14432347075,22247.489091589097
000_965,94,777.38,98803.55227726063,54352.15712267287,80502.69240359042
000_1439,94,777.38,84500.14669215426,56812.66248337766,53498.59973404255
000_2278,94,777.38,1220.8660025089346,29289.91961020612,63575.29533743351
000_1213,94,777.38,49546.76408743351,43389.84441489362,79661.07762632979
000_1861,94,777.38,61667.3356050532,79934.93218085106,81361.49900265958
000_1227,94,777.38,58300.39698304521,46565.43882978724,106791.4137300532
000_43,94,777.38,80272.0269281915,31156.339864527927,45825.51475232713
000_2980,94,777.38,97629.11793550532,36696.04151429521,70645.54778922872
000_344,94,777.38,15660.26160447141,106239.2421875,113725.96642287234
000_1190,94,777.38,46194.35197805851,53116.01653922872,65963.27588929521
000_3768,94,777.38,7992.746192445146,19284.21656831782,83023.26712101063
000_1035,94,777.38,25114.747610538565,75050.70811170213,99968.68525598403
000_2318,93,769.11,107198.4222110215,101754.31518817204,97163.64784946236
000_826,93,769.11,3693.439710391465,95919.98924731182,94644.33140120968
000_2526,93,769.11,15321.129966817876,70782.18590389784,27314.38934391801
000_3476,93,769.11,5861.303464171707,78722.81006384408,57452.7983030914
000_2401,93,769.11,99390.1257560484,90527.13239247313,80764.19598454301
000_1284,93,769.11,68177.02940188172,87843.75697244624,27776.96938004032
000_2483,93,769.11,7659.160970052083,21681.6541078629,80099.05418346774
000_2353,93,769.11,4446.6583606350805,10403.237808719758,82499.69044018818
000_1151,93,769.11,72733.8238407258,37207.44476646505,102607.12869623656
000_484,93,769.11,2984.6720141339047,31108.992103494624,14014.35341061828
000_560,93,769.11,53591.38835685484,14186.741819976478,25315.207871303763
000_116,93,769.11,60836.121009744624,132.6013382327172,56125.04662298387
000_1038,93,769.11,96889.0433467742,13403.139102402554,76019.7268985215
000_3172,93,769.11,109158.25982862904,76141.38398857527,69792.57963709677
000_3598,93,769.11,10770.920919438844,107050.74134744624,47885.67624327957
000_2190,92,760.8399999999999,85645.90608016304,11481.277895720108,44465.81300951087
000_2055,92,760.8399999999999,54259.32604449728,31464.072117017666,110749.26426630437
000_71,92,760.8399999999999,64583.37449048913,12785.142928413725,48183.41138756793
000_667,92,760.8399999999999,37941.15387228261,5468.792724609375,23479.228409476906
000_4120,92,760.8399999999999,97071.91618546196,40181.94565217391,89037.24677309782
000_227,92,760.8399999999999,79441.31751019022,103289.4281589674,69468.60623301631
000_2832,92,760.8399999999999,67489.84120244565,57601.38727072011,71412.30451766304
000_3527,92,760.8399999999999,43394.29683254077,47008.323284646736,27955.490998641304
000_1948,92,760.8399999999999,107916.22647758151,28222.60608440897,46569.23365319293
000_3327,92,760.8399999999999,35295.352241847824,97934.66202445651,64178.85737941576
000_3333,92,760.8399999999999,2216.8466531504755,83805.33856997282,55019.58716881793
000_1809,92,760.8399999999999,112663.80553668478,16392.42329738451,57945.19115149457
000_1725,92,760.8399999999999,70775.47800611414,24842.499299422558,101850.57260529892
000_397,92,760.8399999999999,110837.1167629076,62520.76244055707,101564.03744904892
000_3474,92,760.8399999999999,16474.324441661007,77832.89436141304,44023.58381453804
000_380,92,760.8399999999999,102701.0327785326,1497.4543629521909,19448.830056895385
000_1737,92,760.8399999999999,64083.49388586957,22400.88385275136,95936.06309442937
000_2500,92,760.8399999999999,13509.296323029892,106896.83890964674,39491.39240828804
000_737,92,760.8399999999999,32164.96053413723,13559.506262737772,4670.3026972231655
000_1351,92,760.8399999999999,73992.55485733696,113674.45635190218,60143.99643342391
000_1377,92,760.8399999999999,63502.70962126359,85970.62958559782,3344.749103048573
000_769,92,760.8399999999999,102496.80961277174,77106.35461956522,62370.11200747282
000_717,92,760.8399999999999,44292.78413722826,5983.929783033288,19036.51167629076
000_694,92,760.8399999999999,84417.37389605978,93160.4867527174,10906.410814368206
000_795,92,760.8399999999999,83877.25628396739,25935.190259850544,27810.838569972828
000_2006,91,752.5699999999999,36085.54678914835,118978.809323489,41877.77395260989
000_1996,91,752.5699999999999,102266.84023008242,24167.61613581731,32852.22482400412
000_423,91,752.5699999999999,84865.15547733517,92502.87834821428,38368.94844608517
000_2854,91,752.5699999999999,43060.014680631866,41920.51515281593,21134.381395947803
000_2739,91,752.5699999999999,110090.97098214286,51800.42166037088,88859.96016483517
000_1480,91,752.5699999999999,95944.489010989,11272.642706902472,34428.37551510989
000_946,91,752.5699999999999,60743.676081730766,108307.831301511,69275.8721668956
000_105,91,752.5699999999999,62407.538118131866,806.6038912259615,52804.64963942308
000_2800,91,752.5699999999999,97213.45741758242,21414.37706043956,52208.25145947802
000_3294,91,752.5699999999999,6160.947743174794,81560.13083791209,83335.94634271978
000_3358,91,752.5699999999999,67184.67445054946,48958.43432348901,31221.84465144231
000_3826,91,752.5699999999999,17536.592591002747,85951.19557005494,88617.02172046703
000_1789,91,752.5699999999999,77840.66380494506,74044.35242101649,91624.50291895604
000_1355,91,752.5699999999999,40675.93737122253,81040.50755494506,38465.77197802198
000_3890,91,752.5699999999999,6862.050851004465,72209.85224931319,51942.95930631869
000_2438,91,752.5699999999999,19821.918548248625,79680.41663804946,1413.9183993496738
000_776,91,752.5699999999999,30020.01141826923,49616.86448317308,43715.64371565934
000_2971,91,752.5699999999999,12737.430749914149,80343.35980425825,32754.89792239011
000_1896,90,744.3,59110.21579861111,23444.44661458333,76070.17361111111
000_287,90,744.3,100505.13090277778,62012.363932291664,105140.07595486112
000_705,90,744.3,40587.31532118056,12676.766362847222,2966.837193467882
000_2881,90,744.3,84391.28038194444,13400.670475260416,44840.36927083333
000_3818,90,744.3,4277.247610134548,59299.00451388889,56035.89375
000_2940,90,744.3,5257.718277994792,73124.37309027778,79672.27821180556
000_2414,90,744.3,63020.14735243056,93270.50190972222,81668.23064236112
000_3898,90,744.3,16281.81277126736,87224.63993055555,21997.072330729166
000_2919,90,744.3,63175.04279513889,99204.18454861113,85708.95460069444
000_1046,90,744.3,99085.31848958334,19414.29207899305,72733.28628472223
000_2731,90,744.3,23659.434288194443,58622.60959201389,102287.40269097222
000_1017,90,744.3,52936.24370659722,64073.33298611111,103294.80008680555
000_1530,90,744.3,47712.88993055555,51951.03285590278,40185.47122395833
000_3025,90,744.3,26293.344053819445,89420.76388888889,98134.34635416669
000_1129,90,744.3,56642.21740451389,84206.05503472222,106200.840625
000_208,90,744.3,6465.443315972222,25415.324479166666,3991.775363498264
000_739,90,744.3,43059.27708333333,6594.560910373264,15223.08681640625
000_2104,90,744.3,22869.44806857639,110811.72109375,77480.75798611112
000_18,90,744.3,79797.21848958333,110176.528125,114932.01050347222
000_480,89,736.03,8601.774271418539,23552.026290379214,13379.926000702248
000_3116,89,736.03,100265.76878511236,33588.50605688202,55355.9683988764
000_2283,89,736.03,62816.83470856742,88965.39396067416,80635.14475070225
000_1405,89,736.03,52542.880091292136,115508.35393258429,62076.402563202246
000_191,89,736.03,40664.53024051966,114010.5932233146,115483.04292485956
000_1371,89,736.03,41418.89159058989,73800.37087429775,36463.878950140446
000_279,89,736.03,14036.47302931882,12662.464393872891,115638.54968398876
000_763,89,736.03,56055.30815484551,37718.08646418539,32309.21826720505
000_469,89,736.03,78158.74885884831,27930.672182233146,35722.378599016854
000_697,89,736.03,97372.28098665732,21978.509875351123,86387.6482619382
000_2683,89,736.03,29694.6678809691,55267.328695575845,102184.28607794944
000_436,89,736.03,21257.468025807582,560.7431450318754,40097.20843574438
000_413,89,736.03,79215.81364115169,70203.09568117978,17467.241243855337
000_2838,89,736.03,6395.939870084269,66357.25790028089,77583.7414852528
000_1770,89,736.03,21163.41162658005,90104.15616221912,1260.8360149940747
000_2518,89,736.03,84451.77080407304,78311.00166783707,78681.80293188202
000_973,89,736.03,3285.9039704397824,101998.88000351124,18524.561490519663
000_4198,89,736.03,27431.409168714887,98163.87341994382,91774.66485252808
000_3462,89,736.03,6970.2488643346205,79820.65905898876,41871.25166783708
000_3507,89,736.03,9233.416970242277,77523.3352352528,57455.31548455056
000_1104,88,727.76,91028.45161576704,90585.48286576704,103334.16486150568
000_1338,88,727.76,6658.0745405717325,92768.34632457388,17874.603271484375
000_1313,88,727.76,92345.2109375,71930.12650923296,94046.95063920454
000_2135,88,727.76,11263.767800071022,88659.5009765625,27047.836514559654
000_2923,88,727.76,96345.5838955966,30304.448597301136,56572.13156960227
000_820,88,727.76,94619.14985795454,41186.11083984375,108775.59454900568
000_3508,88,727.76,8726.146950461647,78470.21795099432,57193.87366832386
000_2580,88,727.76,76712.85893110796,71695.28506747159,73250.78275923296
000_146,88,727.76,73256.31889204546,14805.562189275568,45602.39129083807
000_1478,88,727.76,12306.809093128551,21119.641202059654,97367.09321732954
000_556,88,727.76,45060.9189453125,100497.9375887784,23049.983376242897
000_513,88,727.76,3533.775390625,21798.60826526989,45011.21861683239
000_2271,88,727.76,104583.63583096593,111721.30877130682,81186.24813565341
000_3807,87,719.49,29995.745375359194,92588.9463900862,61471.335892600575
000_1364,87,719.49,44759.95429238506,87667.10434626437,37287.07893318965
000_1782,87,719.49,67264.67798132185,75041.3920617816,102285.2888829023
000_1692,87,719.49,39303.03030711207,13640.622856052443,92937.31546336209
000_263,87,719.49,2440.0267404139727,9531.867681393678,111287.9131645115
000_2389,87,719.49,103010.79283405172,100500.24425287356,92552.97207255747
000_2986,87,719.49,4137.363878973599,52139.69481860632,70795.69468390805
000_450,87,719.49,29669.0193516523,8159.769267465876,39098.88294719828
000_3068,87,719.49,98548.5772270115,60172.81115301724,63564.18866738506
000_1986,87,719.49,28104.381555316093,11726.365155801006,71139.88873922414
000_2349,87,719.49,91168.19908405172,92647.5706716954,79526.74030172414
000_845,87,719.49,81370.71883979885,99469.203125,103359.20887212644
000_671,87,719.49,5652.52203439296,114957.40041307472,107580.70653735632
000_2311,87,719.49,72770.72575431035,104870.8595545977,85366.51086566092
000_109,87,719.49,38331.34702765805,1536.9364827473958,106734.49434267242
000_3288,87,719.49,61705.6319145115,57516.734240301725,55279.601876795976
000_1520,87,719.49,62301.79485452586,65284.41505028736,107503.86584051725
000_3597,87,719.49,19907.06939206178,89152.46875,68343.3133979885
000_3613,87,719.49,22541.079269935344,88946.4753053161,91581.29121767242
000_914,87,719.49,73155.39619252873,63743.09716235632,66164.51077586207
000_2070,87,719.49,101798.56672054598,24246.7171560704,14428.346488864943
000_342,87,719.49,6808.939060255028,2952.789239291487,3863.429721174569
000_41,87,719.49,85466.05028735632,41325.36512212644,52611.49923670977
000_770,87,719.49,51841.98639547414,2946.6022696659484,10523.91869836566
000_1769,87,719.49,106208.37877155172,7351.2818393049565,46917.168372844826
000_2517,87,719.49,46033.84110093391,14491.399492636494,47677.27406609195
000_3677,86,711.2199999999999,14306.19287109375,107410.25172601744,62131.7504087936
000_3144,86,711.2199999999999,97717.09801962208,34367.21116460756,77495.69077034884
000_3547,86,711.2199999999999,17306.43895348837,94492.41687863372,55903.68391170058
000_128,86,711.2199999999999,2489.512195675872,42233.54564861918,18204.83511991279
000_4149,86,711.2199999999999,7984.676019712936,76513.40079941861,46736.77311954942
000_40,86,711.2199999999999,73891.66378997093,13260.443064135174,51680.408702761626
000_3647,86,711.2199999999999,80800.30332485466,60997.71479832849,59978.03656431686
000_3189,86,711.2199999999999,16218.76199127907,68859.07294694768,16148.828215843025
000_2883,86,711.2199999999999,112025.92078488372,71954.05287063954,64570.766397165695
000_22,86,711.2199999999999,79534.87954215116,107167.0178960756,113734.15615915698
000_1743,86,711.2199999999999,12448.194301871366,55259.06736010174,106476.24345930232
000_1776,86,711.2199999999999,66467.53470203489,21855.85608194041,97534.74863735466
000_1748,86,711.2199999999999,18638.323832667156,49848.94762899709,111449.03442950582
000_1781,86,711.2199999999999,69971.43259447675,78241.8445675872,101624.81813226744
000_2397,86,711.2199999999999,66078.4480377907,87720.61936773256,79519.16306322675
000_2445,86,711.2199999999999,71221.29006177325,99429.23119549418,78183.58857194768
000_2866,86,711.2199999999999,11439.796261809592,63420.93845385174,76351.14707485466
000_4243,86,711.2199999999999,27939.103379360466,95812.64970930232,91512.40361555232
000_1870,86,711.2199999999999,1566.4280097429144,109579.19994549418,40362.597474563954
000_1867,86,711.2199999999999,23310.441179142443,7417.883527888808,80830.9206940407
000_3342,86,711.2199999999999,12321.881370367006,95179.55514171511,52875.87313771802
000_1438,86,711.2199999999999,63711.46838662791,105972.65297965116,51086.68073219477
000_1930,86,711.2199999999999,36302.77089389535,11431.560410610466,71797.6640625
000_1170,86,711.2199999999999,47043.62527252907,45782.32989643896,73993.51062863372
000_203,86,711.2199999999999,96029.22719840116,13062.539959574857,53483.57712572674
000_702,86,711.2199999999999,39237.73460210756,107481.8367550872,30599.138490188958
000_2786,86,711.2199999999999,21988.41490279797,104343.23900799418,38001.48619186047
000_3510,86,711.2199999999999,16288.984147892445,94582.25381540698,61016.337890625
000_2533,85,702.9499999999999,75777.43051470588,68393.8065257353,70625.84375
000_2114,85,702.9499999999999,4166.969218175552,29219.115693933825,74929.75845588236
000_2544,85,702.9499999999999,2199.303061810662,64119.16208639706,11500.36639476103
000_1860,85,702.9499999999999,71118.5609375,25920.464200367645,13375.84142922794
000_3977,85,702.9499999999999,103258.98299632352,41794.67205882353,63807.64977022059
000_1199,85,702.9499999999999,49062.95845588236,49750.24613970588,82323.86158088235
000_1632,85,702.9499999999999,53170.329273897056,94414.86810661764,55479.45238970588
000_3100,85,702.9499999999999,34563.584375,82149.57444852941,70620.08097426471
000_2290,85,702.9499999999999,104224.66966911763,99234.3005514706,93522.20560661764
000_688,85,702.9499999999999,45161.19122242647,11391.51776194853,5626.572041590073
000_1911,85,702.9499999999999,23037.70581341912,21691.088465073528,78032.94834558823
000_2326,85,702.9499999999999,2955.025485409007,39756.10896139706,71044.96066176471
000_3349,85,702.9499999999999,69055.09724264705,56864.95022977941,44380.76479779412
000_3091,85,702.9499999999999,98962.84825367646,66716.61645220588,69327.28363970589
000_1297,85,702.9499999999999,58972.18800551471,64324.723759191176,19578.88513327206
000_4170,85,702.9499999999999,104182.47821691175,39586.222150735295,65630.20294117647
000_949,85,702.9499999999999,96197.6109375,17972.667715992648,100263.3171875
000_95,85,702.9499999999999,99667.39448529412,117216.24025735294,17612.352826286766
000_3680,85,702.9499999999999,101579.18253676473,111573.50294117648,81876.07757352942
000_103,85,702.9499999999999,40899.89508272059,1187.8386352539062,110273.52922794118
000_2657,85,702.9499999999999,12569.64474954044,114979.03152573528,68461.0137867647
000_2050,85,702.9499999999999,14627.047437959558,74913.62886029412,104824.16139705882
000_2476,85,702.9499999999999,109525.03731617647,77546.19724264706,80539.73079044117
000_3933,85,702.9499999999999,2311.983303653493,83316.57619485294,84283.9565257353
000_3833,85,702.9499999999999,13774.723046875,105875.0919117647,61208.67679227941
000_1319,85,702.9499999999999,111027.79071691175,25506.773207720587,23146.706089154413
000_2926,85,702.9499999999999,77057.20165441177,30306.946966911764,19713.68035386029
000_312,85,702.9499999999999,24282.58166360294,73985.2328125,25242.672909007357
000_1458,84,694.68,2128.9815470377603,98586.09858630953,77327.68722098214
000_2080,84,694.68,78104.01711309524,45722.66429501488,81065.10481770833
000_4197,84,694.68,66271.21530877976,96676.98344494047,89745.95656622024
000_3296,84,694.68,35150.409830729164,94330.39220610118,85059.22116815476
000_872,84,694.68,73497.08435639882,107339.70861235118,113459.96633184524
000_221,84,694.68,65861.75404575893,103419.09151785714,67175.73651413691
000_1130,84,694.68,56158.60267857143,82824.51990327382,108722.07347470238
000_1581,84,694.68,50496.47614397322,77076.65708705357,67515.03199404762
000_1020,84,694.68,86407.17829241071,5357.453996930803,16607.041085379464
000_3370,84,694.68,48289.945405505954,50865.735026041664,30899.869768415178
000_1397,84,694.68,66444.44103422618,102131.35695684524,39954.20624069941
000_3892,84,694.68,74580.03022693453,53080.60109747024,63697.95940290178
000_800,84,694.68,66226.30831473214,4901.416902087984,109001.94754464286
000_1265,84,694.68,70735.78562127976,113370.19140625,45193.72465587797
000_754,84,694.68,57902.72902715774,16777.439383370536,21691.92222377232
000_2506,84,694.68,99372.71837797618,115432.59495907738,86755.48204985118
000_2566,84,694.68,90426.51023065476,91043.28673735118,79895.58668154762
000_3953,84,694.68,160.05979469844274,66126.74581473214,93020.71540178572
000_2974,83,686.41,64708.799651731926,97764.31033509035,87585.7173381024
000_249,83,686.41,74211.8186182229,42203.14175451808,625.1851894884225
000_3968,83,686.41,102756.484186747,76059.2857680723,73065.89250753012
000_276,83,686.41,4091.4753947430345,18693.59024378765,106928.8125
000_1876,83,686.41,2262.775433276073,110849.56814759035,27669.07664250753
000_1357,83,686.41,74037.55186370482,101467.3171121988,38160.44545368976
000_1353,83,686.41,67949.7890625,90704.5748305723,721.7541070041887
000_1689,83,686.41,50612.4469126506,95632.0266378012,57097.31104103916
000_2260,83,686.41,68740.87396460843,90206.13027108432,82289.9717620482
000_855,83,686.41,12006.36375188253,74200.33217243975,13471.55465220256
000_2689,83,686.41,98077.3031814759,46873.1085749247,90264.1296121988
000_3155,83,686.41,96752.72147966867,65154.69507718374,73571.7907567771
000_2696,83,686.41,20820.22456231175,86948.15417921687,46537.736963478914
000_3562,83,686.41,101644.42761671689,66546.31645331325,68789.01524849398
000_2719,83,686.41,103991.71959713857,62061.68105233434,67449.91133283133
000_1034,83,686.41,21322.62657661897,75906.56447665663,100359.24642319276
000_2015,83,686.41,34675.09826807229,115473.82068900602,39049.92935805723
000_204,83,686.41,95980.36295180724,12789.567371046687,54677.141942771086
000_176,83,686.41,3413.830775249435,117842.26336596384,22853.57845444277
000_2646,83,686.41,107936.9686558735,102101.42620481928,98627.8124058735
000_1389,83,686.41,57415.87947100904,96898.98202183736,34032.44564194277
000_489,83,686.41,95536.9766566265,34255.80045180723,37151.48093938253
000_1634,83,686.41,52133.82158320784,95981.35382153616,54714.53576807229
000_3489,83,686.41,64828.20839608434,51980.07708960844,32500.78529743976
000_3457,83,686.41,46535.3343373494,53828.11455195784,33319.46310240964
000_1311,83,686.41,37151.61888177711,64412.36328125,28923.11942300452
000_3902,83,686.41,51240.50696536145,48552.92046310241,26080.79525131777
000_1336,83,686.41,51758.48512801205,72594.63798945783,23775.4527720256
000_1119,82,678.14,48257.71532012195,83880.80868902439,108791.3944359756
000_1121,82,678.14,49290.87566692073,93746.7657202744,85193.43302210367
000_1448,82,678.14,86739.26800685975,52976.03063071647,51902.86766387195
000_3095,82,678.14,94145.36699695124,38438.36756859756,60157.865472560974
000_2002,82,678.14,13940.169969512195,69878.65396341463,103568.38795731709
000_3599,82,678.14,1007.8750066989804,55693.73475609756,86148.76953125
000_36,82,678.14,78420.4638910061,27981.356111852136,44040.9092035061
000_3167,82,678.14,24852.33274580793,91989.31373856709,69026.54820884146
000_117,82,678.14,33336.429258765245,6389.1934189214935,103318.05859375
000_942,82,678.14,88176.05201981707,11163.673518483232,27324.058736661584
000_928,82,678.14,57662.326171875,61847.646722560974,111650.65996570124
000_3566,82,678.14,61692.90901295732,50401.77658155488,32646.11016101372
000_836,82,678.14,37734.66906440549,5682.647335889863,29440.063881478654
000_3026,82,678.14,25703.078696646346,90195.19350228658,98937.76019435975
000_2617,82,678.14,103798.86175685975,28111.94112042683,42965.24818978659
000_1165,82,678.14,39750.55311547256,50032.46365282012,81069.15929878049
000_2605,82,678.14,14729.538490853658,63550.85704077744,32903.49168730945
000_1865,82,678.14,2147.9647008384145,106692.6055640244,45722.63395579269
000_2863,82,678.14,10675.29853039253,59583.66639672256,96035.12480945124
000_2604,82,678.14,80445.68130716463,48745.1044683689,54261.44421684451
000_1370,82,678.14,41921.16730182927,73311.37890625,34277.977705792684
000_785,82,678.14,88791.02705792683,4234.218321265244,114190.77076981709
000_3442,82,678.14,16537.542397103658,60394.93764291159,101390.11652057926
000_1798,82,678.14,63316.93173589939,19390.01552972561,6747.949945217226
000_755,82,678.14,58263.7665777439,16279.56024914253,22138.127119855184
000_1806,82,678.14,39470.6064691311,52052.17244664634,31465.256788300307
000_2884,82,678.14,93365.55773628048,28519.25907488567,52754.79949504573
000_991,82,678.14,94600.06364329268,8417.925703839557,73259.55316310975
000_3173,81,669.87,92041.08294753089,40203.89486882716,65925.80878665124
000_2745,81,669.87,105469.35204475308,29327.94880883488,100117.87037037036
000_3482,81,669.87,109589.47453703704,27038.66767939815,109816.99546682098
000_2240,81,669.87,89455.73958333333,87045.78163580247,78502.68094135802
000_1462,81,669.87,58842.26919367284,90482.97955246911,101975.37442129628
000_2036,81,669.87,64391.93325617284,30424.73509837963,1457.9506670163005
000_1720,81,669.87,24908.094159915123,62466.22077546296,33340.11260609568
000_3460,81,669.87,97641.87065972222,66495.14130015433,70725.29793595678
000_3293,81,669.87,37365.41883680556,96374.71016589506,62263.783757716046
000_2244,81,669.87,97953.24199459876,106409.16570216048,86353.91493055556
000_798,81,669.87,52798.40938464506,2419.7437367380403,10922.075424382716
000_805,81,669.87,64515.26808449074,540.7783046769507,109436.49083719136
000_586,81,669.87,41684.68180941358,34503.20978009259,7977.0820553626545
000_4237,81,669.87,27348.263792438276,95187.28655478396,90922.43026620372
000_3583,81,669.87,23312.46913580247,83581.44212962964,99141.03944830249
000_979,81,669.87,58008.98003472222,88728.2756558642,48959.00752314815
000_803,81,669.87,95380.82783564816,8241.240174093364,109861.56442901236
000_3368,81,669.87,64659.51239390432,47169.586757330246,31061.17537133488
000_225,81,669.87,85211.22415123456,104808.64052854938,73376.37606095678
000_3992,81,669.87,101023.41435185184,60577.23832947531,65096.75795717593
000_1611,81,669.87,97390.07118055556,20522.20447530864,72896.94338348765
000_3027,81,669.87,22381.393542631173,83047.66242283951,89679.01890432098
000_1786,81,669.87,111268.88107638888,62689.66083140432,59288.03616898148
000_2160,80,661.5999999999999,72226.2255859375,113938.47568359374,78214.9603515625
000_1536,80,661.5999999999999,31876.380151367182,40463.77153320312,113888.73017578124
000_2895,80,661.5999999999999,103414.571484375,31937.268359375,92954.9095703125
000_1219,80,661.5999999999999,59636.138916015625,42448.49692382813,106675.36142578124
000_458,80,661.5999999999999,50201.61977539062,33564.21845703125,19315.346606445317
000_3738,80,661.5999999999999,13384.478857421876,107141.09658203126,61831.89252929688
000_3882,80,661.5999999999999,62557.60502929687,96666.60078125,91104.91904296874
000_1204,80,661.5999999999999,48433.749755859375,64728.86220703125,61378.09609375
000_2124,80,661.5999999999999,77651.5021484375,60379.169189453125,20999.869213867187
000_1502,80,661.5999999999999,2716.191299438477,95189.34755859376,77776.82587890625
000_48,80,661.5999999999999,112428.00634765624,45592.75107421875,82342.97041015625
000_1206,80,661.5999999999999,46315.056640625,68334.997265625,66267.30341796875
000_2813,80,661.5999999999999,10988.570776367187,67118.10419921875,76808.13408203125
000_2316,80,661.5999999999999,105526.34931640624,103242.8732421875,95501.83505859374
000_2467,80,661.5999999999999,85910.8787109375,76511.35908203125,67657.9998046875
000_960,80,661.5999999999999,108455.08134765625,48536.51435546875,37023.12348632813
000_369,80,661.5999999999999,4873.9126647949215,117420.4115234375,112136.99287109375
000_2532,80,661.5999999999999,97082.66357421876,523.0792873382568,43491.76611328125
000_2904,80,661.5999999999999,16822.131225585938,51839.16479492188,105676.79150390624
000_530,80,661.5999999999999,938.0089054107666,15667.752587890624,31760.67163085937
000_533,80,661.5999999999999,90417.21904296876,82313.7623046875,86769.48603515625
000_516,80,661.5999999999999,70514.167578125,30075.062939453124,37020.69736328125
000_2654,80,661.5999999999999,32382.658081054688,105961.4609375,38413.15439453125
000_1375,79,653.3299999999999,63189.49203916139,98869.75613132912,40714.18537381329
000_2720,79,653.3299999999999,102844.50721914555,79815.62925237342,77082.75860363925
000_2132,79,653.3299999999999,19982.3554193038,102151.79163370254,81710.02966772152
000_1780,79,653.3299999999999,95098.40506329114,66283.85700158228,31636.04949564873
000_2484,79,653.3299999999999,1521.68144284019,57143.8046875,14237.694014537185
000_2196,79,653.3299999999999,104999.59028876582,99243.88874604432,113823.94313686708
000_1337,79,653.3299999999999,8873.268332179588,87011.42128164557,20860.27813488924
000_65,79,653.3299999999999,40041.51542721519,59408.71217365506,629.6924980260148
000_2225,79,653.3299999999999,991.7052658660502,42470.917721518985,49174.81378560127
000_104,79,653.3299999999999,91694.40476661392,70483.28105221518,114567.50623022152
000_1312,79,653.3299999999999,56174.71449762658,69949.09820015823,26464.19835344145
000_160,79,653.3299999999999,86584.49119857595,93819.19382911392,23285.89015526108
000_3243,79,653.3299999999999,12901.696190170094,96879.9532238924,40272.78955696202
000_1793,79,653.3299999999999,69812.18918117089,24364.67503955696,7141.1261928896365
000_538,79,653.3299999999999,50529.573328718354,1972.1102928451344,1437.6464627422863
000_512,79,653.3299999999999,73295.77422863925,1213.2565701641613,29125.332500988923
000_2582,79,653.3299999999999,97657.86145174052,29040.198081487342,10281.651515526108
000_3395,79,653.3299999999999,17581.815293710442,79911.76928401898,19280.532313093358
000_3921,79,653.3299999999999,105996.74782436708,38116.74856606012,64282.23333662975
000_2945,79,653.3299999999999,61142.68122033228,97719.85324367088,84148.17909414557
000_3053,79,653.3299999999999,97217.8631329114,39530.93863726266,61249.07995450949
000_2614,79,653.3299999999999,102757.98971518988,4265.947942419897,43622.34557950949
000_1615,79,653.3299999999999,18015.35084553006,67136.48318829114,83820.31764240506
000_1454,79,653.3299999999999,5118.848323773735,48962.58939873418,111893.26394382912
000_92,78,645.06,32210.953776041668,6886.869729066507,114301.35376602564
000_2237,78,645.06,55074.02088341346,56784.7219551282,73815.75490785256
000_1538,78,645.06,63480.00165264424,64272.667067307695,99721.03275240384
000_3252,78,645.06,102855.50661057692,36273.553285256414,67970.91306089744
000_3380,78,645.06,10473.603177584137,51585.43469551282,62000.30033052885
000_2822,78,645.06,103615.67167467948,59593.79677483974,66753.62269631411
000_3363,78,645.06,10952.74017177484,83319.16576522436,40191.28725961538
000_2681,78,645.06,112030.42077323716,25477.04316907051,69637.59825721153
000_3321,78,645.06,33655.0699619391,96709.34244791669,85855.29587339744
000_4063,78,645.06,4694.062149439103,81026.33954326923,89507.97836538461
000_3858,78,645.06,98444.79266826923,27550.893704927883,51878.6139823718
000_3532,78,645.06,7548.23522636218,74776.92297676283,53565.60687099359
000_144,78,645.06,26364.01995693109,46003.37850560898,6019.211475861378
000_818,78,645.06,62628.229667467946,586.2816958305164,113830.08433493588
000_3001,78,645.06,85224.92858573717,45730.12324719552,92471.84655448716
000_825,78,645.06,2904.221917568109,94790.09284855767,94640.98056891024
000_482,78,645.06,10452.948104467148,29705.05060596955,16392.414951422277
000_4162,78,645.06,104928.16696714744,45258.923177083336,66413.87740384616
000_3416,78,645.06,12866.95989833734,80121.78395432692,89652.54927884616
000_451,78,645.06,51500.43028846154,9731.020407652244,7438.602770683093
000_0,77,636.79,48304.05118709416,119382.8937702922,2237.7045613078326
000_33,77,636.79,51073.2575588474,5621.460227272727,52861.53419237013
000_1733,77,636.79,34831.87819602273,14670.10352830763,97431.07680600647
000_2626,77,636.79,34778.92080965909,100408.65269886365,42080.7544135552
000_2759,77,636.79,61476.166548295456,99211.1461038961,96313.45119724024
000_3586,77,636.79,17258.346261160714,97492.65188717532,63480.800375405845
000_3408,77,636.79,56975.61155641234,45038.19860998377,21893.79119318182
000_864,77,636.79,60509.00380478896,110772.46286525976,115663.60765016232
000_325,77,636.79,65521.055549918834,23269.384385146102,18649.18643465909
000_1922,77,636.79,78329.8130073052,34464.30894886364,90744.481737013
000_547,77,636.79,52477.58380681818,12483.160790381491,28213.717456371756
000_175,77,636.79,2924.624350015219,119295.00953733768,22558.41510247565
000_2787,77,636.79,26095.40817775974,56193.5583400974,101999.8869724026
000_3696,77,636.79,22167.264737215908,82314.62398538961,99391.36028814936
000_655,76,628.52,36343.70579769737,5744.605912057977,25219.075015419407
000_3264,76,628.52,59068.64247532895,49703.27210115131,43087.47923519737
000_2708,76,628.52,38881.46294202303,46014.55679481908,26308.540887129933
000_2702,76,628.52,118.4506610569201,64536.78428248355,77137.75770970395
000_1843,76,628.52,15282.888337787828,20506.991802014803,65239.01768092105
000_951,76,628.52,54667.61076274671,57517.86240748355,105086.30016447368
000_3198,76,628.52,22026.14242393092,53954.88522820724,105738.23252467104
000_367,76,628.52,1011.2093489797492,115805.5620888158,99242.556640625
000_2755,76,628.52,14839.442100123357,62313.8486328125,75382.92927631579
000_2858,76,628.52,102190.49609375,27723.26819490132,91468.287109375
000_1643,76,628.52,38952.8642578125,73718.14370888157,72734.78567023027
000_2468,76,628.52,83844.89638157895,70150.90090460527,66584.1955180921
000_3555,76,628.52,22444.075375205597,89329.02446546052,66937.29759457237
000_3716,76,628.52,8582.862805818257,79559.17125822368,88166.64000822368
000_2564,76,628.52,868.7001571655273,58755.28916529605,86792.5295024671
000_522,76,628.52,47844.04646381579,119023.81907894736,40794.6025390625
000_2664,76,628.52,15824.745785361842,95313.53916529604,37229.93719161184
000_255,76,628.52,24301.828484786183,115979.89617598684,9155.277664987663
000_859,76,628.52,20751.13687294408,57869.83182565789,50280.49892064145
000_3069,76,628.52,94089.17413651316,70609.02970805921,81235.89617598684
000_2608,76,628.52,15359.543508429277,116887.54091282896,94361.41149259868
000_2902,76,628.52,7695.2005807976975,60696.71319901316,93144.29749177632
000_1566,76,628.52,52804.92429070724,117883.75842927632,58974.98324424342
000_1108,76,628.52,102094.0933388158,56493.16154399671,7060.343107524671
000_2937,76,628.52,14272.13285104852,62133.72414679276,99106.29183799344
000_134,76,628.52,943.03282486765,13406.810546875,58776.87541118421
000_148,76,628.52,97731.33624588816,50017.81296258224,31580.77970805921
000_3323,76,628.52,78501.75832648027,47141.25431743421,65277.35587993421
000_2933,76,628.52,20602.2529296875,68397.16591282895,21164.57552939967
000_3854,76,628.52,18178.56702302632,61515.53402549342,16166.60994037829
000_3331,76,628.52,11146.114964535362,90930.75308388156,55696.29553865131
000_1409,76,628.52,67644.30437911184,116286.3791118421,59024.76063939145
000_1630,76,628.52,99211.06640625,32362.550729851973,5710.269833213405
000_2203,76,628.52,9880.340614720397,3826.469665527344,72618.04553865132
000_877,76,628.52,69860.12798108552,109544.79780016448,113385.58583470396
000_3366,76,628.52,4609.739572625411,60378.99229029605,61853.18117804276
000_3206,75,620.25,78442.75916666667,41343.96755208333,69740.11520833333
000_969,75,620.25,46650.42885416667,65383.23515625,97292.2953125
000_97,75,620.25,104549.20958333332,94676.15864583332,5743.088580729167
000_635,75,620.25,79128.6275,3051.49505859375,29761.782161458334
000_3306,75,620.25,15950.096223958331,87710.59541666666,73102.20979166667
000_108,75,620.25,32626.146015625,3007.507578125,109516.69635416666
000_3146,75,620.25,99504.526875,32982.3140625,67505.9234375
000_709,75,620.25,49627.93708333333,353.3874981689453,21866.779453125
000_1642,75,620.25,10003.416484375,109376.8328125,34049.2396875
000_2226,75,620.25,497.6426182047526,43195.59140625,49222.40307291667
000_2840,75,620.25,15151.7125,75180.99,87150.62729166666
000_712,75,620.25,45048.58901041667,51751.66302083333,47642.31630208333
000_2269,75,620.25,88929.173125,111777.46229166668,82775.66354166667
000_1098,75,620.25,52490.29375,92566.02677083333,72689.03041666666
000_4074,75,620.25,95443.44052083332,41386.3171875,91534.68239583333
000_1339,75,620.25,45092.394791666666,102968.38354166668,41893.26859375
000_4134,75,620.25,25507.610703125,86019.25125,99290.63322916666
000_3272,75,620.25,10902.8310546875,81106.008125,89126.939375
000_278,75,620.25,13171.350833333334,11784.686432291666,115028.38052083334
000_3054,75,620.25,102565.0346875,42009.8290625,90146.00927083334
000_1596,75,620.25,106860.31114583332,18191.526276041663,33202.54807291667
000_1605,75,620.25,76687.1609375,9757.121315104168,97417.38645833332
000_492,75,620.25,43241.47880208334,50323.99578125,51923.097604166665
000_2446,75,620.25,826.356024576823,99558.935625,88586.68552083333
000_2899,75,620.25,16098.214505208334,99730.65072916666,45248.22161458333
000_658,75,620.25,78681.075625,117822.31166666666,66558.07114583334
000_1521,74,611.98,26317.49158044764,27076.234480574323,99369.26330236488
000_999,74,611.98,39386.34813133446,77291.1453758446,101191.38091216216
000_39,74,611.98,97019.52576013512,65863.29544974663,21687.085515202703
000_2087,74,611.98,87020.12647804055,58917.69784628379,86688.94087837837
000_2634,74,611.98,103248.64073057432,30618.011402027027,46616.57986697635
000_1429,74,611.98,110004.7756545608,48948.26752533784,106426.61665962836
000_1891,74,611.98,57570.13344594595,109239.65720016892,87862.58730996621
000_202,74,611.98,44273.39632601351,108996.36665962836,114669.54624155404
000_1916,74,611.98,44316.65060177365,14428.123482369088,67666.7339527027
000_2358,74,611.98,13984.588999155403,61593.26821157095,24538.394108952703
000_1804,74,611.98,13252.152911211992,61564.88144003379,46247.65350506757
000_3105,74,611.98,7519.177147117821,68830.7018581081,89722.73384712837
000_1310,74,611.98,49009.57875844595,84379.06260557432,28824.718670819257
000_1570,74,611.98,67415.09660050676,118536.9665329392,103672.92757601352
000_2464,74,611.98,96453.82105152028,10734.563991237332,41968.51720861487
000_1796,74,611.98,76190.71758868243,85151.74619932432,94149.05711570944
000_1947,74,611.98,47738.65287162162,2566.979554872255,81015.59279983108
000_1156,74,611.98,79062.59660050676,42419.01873944257,108125.4244087838
000_1652,74,611.98,68028.78959037163,87575.03378378379,63764.59401393581
000_445,74,611.98,25694.88846072635,26047.28370460304,124.749885825692
000_3567,74,611.98,62747.75073902027,50802.70586993243,32280.39577174831
000_1557,74,611.98,38953.14347550676,35546.48115498311,112912.63397381756
000_2775,74,611.98,108714.96484375,27816.915171030407,109155.4623099662
000_453,74,611.98,34750.62061866554,29540.047904349663,29456.56149704392
000_919,74,611.98,31352.37455130912,46808.86803209459,85542.14421452703
000_1047,74,611.98,88916.32590793919,26039.56640625,73133.59142736487
000_1699,74,611.98,32245.91287478885,17815.227459881757,98056.2162162162
000_952,74,611.98,51803.49102618243,71803.37964527027,96683.42176942568
000_1036,74,611.98,24219.14870143581,76249.27269847973,99993.44774070944
000_2703,74,611.98,332.82737216433964,79677.02143158784,97089.52354307432
000_3432,73,603.7099999999999,17305.07767016267,60915.7683005137,13718.47400738442
000_1660,73,603.7099999999999,1450.564886641829,72819.8571275685,103394.51530393836
000_3421,73,603.7099999999999,59792.46955265411,52084.77006635274,38438.40839041096
000_1056,73,603.7099999999999,86681.79302226027,8729.83184396404,23619.96698416096
000_1704,73,603.7099999999999,28519.95764661815,63603.82459332192,31014.48774614726
000_1186,73,603.7099999999999,79333.23426797945,48743.25053510274,92296.8172089041
000_487,73,603.7099999999999,6832.438369541952,28368.50157855308,16354.03409942209
000_3407,73,603.7099999999999,60088.298533818495,41043.21794734589,16985.01038099315
000_3352,73,603.7099999999999,105734.5957833904,47088.0612692637,65191.38083261986
000_1563,73,603.7099999999999,64589.88238441781,60398.27172517123,100897.96264982875
000_336,73,603.7099999999999,91672.98533818492,51158.97527825343,14515.821850920376
000_339,73,603.7099999999999,8887.19877729024,11764.790025684932,13332.1716208262
000_3781,73,603.7099999999999,52318.20831549657,49686.21131207192,30940.047543878423
000_2342,73,603.7099999999999,81835.98009417808,47886.12703339041,49606.27311643836
000_2109,73,603.7099999999999,100638.66802226027,117625.28478167808,94677.04409246576
000_2126,73,603.7099999999999,4517.9208114833045,12412.731726241438,74561.9187714041
000_735,73,603.7099999999999,98811.8491010274,11041.841917273116,93828.2866010274
000_1616,73,603.7099999999999,20268.05934289384,67238.12585616438,82988.38580907535
000_2391,73,603.7099999999999,82337.12756849315,25668.66978809932,80360.22955907535
000_2320,73,603.7099999999999,9125.893220248288,22203.388564854453,84046.47506421233
000_2855,73,603.7099999999999,41322.07753638698,40822.50395976027,24101.248876284248
000_37,73,603.7099999999999,86718.30704195205,36917.40314640411,52017.6708583048
000_2927,73,603.7099999999999,75366.31731592465,31947.31076091609,18815.30832619863
000_2802,73,603.7099999999999,42554.50829409246,37635.91325984589,25216.73865582192
000_3453,73,603.7099999999999,71743.92979452055,108288.12285958904,111221.55404537672
000_1384,72,595.4399999999999,69901.85481770833,99708.2978515625,26780.913628472223
000_258,72,595.4399999999999,28273.388753255207,72620.67209201389,112649.87434895831
000_1893,72,595.4399999999999,20699.75366210937,116858.55674913194,69446.2314453125
000_168,72,595.4399999999999,28351.846706814234,115016.17176649306,61860.69607204861
000_3186,72,595.4399999999999,82924.44715711806,59363.07796223959,60018.03325737847
000_387,72,595.4399999999999,47297.38726128472,59544.18760850695,43041.49381510416
000_1800,72,595.4399999999999,75983.20746527778,81996.64854600694,95546.2585720486
000_1713,72,595.4399999999999,25681.21666124132,61189.59673394097,30929.30585394965
000_1662,72,595.4399999999999,66585.16883680556,94706.88248697916,54966.5927734375
000_3506,72,595.4399999999999,17316.142198350695,68532.06510416667,16918.115831163195
000_171,72,595.4399999999999,31682.06662326389,115946.23253038194,63007.88368055556
000_2847,72,595.4399999999999,111722.55023871528,70481.95269097222,67473.07628038194
000_2663,72,595.4399999999999,9804.573215060764,74582.55978732639,77718.1806640625
000_633,72,595.4399999999999,106404.85177951388,47721.349229600695,8968.130181206598
000_1040,72,595.4399999999999,35674.24782986111,82468.14214409722,107653.9402126736
000_981,72,595.4399999999999,56473.64398871528,74722.46907552083,42950.83968098959
000_1263,72,595.4399999999999,61459.53249782986,116775.18999565972,46222.55544704861
000_1740,72,595.4399999999999,71678.64322916667,22193.14398871528,97670.59798177084
000_2102,72,595.4399999999999,57531.11886935764,45182.76383463541,51512.98432074653
000_953,72,595.4399999999999,2479.5970594618057,113937.88389756944,12268.882893880207
000_2032,72,595.4399999999999,26203.04977756077,118213.83561197916,29225.796929253476
000_3568,72,595.4399999999999,9523.616807725695,110122.50162760416,45875.03586154514
000_89,72,595.4399999999999,74068.09917534722,14251.15681966146,44618.216688368055
000_2424,72,595.4399999999999,105521.56412760416,65407.52354600695,72183.05056423611
000_743,72,595.4399999999999,106176.65071614584,10600.03626844618,92034.6105685764
000_256,71,587.17,74268.60629401408,57200.480633802814,73654.54533450704
000_64,71,587.17,39835.20587588028,57984.83956866197,384.3421203989378
000_315,71,587.17,11304.066378741198,94761.47183098592,86282.59419014085
000_3148,71,587.17,27894.522804797536,84883.38270246479,70480.26705545775
000_2035,71,587.17,30566.85194762324,116355.48129401408,38240.3457306338
000_2462,71,587.17,105847.54159330986,94938.8389084507,82876.40834066902
000_2284,71,587.17,69729.7723371479,106908.8319762324,90755.6884903169
000_2569,71,587.17,79362.46522887323,72272.36938820423,73757.20114436619
000_2916,71,587.17,47635.95290492957,95545.02002640846,89599.50011003521
000_190,71,587.17,100584.05809859154,80401.18331866198,12939.812059859154
000_3728,71,587.17,26119.493122799297,67396.74097711267,97076.51342429576
000_182,71,587.17,43083.54995598592,109814.19784330986,67695.73844630281
000_3505,71,587.17,5955.388245488556,80923.35068221831,90297.21324823944
000_1221,71,587.17,48410.41829885564,47528.429082306335,81314.41087147887
000_566,71,587.17,45269.67902728873,34354.551771566905,442.1912148703992
000_250,71,587.17,27707.466686839787,119269.9373899648,11108.970703125
000_2823,71,587.17,87565.93320862677,21781.96445862676,34775.20912191901
000_1802,71,587.17,50181.19014084507,2987.2083757427376,9502.56424680898
000_462,71,587.17,34207.77162191901,9148.545733384684,40092.58324163732
000_528,71,587.17,110601.86971830986,37052.75814260564,38385.04038292253
000_3904,71,587.17,67011.47304137323,89358.55545774648,15931.874876210388
000_3136,71,587.17,46741.35464348592,43933.77954445423,25274.536971830985
000_2859,71,587.17,16518.667102222713,65416.17803697183,15100.697210607394
000_2130,71,587.17,3115.214269503741,34773.249779929574,57465.16059639085
000_73,71,587.17,20959.10037962148,7960.820676991637,49588.37169894367
000_674,70,578.9,95410.21595982143,1821.074089704241,97398.61506696428
000_3910,70,578.9,63000.68895089286,93168.23895089286,51588.341796875
000_1797,70,578.9,62135.88487723214,16707.0326171875,7272.3271484375
000_1593,70,578.9,74639.99732142857,92693.79408482143,72184.14877232142
000_1114,70,578.9,45953.26467633928,93270.69854910714,84870.48013392858
000_1149,70,578.9,73118.13984375,36693.724609375,114561.61640625
000_2652,70,578.9,78809.95212053572,39418.27198660714,79567.653125
000_1007,70,578.9,38012.35535714286,84434.93069196428,104923.77176339286
000_1012,70,578.9,55640.70111607143,76980.25636160714,48357.371484375
000_846,70,578.9,69942.78203125,105474.51183035714,106602.47444196428
000_937,70,578.9,109662.13091517855,9532.800851004464,108106.34966517855
000_1001,70,578.9,39988.65597098215,59090.082477678574,92437.64397321428
000_2166,70,578.9,81059.31205357143,6407.078920200893,47521.84341517857
000_3413,70,578.9,1659.5411324637278,87347.65334821428,50353.69112723215
000_824,70,578.9,54378.43671875,78163.36205357143,79200.01997767857
000_2754,70,578.9,406.64653897966656,69833.0560267857,69243.62946428571
000_1822,70,578.9,9826.363602120537,116956.62957589286,37571.50033482143
000_377,70,578.9,841.5986899239676,116606.71316964286,103256.33638392856
000_1471,70,578.9,60207.993694196426,1314.1113045828683,96577.90714285716
000_2431,70,578.9,67886.14944196428,102153.96696428572,75694.7603794643
000_3216,70,578.9,24271.382728794644,96558.21026785714,75426.29241071429
000_626,70,578.9,56897.01205357143,7441.753355189732,29264.841936383928
000_767,70,578.9,31980.071875,105400.30122767856,77971.16852678571
000_997,70,578.9,40141.08018973214,109636.58839285714,83324.61729910714
000_3135,70,578.9,69950.54910714286,53821.11395089285,59880.934933035714
000_1734,70,578.9,34437.22126116072,13880.162751116071,96252.29832589286
000_3876,70,578.9,40145.54268973215,95435.95859375,87876.9875
000_772,70,578.9,86241.56026785714,18320.355859375,6979.230796595982
000_710,70,578.9,30417.08080357143,3625.386052594866,30773.400223214285
000_2259,70,578.9,69744.48258928572,89270.27176339286,81287.32756696429
000_3107,70,578.9,95292.52544642855,75962.62991071428,77168.68816964286
000_3287,70,578.9,58749.90558035715,47861.86685267857,30538.208342633927
000_1573,70,578.9,67175.89877232142,115361.47254464286,107748.22589285714
000_205,70,578.9,42864.53482142857,72303.37589285715,79729.07243303572
000_2615,70,578.9,92768.48738839284,74928.16830357142,72474.25513392857
000_345,69,570.63,30100.23046875,31829.36848958333,37622.95504981884
000_2210,69,570.63,6625.145578577899,79366.04483695653,72122.18614130435
000_2887,69,570.63,68236.37986865942,38200.04738451087,19395.839702219204
000_2188,69,570.63,55297.00583106884,66650.71976902174,63086.84776947464
000_2375,69,570.63,78261.05208333333,61985.83095561594,32368.492725317028
000_1185,69,570.63,62831.74422554348,41792.319463315216,101707.212182971
000_1582,69,570.63,72177.92980072464,91225.90851449277,68193.88201992754
000_1,69,570.63,58899.49637681159,114797.62522644928,14592.2412109375
000_2963,69,570.63,108530.80389492754,26942.157467164856,72060.08367300725
000_3162,69,570.63,75961.85043025362,56931.80712182971,47456.09992074275
000_1323,69,570.63,55461.06906702898,74637.98596014493,19907.29497848732
000_1071,69,570.63,57800.659307065216,78898.53396739131,91793.3915307971
000_2988,69,570.63,21539.374886775364,101008.8524682971,62302.63677536232
000_371,69,570.63,80675.75634057971,80485.16009963768,38446.348788496376
000_1281,69,570.63,73764.04053442029,116063.78793025362,49786.292232789856
000_3125,69,570.63,155.7927013065504,85554.24003623189,90737.43682065218
000_2565,69,570.63,90853.07246376813,91187.57110507246,80744.49943387682
000_2985,69,570.63,20888.63697350544,66746.18580163043,18819.403475996376
000_2939,69,570.63,3734.0549988677535,72939.85360054347,79002.25792572464
000_1111,69,570.63,100475.83706974638,3580.591343976449,32576.102213541668
000_3459,69,570.63,35671.25730298913,99270.06317934782,63989.09210824275
000_3669,69,570.63,23333.136548913044,90082.4654664855,89465.28509963768
000_2540,69,570.63,83825.92538496378,74513.04461050725,79364.93557518115
000_1382,69,570.63,64966.370244565216,101027.96557971014,40402.61548913043
000_412,69,570.63,87621.70844655797,95795.9086277174,39751.84142889493
000_3787,69,570.63,101067.24150815218,37896.88309556159,59821.536514945656
000_2539,69,570.63,101687.12228260867,246.8863454348799,42049.121716485504
000_1708,69,570.63,64254.39119112319,1959.243266672328,88378.21591938406
000_2366,69,570.63,75486.63417119565,111651.967504529,84419.71852355072
000_477,69,570.63,3307.9522262794385,14826.878368432972,22122.01885190217
000_2355,68,562.36,639.4125052059399,43135.37948069853,72357.93313419117
000_373,68,562.36,73879.30307904411,1739.7695330451515,22635.619427849266
000_493,68,562.36,39684.84696691176,112056.3982077206,39026.24741498162
000_832,68,562.36,18117.559972426472,96643.02676930148,96167.90085018384
000_490,68,562.36,26587.719267003675,13141.185101677387,32798.72518382353
000_2297,68,562.36,72506.60282628676,27806.01904296875,83480.48483455883
000_2091,68,562.36,94422.59375,97627.09087775736,90660.68244485294
000_863,68,562.36,71838.87247242648,92159.09639246324,113093.54825367648
000_2197,68,562.36,104480.61213235294,102351.09329044116,114394.3239889706
000_23,68,562.36,85449.26309742648,109285.6815257353,114668.03619025736
000_1248,68,562.36,42847.08392693015,92130.47552849264,42611.14895450368
000_3064,68,562.36,1855.678513470818,84034.61477481617,81510.32169117648
000_1065,68,562.36,55507.30842141544,87291.48713235294,94308.47035845587
000_675,68,562.36,58468.2977366728,360.5917823454913,27564.281020220587
000_565,68,562.36,51183.10908777574,12312.386991613052,18099.446662454044
000_3142,68,562.36,73743.93049172794,33583.35673253676,87029.81341911765
000_185,67,554.0899999999999,47934.91458722015,116602.22621268655,104456.97481343284
000_1211,67,554.0899999999999,57107.56086753732,49638.84654850746,106835.81238339552
000_1182,67,554.0899999999999,45673.8770988806,58526.32666744403,67047.52880130598
000_3848,67,554.0899999999999,24641.31894239739,89771.64750466419,62638.45551539179
000_660,67,554.0899999999999,64267.87144356343,3076.87646484375,19985.309205923502
000_2209,67,554.0899999999999,10973.112960587689,79108.82217817164,70045.87674906716
000_414,67,554.0899999999999,80351.06541511194,69678.2666744403,16054.948883512126
000_2125,67,554.0899999999999,88845.48495802238,1284.047988208372,57290.68779151119
000_3934,67,554.0899999999999,67764.7760027985,98345.30188899254,89640.2776352612
000_2246,67,554.0899999999999,105412.24871735074,102859.0796408582,109997.4131296642
000_147,67,554.0899999999999,73789.26749067164,15799.384168027053,45089.75932835821
000_1451,67,554.0899999999999,89296.80037313433,54922.17315764925,50390.70265858209
000_2682,67,554.0899999999999,171.94779156926853,71316.35879197762,114151.20907182836
000_3797,67,554.0899999999999,31811.20067630597,96674.182369403,103977.91289645522
000_1122,67,554.0899999999999,39436.86777052239,59409.756471548506,65386.16149720149
000_1396,67,554.0899999999999,67534.42583955223,102380.7630597015,39524.72405550373
000_3093,67,554.0899999999999,97077.671875,38365.202308768654,71440.71035447762
000_654,67,554.0899999999999,24693.112873134327,13378.415753264926,2198.2055591184703
000_1444,67,554.0899999999999,6213.277445778918,101054.6469216418,72041.79419309701
000_3656,67,554.0899999999999,8609.154515508395,62750.36864505597,77670.9166277985
000_3524,67,554.0899999999999,17467.166365438432,85650.36065764926,53813.55999300373
000_3497,67,554.0899999999999,10313.50924090485,80005.4791277985,57752.94163945896
000_2857,67,554.0899999999999,101333.89307369402,29650.0264400653,91829.50618003732
000_970,67,554.0899999999999,49508.28463152985,64222.622784514926,98998.47166511194
000_3621,66,545.8199999999999,4218.1435546875,61613.14891098485,54392.576290246216
000_567,66,545.8199999999999,71571.79403409091,5863.682017933239,16482.247025923294
000_4154,66,545.8199999999999,32269.523910984848,94690.43359375,88531.85523200757
000_3574,66,545.8199999999999,70730.25639204546,56448.00633285985,68940.27497632576
000_615,66,545.8199999999999,40623.71413352273,34214.829071969696,14159.23789654356
000_2447,66,545.8199999999999,145.95130706555915,101451.86848958331,88110.27331912878
000_1202,66,545.8199999999999,52274.673828125,49450.57504734849,83046.28196022728
000_1307,66,545.8199999999999,95701.33629261365,77227.26065340909,84827.76917613637
000_1184,66,545.8199999999999,57988.91122159091,51052.154060132576,111402.2665719697
000_3152,66,545.8199999999999,11033.697088068182,99824.77391098483,52188.77450284091
000_27,66,545.8199999999999,89332.40340909091,24939.788352272728,45463.32463304924
000_2917,66,545.8199999999999,53588.435546875,94918.07895359848,87648.16157670454
000_2938,66,545.8199999999999,24478.358280066288,52859.395951704544,105058.2743844697
000_2044,66,545.8199999999999,30123.15323153409,6009.507893880208,76895.89074337122
000_916,66,545.8199999999999,60246.75574100378,61471.70590672349,113813.67353219698
000_3059,66,545.8199999999999,13469.678562973484,101754.9511126894,70174.26242897728
000_2525,66,545.8199999999999,11668.119007457386,55151.62997159091,6031.214029947917
000_787,66,545.8199999999999,37734.74058948864,37465.29142992424,83158.25213068182
000_4224,66,545.8199999999999,46659.60943418561,48299.88565340909,26635.606119791668
000_3340,66,545.8199999999999,12397.736964370266,85314.17767518939,75084.75769412878
000_2312,66,545.8199999999999,84680.70182291667,114867.31474905302,80821.39678030302
000_1610,65,537.55,15181.704056490384,65048.97884615385,84048.9046875
000_2662,65,537.55,7514.5836838942305,76086.3483173077,77335.78209134615
000_3648,65,537.55,81265.4108173077,61469.433894230766,59969.89381009615
000_971,65,537.55,54943.32512019231,61182.73094951923,101659.4375
000_4228,65,537.55,46961.06412259615,49102.86508413462,25841.264663461538
000_2989,65,537.55,27935.108984375,49861.444471153845,107441.32103365385
000_3086,65,537.55,13129.914393028846,101636.15504807692,65620.86748798077
000_1411,65,537.55,59402.97025240384,97466.16502403846,42723.22469951923
000_379,65,537.55,75595.52463942308,79348.53125,48751.09915865384
000_1881,65,537.55,18692.81280048077,78577.02776442308,10843.250270432693
000_2810,65,537.55,7929.123753004807,48681.629146634616,66828.38016826923
000_1366,65,537.55,74303.09939903846,108072.32764423075,33775.88635817308
000_794,65,537.55,75756.75192307692,6477.574631911058,105432.50985576924
000_623,65,537.55,29317.38596754808,81400.9186298077,48915.556610576925
000_642,65,537.55,57175.40606971154,8714.789708533654,35986.78251201923
000_1749,65,537.55,69966.12211538461,12038.49247295673,2021.5000225360577
000_631,65,537.55,56116.79122596154,33686.30673076923,32674.377884615384
000_1757,65,537.55,68943.51081730769,34766.149759615386,15021.109690504809
000_1746,65,537.55,67015.72620192308,14518.272566105768,2142.062389197716
000_609,65,537.55,9578.81278545673,19475.36775841346,41161.87091346154
000_1435,65,537.55,43846.419411057694,1230.3852567232573,20846.08698918269
000_334,65,537.55,15990.025405649038,95109.15757211538,110038.94579326925
000_3124,65,537.55,16445.85009014423,77883.66286057692,92271.70444711538
000_3685,64,529.28,66182.11242675781,99637.63122558594,95080.6707763672
000_519,64,529.28,38371.19354248047,110963.2589111328,39674.47979736328
000_2405,64,529.28,86661.29602050781,118332.65795898438,77781.54418945312
000_1821,64,529.28,11747.136978149414,31500.047241210938,68451.12463378906
000_1819,64,529.28,1305.5194854736328,24028.280059814453,59072.48358154297
000_572,64,529.28,14071.052947998049,5324.175674438477,37355.61932373047
000_470,64,529.28,13411.13800048828,38918.8876953125,6901.538291931152
000_112,64,529.28,62476.35772705078,1670.5839767456057,46048.83599853516
000_2535,64,529.28,93549.42138671876,23485.658416748047,15967.141159057615
000_126,64,529.28,2125.310459136963,97779.46337890624,56206.35125732422
000_1320,64,529.28,67882.16125488281,51315.837158203125,14088.045944213867
000_3029,64,529.28,58018.93292236328,95323.81762695312,90742.2882080078
000_632,64,529.28,55736.20056152344,34696.252197265625,32726.39077758789
000_362,64,529.28,3898.1474266052246,119299.43774414062,113375.33386230467
000_799,64,529.28,36100.116455078125,6003.402404785156,31366.54302978516
000_1695,64,529.28,74273.56213378906,20607.459503173828,92689.29248046876
000_1541,64,529.28,34582.29260253906,35721.016662597656,107199.59521484376
000_341,64,529.28,11402.991104125977,7054.507781982422,10516.154418945312
000_3326,64,529.28,96849.01904296876,37789.12365722656,84964.91455078125
000_1981,64,529.28,49352.43756103516,105631.95642089844,65788.3012084961
000_2229,64,529.28,44735.60534667969,87655.97961425781,104822.47509765624
000_976,64,529.28,51460.930908203125,64935.88897705078,100280.33569335938
000_2030,64,529.28,32092.348236083984,93333.13793945312,38512.96551513672
000_56,64,529.28,35733.073486328125,51131.81274414063,3745.663185119629
000_3183,64,529.28,84708.41198730469,41354.62048339844,61178.09967041016
000_238,64,529.28,174.14115960896015,25782.759063720703,111284.0262451172
000_3227,64,529.28,4201.606716156006,82469.37451171875,86621.79345703125
000_3184,64,529.28,84985.6767578125,42519.39691162109,62868.403259277344
000_3667,64,529.28,70806.27868652344,25857.57202148437,94263.0675048828
000_1066,63,521.01,51121.40023561508,76080.89459325396,94639.31051587302
000_2021,63,521.01,32872.141307043654,5245.554889012897,78358.32713293651
000_1564,63,521.01,71283.23797123016,18263.51636904762,102193.81969246033
000_155,63,521.01,86628.125,38538.26314484127,53310.16865079365
000_2033,63,521.01,24577.18771701389,119150.88950892857,32852.47557043651
000_3652,63,521.01,1832.761652870784,44290.07855902778,71797.09027777778
000_1929,63,521.01,53282.26810515873,10256.111560639882,73561.45461309524
000_3874,63,521.01,757.5795520600818,71889.02591765873,71244.82738095238
000_2345,63,521.01,5227.362831721231,35085.94723462302,70193.45448908731
000_432,63,521.01,36076.69246031746,10022.513082837302,43764.7707093254
000_679,63,521.01,76365.76922123016,86536.47718253969,5300.066204737103
000_1142,63,521.01,67862.17894345238,31718.885540674604,112150.96267361112
000_90,63,521.01,77895.98685515873,20589.60890997024,47121.27039930556
000_1126,63,521.01,55775.916294642855,83135.50967261905,111540.07502480158
000_2543,63,521.01,75928.88107638889,68540.66542658731,73751.94680059524
000_2340,63,521.01,75289.77752976191,26665.146732390876,80227.22482638889
000_1407,63,521.01,61811.31138392857,93526.10416666669,32200.930462549604
000_3855,63,521.01,1911.9816138857889,87279.75558035714,48551.86185515873
000_2620,63,521.01,67610.56659226191,40382.24888392857,29464.537202380958
000_1654,63,521.01,65797.90513392857,87192.28459821429,62098.41108630953
000_819,63,521.01,62667.87605406746,1105.3072432260665,113338.89657738096
000_388,63,521.01,86851.08618551587,100985.18799603176,109765.42609126984
000_1388,62,512.74,55596.88911290323,97672.78112399194,32878.491840977826
000_2826,62,512.74,95232.55871975806,20010.953629032258,31785.515593497985
000_3111,62,512.74,75629.36958165323,36081.38407258064,82202.90675403226
000_3262,62,512.74,108411.97681451614,82490.96043346774,72894.8597530242
000_934,62,512.74,109574.71509576614,116.38318535589404,110936.86139112904
000_2815,62,512.74,5805.225798576109,68842.20451108871,96861.63583669356
000_1983,62,512.74,45431.25900957661,10249.89705141129,79559.51045866935
000_2155,62,512.74,21689.49798387097,105029.00151209676,77392.88230846774
000_2138,62,512.74,103985.63659274194,97418.71358366936,100145.27066532258
000_1209,62,512.74,79380.61743951614,39919.897114415326,110783.66355846774
000_212,62,512.74,44363.04133064516,110050.59538810483,112557.35017641127
000_1485,62,512.74,11957.435216103831,20351.00463079637,88571.97744455645
000_2957,62,512.74,110653.54977318548,33915.104838709674,52358.69739163307
000_1246,62,512.74,66028.19052419355,42945.6662046371,83911.63508064517
000_731,62,512.74,43010.13760080645,5440.46675749748,23804.04076360887
000_2538,62,512.74,80796.28099798386,23430.308373235886,81982.90650201614
000_3587,62,512.74,41812.36164314516,44686.17723034274,28969.62052671371
000_1895,62,512.74,61861.59702620968,23867.625504032258,78543.35345262097
000_848,62,512.74,65277.399382560485,98889.67288306452,115523.6257560484
000_3364,62,512.74,14929.349955897178,102667.03276209676,59410.9415952621
000_1606,62,512.74,104082.14591733873,33130.866557459674,86737.51260080645
000_1646,62,512.74,68797.13961693548,87154.03704637097,53155.64377520161
000_2545,62,512.74,11687.67275705645,57039.1441532258,7644.773059475807
000_1761,62,512.74,72147.76675907258,39064.10149949597,15070.853342363913
000_3523,62,512.74,15721.54548891129,98406.5238155242,55589.79240171371
000_440,62,512.74,79654.08568548386,60009.39616935484,63342.70161290323
000_2477,62,512.74,45921.30021421371,47572.57213961693,13079.486438382057
000_2873,62,512.74,10842.757954259072,74932.36126512097,99444.62373991936
000_648,62,512.74,54988.54435483871,9490.032604586691,32670.31530367944
000_3620,62,512.74,98889.77041330644,81872.86025705645,77104.80519153226
000_507,62,512.74,66632.76575100806,92198.1011844758,42476.8654233871
000_3619,62,512.74,37501.12449596774,98425.6484375,61799.77917086693
000_1292,62,512.74,68216.47139616935,70991.11731350806,45594.89289314516
000_1253,62,512.74,51555.17527721774,26099.790354082663,88695.80078125
000_2432,62,512.74,95526.37336189517,88814.9879032258,81346.26789314517
000_2007,61,504.47,34130.72649846312,5819.205230212602,73808.18429815574
000_3190,61,504.47,10059.83888319672,105990.47156762295,55764.295978483606
000_178,61,504.47,41920.88518186475,113391.44864241804,65249.79328893442
000_54,61,504.47,94009.67392418032,2911.0119428790986,7994.2238009093235
000_1087,61,504.47,105853.85783811477,44446.53515625,37436.50589139344
000_1414,61,504.47,62563.87564036885,89383.91086065574,10332.259125256149
000_1422,61,504.47,65455.31589395492,108630.1168032787,53171.40106301229
000_2411,61,504.47,82602.19736168033,64996.018826844265,35598.3962602459
000_2232,61,504.47,108503.35963114754,101455.04982069672,108009.05148565574
000_1212,61,504.47,56574.51517674181,50890.557697233606,107123.80263831968
000_3191,61,504.47,9468.9689741291,107265.92392418032,56292.35213883197
000_2715,61,504.47,8559.289374679816,69850.20927254099,111835.920210041
000_2162,61,504.47,103639.20594262295,98042.326460041,106077.67686987705
000_947,61,504.47,82933.58055840163,758.2419858838691,25636.517898309427
000_3940,61,504.47,14990.634829661883,86535.56582991804,52482.09810450819
000_3465,61,504.47,95203.66419057376,22647.821689293032,29835.541912141394
000_1124,61,504.47,53363.34035604508,81451.2165727459,112488.83747438523
000_1359,61,504.47,58438.45120389344,107475.33222336066,50025.58561731558
000_321,61,504.47,33697.64805327869,65149.81269211065,85695.12794569672
000_747,61,504.47,89934.97041495901,10750.49487704918,89032.26831454918
000_1887,61,504.47,40145.98559170082,9784.326860271516,77337.41547131147
000_661,61,504.47,64020.97701075819,2696.1598320632684,18948.862832991803
000_133,61,504.47,106230.23808913934,85288.27266905738,32697.92482069672
000_113,61,504.47,71107.30353483607,7659.840219966701,52555.805455942624
000_3018,61,504.47,20244.645075563523,67997.79572233607,19182.14427510246
000_1857,61,504.47,72306.22707479508,29064.418288934427,13590.23658427254
000_91,61,504.47,76927.81442110655,19713.61901255123,46771.6150102459
000_3032,61,504.47,94602.8311987705,7475.230588819159,40543.78963883197
000_1805,61,504.47,72881.00192110655,81802.26793032787,98474.08696209016
000_3007,61,504.47,104332.39139344262,85001.77727971312,76393.5108862705
000_693,61,504.47,81636.24538934426,88475.51293545082,6468.468069608094
000_870,61,504.47,71896.66124487705,95076.70261270492,112559.66598360657
000_3375,61,504.47,64395.44082991804,41416.62474385246,19314.56650230533
000_813,61,504.47,104346.1271772541,10023.21154585041,111320.8381147541
000_791,61,504.47,68956.30968237705,5230.004162397541,105517.4456967213
000_1710,61,504.47,65963.2096567623,6147.287773757685,92258.2521772541
000_3104,61,504.47,6929.868500256148,66907.62820184426,89971.72054303279
000_620,60,496.2,36997.8958984375,23877.40830078125,4473.796215820313
000_3009,60,496.2,96301.45833333331,71294.66966145833,73875.66184895833
000_1836,60,496.2,14465.459944661456,22114.5978515625,65389.58020833333
000_1826,60,496.2,32512.885384114583,57966.47669270833,34204.659895833334
000_96,60,496.2,60451.2556640625,495.8082735697428,59603.41686197917
000_1481,60,496.2,49036.66510416667,2665.901826985677,8663.303857421875
000_1542,60,496.2,31285.905403645836,34341.854231770834,107848.00833333332
000_1217,60,496.2,53171.48977864583,42983.80084635417,104083.071484375
000_193,60,496.2,47744.35520833333,119370.42578125,70167.38893229167
000_2961,60,496.2,95889.03138020834,35845.0453125,62865.126171875
000_2997,60,496.2,69556.5875,33207.019694010414,80323.57083333333
000_2818,60,496.2,33720.10071614583,91843.09635416669,80448.90794270833
000_3197,60,496.2,9759.770426432293,57145.555924479166,94650.81145833334
000_1299,60,496.2,70764.67786458334,72096.419921875,36865.93515625
000_3208,60,496.2,100511.6671875,39551.009049479166,61529.89954427083
000_1811,60,496.2,37401.08515625,54733.1001953125,30418.710026041663
000_517,60,496.2,55958.14446614583,115502.02682291668,45441.8318359375
000_1153,60,496.2,20882.3787109375,816.8856079101563,98583.38684895834
000_910,60,496.2,93823.47747395834,17061.914713541668,100254.95729166668
000_3308,60,496.2,34136.3484375,97531.13229166668,82537.295703125
000_2327,60,496.2,21313.14925130208,66691.65403645833,2884.1437744140626
000_137,60,496.2,98681.96223958331,111557.71627604168,73075.78151041667
000_125,60,496.2,104474.917578125,93313.6296875,7720.314697265625
000_1721,60,496.2,24082.64619140625,63887.972265625,32720.988313802085
000_1754,60,496.2,61760.941015625,22310.94921875,99971.530859375
000_2094,60,496.2,20464.589615885416,115074.00729166668,74584.19830729166
000_1664,60,496.2,65193.788671875,95918.462109375,55258.42161458333
000_852,60,496.2,19719.001627604168,52074.1537109375,41489.14296875
000_1953,60,496.2,32447.08955078125,4385.211482747396,85701.34427083333
000_810,60,496.2,100938.24388020832,9705.922347005207,109151.34088541666
000_1334,60,496.2,53163.6826171875,73021.409375,18534.83082682292
000_1100,60,496.2,47789.858138020834,98780.85052083334,84061.29348958333
000_4205,60,496.2,65437.28548177084,97687.86484375,90072.584765625
000_1032,60,496.2,61029.93951822917,73481.752734375,95381.228515625
000_1024,60,496.2,29432.934993489584,79665.67630208333,102468.44895833332
000_2242,60,496.2,86543.52109375,107192.15611979166,82802.14466145834
000_1976,60,496.2,42408.3578125,14441.156168619793,59841.773046875
000_786,60,496.2,90021.19765625,3734.406591796875,114600.526171875
000_751,60,496.2,45197.609765625,232.9447659333547,20516.612044270834
000_2659,60,496.2,10815.735628255208,113194.74622395834,64852.8638671875
000_1228,59,487.93,60280.02496027543,45159.91386387712,105473.37698622882
000_80,59,487.93,79639.37063029662,21112.39757680085,47015.188360699154
000_1308,59,487.93,90625.14088983052,69495.24059851695,94075.1186440678
000_549,59,487.93,52915.81110963983,39866.46954449153,534.1684753935216
000_1179,59,487.93,66675.6342690678,48646.66326800847,107767.89909957629
000_4139,59,487.93,25127.30246954449,86138.21663135593,99691.82309322034
000_1799,59,487.93,67950.4233315678,18532.01413532839,5726.342475503178
000_1176,59,487.93,51685.78323622881,41250.041644597455,78189.42015360169
000_1143,59,487.93,68523.89790783898,32561.63105799788,114407.92399364409
000_649,59,487.93,55441.85050317797,11340.145160222455,30984.46577065678
000_2454,59,487.93,19530.164228019068,72491.17439088984,11028.869355799789
000_1155,59,487.93,73399.78972457627,38502.49106197034,103637.98887711864
000_2394,59,487.93,66878.50688559322,37542.72398040255,67051.390625
000_4003,59,487.93,19576.904230667373,64897.19465042373,16207.03161414195
000_974,59,487.93,2601.357339115466,100522.92929025424,10559.42202396716
000_2697,59,487.93,755.2126506223517,75966.37129237287,114579.77039194916
000_950,59,487.93,50802.1235434322,57507.396649894064,102976.65638241524
000_3298,59,487.93,98025.15611758476,863.4455638820842,48481.00443591102
000_2231,59,487.93,64970.06263241525,30665.57776085805,1851.3243759931145
000_1469,59,487.93,54120.35030455508,117620.6704184322,56116.96795550847
000_2785,59,487.93,5483.4621292372885,52251.5241657839,73633.98967161016
000_1235,59,487.93,20773.28356726695,29384.949649099577,111054.42227224576
000_861,59,487.93,66276.51933262713,97340.41167902542,109392.02701271189
000_2594,59,487.93,108070.27820444916,74812.90161546611,57725.928826800846
000_3356,59,487.93,95594.42743644067,5485.334754038665,36508.1359904661
000_3330,59,487.93,13444.08928098517,85725.18061440678,73500.86387711864
000_1741,59,487.93,20166.209480932204,53968.5085407839,89909.89022775424
000_2351,59,487.93,81445.90823622882,61552.43955243644,39958.3686440678
000_1598,59,487.93,73455.04661016949,88615.06170550847,72179.51641949153
000_3077,59,487.93,106646.28111758476,74388.09653072034,71324.72868114407
000_3402,59,487.93,6250.643314684851,81157.79713983051,44970.71735963983
000_2207,59,487.93,5384.106594279661,21260.5522378178,73756.87817796611
000_2199,59,487.93,107666.12804555084,105503.00105932204,93566.18313029662
000_723,59,487.93,38951.884600105936,15129.952164989409,4173.6691604872885
000_695,59,487.93,85171.51827330509,94378.53045550847,10732.698258739409
000_3126,58,479.66,108049.40544181036,55607.4341325431,60052.01124730604
000_933,58,479.66,108827.04229525862,1422.71687264278,111029.41096443964
000_4010,58,479.66,15273.064065867457,88718.18143857758,52675.23572198276
000_1518,58,479.66,45289.88759428879,45929.8110856681,107473.1585398707
000_968,58,479.66,3879.741109913793,106874.85425646552,19024.000168372844
000_2767,58,479.66,90447.11112607758,70517.49137931035,80359.37917564655
000_247,58,479.66,11028.4453125,117801.53327047414,12689.872777478447
000_2131,58,479.66,19755.69403286638,20993.439991918105,70885.83553340517
000_1256,58,479.66,68942.62419181035,66420.94383081897,38408.33694773707
000_1268,58,479.66,56327.11388739224,60723.51279633621,17851.68527747845
000_3261,58,479.66,32928.65163658405,98526.77586206896,86226.70716594828
000_1633,58,479.66,53776.77451508621,93277.26306573275,56748.85823006465
000_904,58,479.66,112502.7081088362,18329.66470231681,105308.32839439657
000_3383,58,479.66,6415.648664803341,52789.378165409486,60940.44699622845
000_1619,58,479.66,42408.75801454741,91377.06263469828,64644.980872844826
000_1701,58,479.66,57180.61920797414,13104.62643116918,90871.37405711209
000_784,58,479.66,72470.9632273707,18502.244679418105,108521.59455818964
000_1921,58,479.66,22175.77566002155,18883.27283135776,82287.77518857758
000_3422,58,479.66,10347.619325835129,83416.19962284483,45444.92753232759
000_3430,58,479.66,60027.28151939655,42704.15752963362,18510.741311961207
000_3873,58,479.66,7183.377475080819,71486.94261853448,51302.07549838362
000_2365,58,479.66,80970.19436961207,96684.05670797414,78484.14493534483
000_2363,58,479.66,14966.494561557112,52428.41359105604,60442.06115301724
000_1147,58,479.66,70369.56505926725,37096.61738954741,112771.47023168104
000_1322,58,479.66,48333.75619612069,94403.25013469828,31930.44692887931
000_3548,58,479.66,23048.296773976293,90007.26535560345,52938.898841594826
000_640,58,479.66,39106.97110721983,28984.19036233836,8682.839961610991
000_2856,58,479.66,111933.07233297414,34647.33088631465,59872.903556034486
000_494,58,479.66,112278.0184536638,31514.583984375,18635.41705953664
000_3626,58,479.66,15665.687483162716,4403.596216662177,86823.20096982758
000_4200,58,479.66,26943.373821390087,93100.60021551725,92348.72386853448
000_488,57,471.39,23439.13157894737,21339.691303453947,38571.43338815789
000_4090,57,471.39,32227.251473410088,95494.76206140353,89680.7070997807
000_1764,57,471.39,26992.36681058114,49278.16714638158,18434.57689144737
000_3158,57,471.39,96814.75137061405,77797.03303179824,74942.984375
000_3160,57,471.39,94212.93832236844,39583.14528508772,66192.54714912281
000_1452,57,471.39,88332.72519188597,54439.41625548246,50493.93311403509
000_1903,57,471.39,3648.242727179276,105311.87362938595,34267.99259868421
000_3157,57,471.39,102755.52110745614,76723.80660635965,70560.68791118421
000_1902,57,471.39,66220.82730263157,16923.61396655702,96005.32565789472
000_3480,57,471.39,8519.740705523574,18337.80969024123,82951.1677631579
000_2466,57,471.39,84886.24177631579,76560.18859649122,66198.07634320176
000_2492,57,471.39,9162.3134765625,59414.145833333336,17990.678762335527
000_4067,57,471.39,16129.83364172149,89359.12705592105,53712.01603618421
000_2593,57,471.39,98350.97957785089,6076.855588678728,41894.338336074565
000_2117,57,471.39,20218.931777686405,107365.9022752193,78828.71518640351
000_2571,57,471.39,98858.93832236844,27995.177802905702,11491.435238486842
000_1987,57,471.39,100727.45134320176,61688.87808388158,38396.161458333336
000_3401,57,471.39,42027.19243421053,43484.42523300439,30501.125993695176
000_1269,57,471.39,36531.83066063596,59452.17324561404,26149.732216282893
000_927,57,471.39,21272.59039199561,73555.77672697368,42231.903303179824
000_1627,57,471.39,70432.82661732456,85750.17667214913,68617.87637061403
000_890,57,471.39,60253.91289747807,39622.7733689693,54563.89816337719
000_821,57,471.39,95115.14309210528,42656.49808114035,106689.49753289472
000_4155,57,471.39,64456.00356359649,98038.58141447368,91467.66255482456
000_2113,57,471.39,3388.8312688459428,25074.464775219298,72314.0664747807
000_1063,56,463.12,44559.38853236607,69051.69601004464,96524.01060267857
000_2496,56,463.12,14029.685093470982,53862.41273716518,6500.475925990513
000_2023,56,463.12,24999.476004464286,12833.387224469869,72866.59402901786
000_196,56,463.12,106725.9560546875,85041.67731584821,114431.12388392857
000_3090,56,463.12,96778.47642299108,63956.01157924107,74133.44880022321
000_428,56,463.12,60924.6076311384,36693.83600725447,33596.927036830355
000_3139,56,463.12,75671.94907924107,36339.62974330357,84892.43736049107
000_936,56,463.12,110457.6279296875,15005.145298549109,111436.6826171875
000_3409,56,463.12,56300.14857700893,44951.991420200895,19779.30500139509
000_972,56,463.12,2015.4635402134488,104144.54129464286,18511.438616071428
000_1727,56,463.12,65126.88616071428,3697.8975437709264,90134.34751674108
000_967,56,463.12,84524.51646205357,6622.65962437221,25337.62580217634
000_3058,56,463.12,37991.59556361607,101948.66796875,40894.838169642855
000_2864,56,463.12,13281.503853934151,59607.04840959822,96961.10281808036
000_521,56,463.12,46756.23346819197,118953.31277901786,40025.61537388393
000_1352,56,463.12,69608.84584263393,90977.17020089286,908.2154475620816
000_1373,56,463.12,74382.64690290179,110329.54757254464,30909.91015625
000_4030,56,463.12,95856.17354910714,42175.224888392855,90961.32686941964
000_3988,56,463.12,50744.811244419645,47452.544712611605,23697.558628627237
000_1105,56,463.12,54492.611607142855,90166.13588169643,81967.00153459821
000_106,56,463.12,62577.71435546875,2036.1597268240791,53202.98639787947
000_2076,56,463.12,28868.868512834822,95673.42564174108,35128.281459263395
000_4107,56,463.12,6839.530979701451,74629.05831473214,50685.23256138393
000_3589,56,463.12,54132.54268973215,46067.18561662947,21028.519775390625
000_527,56,463.12,109391.607421875,35547.801478794645,38479.44838169643
000_3837,56,463.12,100411.65457589286,81074.27287946429,76247.58956473214
000_365,56,463.12,8617.595179966518,104221.9906529018,110833.03208705357
000_2275,56,463.12,103058.33286830357,98921.92494419643,90804.7191685268
000_3255,56,463.12,4965.638296944754,73502.21205357143,86513.52204241071
000_3249,56,463.12,63290.51611328125,48319.274135044645,34443.33579799107
000_2171,56,463.12,18186.209402901783,16726.58544921875,70500.28655133929
000_2705,56,463.12,92087.21372767857,17226.233851841516,37948.307407924105
000_3415,56,463.12,12346.650094168526,79742.37165178571,90350.83663504464
000_2736,56,463.12,80235.18680245536,100061.81194196428,82404.75599888393
000_3338,56,463.12,69565.50669642857,56349.72446986607,47523.34451729911
000_297,56,463.12,96930.0703125,68074.86830357143,54043.7365373884
000_1599,56,463.12,103737.30454799108,32991.96637834822,76165.20242745536
000_340,56,463.12,11273.2084437779,7800.008527483259,12648.186750139508
000_1546,56,463.12,37991.07526506697,33994.931361607145,115402.5757533482
000_5,56,463.12,30953.386335100447,923.0561839512416,57587.362095424105
000_856,56,463.12,33471.56842912947,23654.973074776783,108621.24693080357
000_1576,55,454.85,54029.08288352273,20269.265767045454,17679.856107954547
000_3282,55,454.85,35572.806463068184,94191.03636363636,83632.58068181819
000_1622,55,454.85,65700.38955965909,85200.33167613637,67741.18082386363
000_352,55,454.85,11685.534641335227,2886.008584872159,4097.388316761364
000_322,55,454.85,3158.5753373579546,17358.980007102273,108860.04460227273
000_4179,55,454.85,6547.583203125,81152.49318181818,84932.58139204545
000_2643,55,454.85,4341.457075639205,60522.617755681815,89930.059375
000_978,55,454.85,6962.301677911932,95349.346875,10125.24140625
000_3843,55,454.85,3379.3753240411934,58575.12670454545,54326.97947443182
000_4098,55,454.85,33641.47535511364,94755.72755681818,89363.88494318182
000_756,55,454.85,98566.91818181818,14007.613210227271,90309.89303977272
000_3449,55,454.85,66705.27926136364,54118.92578125,56007.16626420455
000_779,55,454.85,30748.89002130682,7246.959348366478,28720.481676136365
000_1534,55,454.85,42749.855539772725,42952.80298295455,108334.93721590909
000_1101,55,454.85,29954.146626420454,74440.77514204546,98355.2143465909
000_2575,55,454.85,8169.930495383523,61048.92137784091,45418.59985795455
000_2204,55,454.85,11634.529563210228,3059.7851029829544,70135.37571022728
000_2073,55,454.85,4531.138725142046,40580.16370738636,59528.24907670455
000_514,55,454.85,5956.599564985795,21651.891370738635,47431.01690340909
000_2063,55,454.85,13653.185120738635,73181.384375,108203.6528409091
000_2211,55,454.85,9593.270951704546,78080.66917613636,72811.29076704546
000_1128,55,454.85,35029.55887784091,71606.53821022727,97679.61079545454
000_2380,55,454.85,71919.57357954545,39980.41051136364,69961.18963068182
000_2799,55,454.85,99164.01761363636,22114.04776278409,52067.40525568182
000_1391,55,454.85,70577.26321022728,98107.82826704544,23184.028941761364
000_1278,55,454.85,45609.90909090909,24915.710511363635,91960.0984375
000_4226,55,454.85,20750.001207386365,62811.96988636364,20842.15369318182
000_2929,55,454.85,111743.5572443182,35717.664488636365,56322.08828125
000_554,55,454.85,56447.770951704544,37314.35411931818,2624.6164195667616
000_1223,55,454.85,43389.65951704545,68095.76136363637,70046.86164772727
000_1041,55,454.85,47909.17308238636,74968.31647727273,94631.68892045454
000_457,54,446.58,14546.78859230324,34391.04673032407,18214.194914641204
000_3485,54,446.58,4372.821194118924,70935.82667824074,50793.80454282407
000_1463,54,446.58,58015.50491898148,88297.92708333333,103709.92115162036
000_2253,54,446.58,1164.807253237124,36692.82682291666,73325.47598379629
000_1992,54,446.58,10291.418131510416,44307.13990162037,33909.221571180555
000_692,54,446.58,45250.73871527778,10081.63038917824,35208.2709056713
000_689,54,446.58,22248.27014612269,136.6818862137971,32933.781358506945
000_1252,54,446.58,52711.29890046296,26724.06398292824,87881.78486689815
000_2395,54,446.58,69119.88324652778,38483.59215856482,68534.87528935185
000_2869,54,446.58,12260.861689814816,72418.66984953704,90492.10069444444
000_467,54,446.58,78941.79079861111,29624.95052083333,31095.349609375
000_167,54,446.58,27471.74341724537,111773.13237847222,61572.20066550926
000_2027,54,446.58,77487.42332175926,91074.27690972222,79902.07277199074
000_3089,54,446.58,17370.50900607639,77826.52126736111,90938.17274305556
000_2488,54,446.58,29707.41214554398,55254.06691261574,22101.45974392361
000_3074,54,446.58,90625.99551504628,81715.61935763889,77787.53226273147
000_625,54,446.58,8824.128255208334,19784.61552372685,42254.87210648148
000_1245,54,446.58,51504.23046875,28913.92549189815,90230.3683449074
000_1553,54,446.58,78971.57248263889,51521.66630497685,75103.78327546296
000_2948,54,446.58,72488.4933449074,94593.26909722222,90063.17766203704
000_84,54,446.58,67283.38758680556,876.2032821090133,55308.79087094907
000_1548,54,446.58,45763.10771122685,38285.54079861111,112907.86299189816
000_827,54,446.58,9883.058648003473,100064.04918981482,96830.82508680556
000_915,54,446.58,78890.52531828704,60695.84447337963,67374.61545138889
000_280,54,446.58,96647.68156828704,57155.40465856482,112015.14756944444
000_1561,54,446.58,69632.24782986111,117184.73611111112,96059.7254050926
000_2176,54,446.58,22160.32884837963,102158.22424768518,84957.04296875
000_1728,54,446.58,67363.90133101853,23166.84982638889,98845.1417824074
000_1195,54,446.58,76303.43185763889,43349.97251157407,97819.45052083331
000_935,54,446.58,110270.15972222222,16174.132523148148,112433.87702546296
000_3814,54,446.58,263.2049791547987,84219.06221064815,95490.5011574074
000_3218,54,446.58,89974.82248263889,40505.361328125,66406.62355324074
000_3607,54,446.58,11043.782063802084,76148.95486111111,47163.93641493056
000_1021,54,446.58,86994.9074074074,4766.965657552083,15518.597348813655
000_955,54,446.58,110274.59939236112,39681.55201099537,84917.4675925926
000_2562,54,446.58,2560.0276511863426,65187.65321180556,9811.14234302662
000_3248,54,446.58,57371.911458333336,96464.42433449074,92306.80627893518
000_2656,54,446.58,11723.619285300923,117351.72829861112,68447.76302083333
000_244,54,446.58,67423.81032986111,5888.140760633681,77689.82161458333
000_3292,53,438.31,41680.0827682783,97071.1357606132,58494.38141214623
000_932,53,438.31,110365.500442217,4376.876027233196,108650.3530365566
000_61,53,438.31,91137.9565153302,116546.21639150944,48833.24594634434
000_809,53,438.31,112058.11482900944,51682.29842275944,65962.60318396226
000_1659,53,438.31,63402.27395341981,86209.38045400943,54330.6569870283
000_1640,53,438.31,67131.0375884434,91946.41376768867,63650.21359080189
000_2627,53,438.31,22303.753869398584,108789.43160377358,37803.6640625
000_2647,53,438.31,108904.9489976415,90058.21830778301,85868.58490566038
000_1591,53,438.31,75444.34802476416,9056.133586379718,92743.37735849056
000_14,53,438.31,76273.5825471698,17909.31121020047,73904.1596403302
000_2200,53,438.31,82731.64902712264,3749.009848540684,45334.51908903302
000_132,53,438.31,111210.81574292452,78841.97965801887,19574.873010023584
000_601,53,438.31,103339.00619103774,34664.38959316038,36676.896447523584
000_2065,53,438.31,5814.362157281839,40339.9055129717,55520.2116745283
000_495,53,438.31,111037.1137971698,36059.38413915094,14242.096034787735
000_2470,53,438.31,85148.10834316038,70888.4724351415,80994.9341096698
000_1009,53,438.31,86669.6960495283,6007.1555774616745,19479.373968160377
000_1049,53,438.31,77979.51459316038,65191.341833726416,5837.536252579599
000_3540,53,438.31,54628.79628537736,46829.660377358494,20679.43112470519
000_2257,53,438.31,64573.75471698113,97381.07827240566,83463.16981132075
000_544,53,438.31,3554.7030282650358,25566.281213148584,33524.28559846698
000_1854,53,438.31,15445.194649174528,40620.26658313679,114304.0666273585
000_1300,53,438.31,70452.0591096698,71764.34949882075,38475.9748673349
000_548,53,438.31,52581.78265035377,13208.394199587265,27492.981168926886
000_2845,53,438.31,74703.3247346698,98855.10406839622,85608.23304834905
000_3347,53,438.31,67461.86423938679,55898.732385023584,39898.02166863208
000_1160,53,438.31,16172.560510023584,4638.179604584316,105832.10775353774
000_378,53,438.31,73061.38310731133,81321.35583726416,49016.70850530661
000_3236,53,438.31,10229.314287293631,111766.55041273584,45103.11615566038
000_718,53,438.31,44745.8610701651,6449.353257665094,17245.297612028302
000_1912,53,438.31,108978.710495283,13511.586969339623,1759.4145530844637
000_2336,53,438.31,100269.89077240566,110924.69074292452,90381.03655660378
000_3153,53,438.31,16334.630288178068,62165.08453714623,100892.66347287736
000_3161,53,438.31,82876.62249410378,43414.1359817217,62598.01864681604
000_1742,53,438.31,20179.223577535377,57639.37065153302,91320.02550117925
000_2368,53,438.31,68319.73393278301,109223.26724646226,76942.33387382075
000_2502,53,438.31,9376.547575176886,86170.88517099057,87424.94147995283
000_1729,53,438.31,18059.10241008255,50215.80350825472,85312.07532429245
000_2548,53,438.31,47439.62551591981,96755.02152122642,99187.25987617925
000_734,53,438.31,105458.46668632075,13343.772276680424,88877.94885023584
000_3514,53,438.31,29852.649690448117,95278.25810731133,73652.01650943396
000_2760,53,438.31,64463.02896521227,103009.9795106132,97009.2228773585
000_2942,53,438.31,52637.49204009434,94965.288620283,91443.29923349056
000_2591,53,438.31,43523.721992924526,15343.264077240568,57596.18366745283
000_3378,53,438.31,10314.60005159198,12932.225622788916,82185.03419811321
000_314,53,438.31,102752.19590212264,37877.611733490565,101013.93130896226
000_2612,53,438.31,84527.54260023584,113910.40168042452,82903.8552476415
000_2741,53,438.31,90738.265182783,35640.962043042455,88588.14254127358
000_993,53,438.31,49451.25162146227,83314.09360259434,95313.84257075471
000_1494,53,438.31,18317.25899174528,20477.373083726416,52467.4328567217
000_701,53,438.31,43234.00604363208,109986.74528301888,28548.234485554247
000_415,53,438.31,73633.75899174529,72497.28110259434,22657.98525943396
000_374,53,438.31,78364.27668042453,78773.0561615566,45268.4123673349
000_3952,53,438.31,85606.64180424529,94739.56942806604,82210.21845518867
000_360,53,438.31,18709.340801886792,3278.580322265625,1512.9955064305718
000_2178,53,438.31,13834.387197818396,84615.16450471699,34740.286335495286
000_448,52,430.04,27191.619103064902,48356.45447716346,68641.09645432692
000_1864,52,430.04,34832.79026442308,55967.381535456734,33929.19155649038
000_1139,52,430.04,75630.90354567308,110367.31971153848,92004.6720252404
000_2072,52,430.04,58528.311823918266,53393.09292367788,76121.96965144231
000_613,52,430.04,42270.06971153846,35276.589393028844,3807.5867638221152
000_1788,52,430.04,79785.97400841347,74597.833984375,89732.27388822116
000_541,52,430.04,86318.18494591347,110576.46123798077,19430.85389122596
000_2399,52,430.04,1670.590123103215,64519.77118389424,90113.18810096152
000_2510,52,430.04,11464.23897611178,60079.04311899038,17466.54169170673
000_464,52,430.04,18824.287560096152,47972.905198317305,11141.396465594951
000_1070,52,430.04,55716.63709435096,83275.61057692308,91176.95402644233
000_3081,52,430.04,70148.00270432692,61974.16954627404,42517.47047776442
000_1113,52,430.04,83598.61778846153,60852.906174879805,78084.74083533653
000_2809,52,430.04,5715.793231670673,49491.61899038462,65146.25330528846
000_1825,52,430.04,75991.96634615384,77692.26307091347,94537.57587139423
000_1810,52,430.04,111323.08293269233,22290.16902043269,62089.73550180288
000_471,52,430.04,10396.384446364184,39104.020582932695,6207.645705003005
000_2382,52,430.04,8104.776733398437,57441.74722055288,28745.303372896637
000_1470,52,430.04,54734.301081730766,116895.55228365384,56012.7724609375
000_1010,52,430.04,107178.7071814904,45338.03478064904,36366.336989182695
000_1712,52,430.04,69566.13115985577,13780.82558969351,97383.86628605767
000_3499,52,430.04,32018.454439603367,95136.46349158652,63146.730769230766
000_3420,52,430.04,58924.350510817305,51124.33638822116,38660.16947115384
000_3941,52,430.04,48278.688025841344,49577.34930889424,27929.69181941106
000_368,52,430.04,731.8875016432542,117009.32962740384,100472.07767427884
000_940,52,430.04,19358.393892728367,58526.7177734375,38350.76412259616
000_1205,52,430.04,45015.913161057695,63786.64528245192,67108.41871995192
000_245,52,430.04,20423.33128004808,118043.41301081733,5007.264676607572
000_261,52,430.04,23250.38562950721,5051.938420222356,64185.36884014424
000_1306,52,430.04,93567.57842548077,74070.91841947116,87570.81670673077
000_757,52,430.04,98630.5079627404,14108.910888671877,91474.25555889423
000_3015,52,430.04,99223.84735576923,36083.01810396634,88834.59224759616
000_2907,52,430.04,3441.5122821514424,68414.56730769231,80225.29717548077
000_3031,52,430.04,64752.74631911058,98075.92683293267,93536.25721153848
000_3919,52,430.04,34307.219426081734,82709.08819110577,104341.02253605767
000_897,52,430.04,24623.50627253606,82296.41421274039,75991.68314302884
000_1589,52,430.04,76093.60021033653,92041.60832331733,75450.87830528847
000_327,52,430.04,85226.44756610577,79596.82842548077,107658.97761418267
000_2309,52,430.04,72182.25060096153,116270.13010817308,86749.48347355769
000_2601,52,430.04,106485.45567908652,45853.181114783656,85032.5703125
000_2595,52,430.04,107914.53125,74204.33518629808,58289.823918269234
000_2573,52,430.04,2898.2408728966348,1354.941110464243,66917.45537860577
000_1666,52,430.04,38783.66383713942,18905.26645132212,93886.580078125
000_1579,52,430.04,64097.18637319712,114416.07962740384,105158.150390625
000_1558,52,430.04,67155.25105168269,29645.767352764426,3438.853769155649
000_3317,52,430.04,8793.517709585336,75602.71078725961,61691.281550480766
000_2950,52,430.04,2170.7876727764424,100143.62379807692,41432.851262019234
000_3334,52,430.04,11933.46426156851,82491.45673076923,70960.14723557692
000_2420,52,430.04,82379.04402043269,111419.71529447116,81743.69816706731
000_2106,52,430.04,84912.75751201923,63730.401667668266,83949.98918269231
000_4221,51,421.77,6218.357220818015,79102.08609068628,87590.85661764706
000_2163,51,421.77,93344.02787990196,106435.453125,81738.03446691176
000_1266,51,421.77,70544.1953125,91604.38511029413,26388.62549785539
000_3325,51,421.77,96592.1544117647,37943.94561887255,85602.3780637255
000_1600,51,421.77,103568.1766237745,33761.337928921566,79231.1778492647
000_2944,51,421.77,23467.25440410539,88273.1256127451,95844.10539215688
000_2606,51,421.77,15670.562806372547,62987.09283088235,33574.81096813725
000_3386,51,421.77,64551.08432904412,39207.64223345588,17917.662339154413
000_2274,51,421.77,103136.72732843136,97772.61381740196,91636.48422181372
000_2276,51,421.77,107499.0281862745,100033.00643382352,98101.45036764706
000_3897,51,421.77,18674.311619178923,58687.6178002451,102957.7175245098
000_2726,51,421.77,17346.218903186276,84130.5047487745,20786.555376838234
000_1939,51,421.77,16186.062806372547,89872.39384191176,5781.826976102941
000_347,51,421.77,10530.158413756128,1530.37728582644,9089.680386412378
000_2898,51,421.77,14648.87429151348,59257.53125,12660.028511795344
000_2764,51,421.77,82753.81755514706,94388.43259803922,79369.97564338235
000_3961,51,421.77,18464.48020067402,64264.48131127451,26196.96331188725
000_1915,51,421.77,44690.546415441175,15338.275352328432,67202.37285539215
000_3429,51,421.77,58403.81341911765,43099.42340686275,19167.01145067402
000_232,51,421.77,73245.8665747549,56522.372931985294,9107.928596047794
000_3561,51,421.77,5879.914818857231,70317.87867647059,52616.86971507353
000_1880,51,421.77,54906.26953125,21504.084712009804,68777.1827512255
000_2782,51,421.77,18711.32548253677,92262.01072303922,48537.257352941175
000_220,51,421.77,25041.79181985294,104955.43244485294,23526.265242034315
000_213,51,421.77,47526.77244178922,110870.28094362744,113387.42294730392
000_1058,51,421.77,112648.95710784312,43037.81640625,32930.367225796566
000_229,51,421.77,83472.87898284313,42975.90326286765,1409.2755198759191
000_1905,51,421.77,21649.982268688724,117605.40670955884,67337.28017769608
000_704,51,421.77,39921.50559129902,13054.929132199755,921.9204855526197
000_703,51,421.77,40535.85033700981,50707.66490502451,41239.569163602944
000_2205,51,421.77,13641.280867034313,1526.7305357689952,84896.77006740196
000_2206,51,421.77,6126.1407781862745,21610.501799938724,73189.94178921569
000_1103,51,421.77,92784.0594362745,90750.00811887256,102586.62408088236
000_1372,51,421.77,66953.87653186274,23863.904411764703,108655.85003063726
000_2078,51,421.77,90688.87239583331,59791.18696384804,85575.83256740196
000_3071,51,421.77,96041.2771139706,66676.2765012255,76518.43596813726
000_2116,51,421.77,19177.997663909315,107545.76608455884,77179.76930147059
000_1232,51,421.77,63238.79442401961,34600.160615808825,74677.16605392157
000_557,51,421.77,43998.67662377451,102920.1772365196,26954.55832567402
000_563,51,421.77,58964.22824754902,17875.51784620098,19941.047487745094
000_1290,51,421.77,66110.30698529411,77722.3665747549,18670.124080882357
000_437,50,413.5,61591.625625,27385.744609375,42626.816171875
000_1919,50,413.5,23332.9183203125,17975.43015625,64193.521796875
000_434,50,413.5,47604.63015625,48481.008359375,51997.657734375
000_1466,50,413.5,62303.615,46794.986796875,15531.4020703125
000_253,50,413.5,24730.96875,105144.9890625,6303.571640625
000_2321,50,413.5,11544.4361328125,4152.522026367187,81867.60390625
000_1681,50,413.5,56606.421171875,6102.90748046875,92221.68421875
000_384,50,413.5,42471.907578125,19952.7473046875,40690.42890625
000_963,50,413.5,50216.358125,112654.56046875,90040.49203125
000_2520,50,413.5,112717.92859375,75384.9925,60026.818203125
000_3225,50,413.5,24486.31328125,95222.8871875,69149.2196875
000_2990,50,413.5,27245.095859375,91765.1209375,96339.25421875
000_3224,50,413.5,24141.3686328125,98122.44796875,75163.57546875
000_746,50,413.5,95358.2825,11489.19525390625,96305.72203125
000_1951,50,413.5,45849.304609375,13950.89845703125,51001.8659375
000_3847,50,413.5,41354.634921875,97584.9796875,61002.9471875
000_902,50,413.5,19380.773671875,55563.650234375,27789.09953125
000_2918,50,413.5,19583.115,80418.39421875,101048.68203125
000_66,50,413.5,85083.0815625,115125.5165625,56364.753515625
000_2128,50,413.5,12873.30365234375,22247.128125,78270.2109375
000_2164,50,413.5,95643.17765625,105507.7928125,82058.81546875
000_3187,50,413.5,7854.5164453125,22836.21578125,82409.7290625
000_1432,50,413.5,61792.63796875,102762.2378125,48913.28578125
000_2805,50,413.5,9644.940625,63412.292109375,42653.72859375
000_1900,50,413.5,9158.80240234375,40154.3071875,61941.933828125
000_3519,50,413.5,18080.0914453125,84907.8890625,50527.43375
000_1763,50,413.5,24491.751953125,49828.100234375,18695.7468359375
000_1882,50,413.5,69916.303125,20462.0463671875,4868.605634765625
000_2491,50,413.5,80248.461875,109855.43421875,82784.11765625
000_3501,50,413.5,18273.4441015625,88725.11234375,56097.13296875
000_3509,50,413.5,2494.619169921875,69220.6590625,52105.972265625
000_2778,50,413.5,7454.43673828125,22437.6116015625,78741.06859375
000_1140,50,413.5,67625.83671875,29931.653125,110777.825625
000_591,50,413.5,5415.609052734375,2944.63318359375,21660.53109375
000_2183,50,413.5,78220.7615625,66435.500625,14680.5162109375
000_585,50,413.5,42175.940546875,35618.98125,11191.80421875
000_673,50,413.5,82661.536875,29811.991640625,9876.040703125
000_2498,50,413.5,54644.877890625,97274.350625,98107.75296875
000_1410,50,413.5,66367.49671875,110804.12796875,54488.9825
000_2757,50,413.5,7884.20509765625,81350.72890625,80491.5778125
000_2758,50,413.5,58829.78296875,97940.63859375,96263.3271875
000_1824,50,413.5,76359.93125,76947.739375,93918.26671875
000_2843,50,413.5,13000.958828125,73823.8528125,91910.88140625
000_2973,50,413.5,31051.740546875,48266.883984375,106570.368125
000_3595,49,405.23,101602.8274872449,3190.13401825574,43447.90712691326
000_1378,49,405.23,67805.2174744898,89974.23102678571,7159.9268176020405
000_2184,49,405.23,77186.53922193877,66100.92617984694,16237.020806760203
000_1393,49,405.23,65781.51379145408,87214.43144132652,19612.056481186224
000_3727,49,405.23,14144.214305644133,104604.8671875,59511.62683354592
000_425,49,405.23,74405.12228954081,76818.59550382652,17434.394929846938
000_1052,49,405.23,22289.90656887755,76021.9264987245,99865.54990433672
000_3085,49,405.23,95614.29193239796,38742.06529017857,60669.74131058674
000_3558,49,405.23,5240.642099808673,66154.77136479592,52901.35857780613
000_1674,49,405.23,62356.59390943877,85174.71444515306,59642.4446747449
000_2261,49,405.23,10738.202188297191,52518.1073820153,28339.313616071428
000_2735,49,405.23,60386.2454559949,100125.97704081632,98889.1355229592
000_3492,49,405.23,100933.73915816328,101524.1881377551,88883.01578443877
000_1302,49,405.23,59578.59693877551,82053.1100127551,9049.620794802297
000_3168,49,405.23,4571.48655731824,66639.0090880102,61853.30054209184
000_430,49,405.23,36408.76554528061,12510.24368223852,21386.07465720663
000_3683,49,405.23,15573.083426339286,83286.23995535714,65505.29759247449
000_3078,49,405.23,65424.43112244898,45166.93622448979,48917.63719706632
000_3553,49,405.23,4582.564253826531,63213.30803571428,53098.17546237245
000_2367,49,405.23,74064.9406887755,112123.1608737245,85007.55309311225
000_3055,49,405.23,102088.7141262755,40766.44276147959,91244.53539540817
000_788,49,405.23,71393.6125637755,9798.88723692602,108500.24170918368
000_2876,49,405.23,33553.587452168365,99357.14748086737,98785.11033163263
000_3037,49,405.23,96093.39652423467,33875.540736607145,64308.01243622449
000_1180,49,405.23,46105.83912627551,48878.91302614796,82952.68606505102
000_2319,49,405.23,82890.70360331633,63671.38201530613,23204.10650510204
000_1539,49,405.23,28621.459064094382,25555.12878667092,100089.90784438777
000_1525,49,405.23,28375.162986288266,35128.10762117347,105084.63201530612
000_1685,49,405.23,62260.7402742347,24055.2311463648,104840.49792729592
000_294,49,405.23,104694.60235969388,116460.0852997449,107908.47289540817
000_2675,49,405.23,95661.71285076533,33706.68343431123,58516.60196109694
000_822,49,405.23,3055.704425422513,98134.13966836737,96031.75478316328
000_860,49,405.23,21787.21775350765,55228.79336734694,49335.47767857143
000_3337,49,405.23,55620.18853635204,51702.19818239796,38174.78874362245
000_2167,49,405.23,58480.99976084184,65835.57206632652,60688.399394132655
000_1551,49,405.23,77758.73915816327,81052.65704719388,102754.71396683672
000_2294,49,405.23,91490.0950255102,67504.21428571429,37734.82788584184
000_46,49,405.23,93895.20471938777,3015.8808294802297,12336.973194355867
000_78,49,405.23,74689.62547831633,20353.522640306124,45067.59119897959
000_2621,49,405.23,3321.5290975765306,9826.517199457909,69201.76785714286
000_1314,49,405.23,93657.47353316328,72421.16820790817,93604.52104591836
000_1259,49,405.23,61987.40569196428,75322.56521045919,87052.07637117348
000_1296,49,405.23,60434.95671237245,65079.80078125,21299.20208864796
000_550,49,405.23,35806.31425382653,25251.451171875,11523.900370695152
000_2966,49,405.23,17779.761080994896,59970.7558195153,12708.631297831633
000_1394,49,405.23,63809.75231186225,85360.80947066327,10499.44577088648
000_2436,49,405.23,92196.53539540817,6516.266551737883,41492.25629783164
000_1774,49,405.23,66358.42235331633,42981.7734375,75411.48389668367
000_3531,49,405.23,23342.516183035717,92386.78411989796,45791.14317602041
000_3712,49,405.23,776.6728440888074,60917.54591836735,86965.16517857143
000_1772,49,405.23,73931.81489158163,67807.76642219388,90457.21922831632
000_2385,49,405.23,6075.001973054847,61097.235889668365,24190.958984375
000_102,49,405.23,33377.96324936225,538.4443926130023,103718.90640943876
000_1037,49,405.23,98059.90433673467,15340.207688934948,76791.79862882652
000_656,49,405.23,81544.32063137754,95750.88711734694,12625.086575255102
000_3985,49,405.23,60110.50829081632,95931.10443239796,91836.88105867348
000_1484,49,405.23,16427.620754942604,27116.618343431124,92697.3600127551
000_2370,49,405.23,84098.36878188775,111958.0969387755,84349.3287627551
000_3520,48,396.96,15462.474955240885,84263.04801432292,60620.25659179688
000_3481,48,396.96,20339.78820800781,94232.60172526042,63411.90266927084
000_1016,48,396.96,4825.987202962239,75399.88509114583,32958.81974283854
000_2747,48,396.96,110161.68961588542,24445.33553059896,74957.68815104167
000_1003,48,396.96,57817.95890299479,76751.501953125,49390.60139973959
000_2749,48,396.96,100502.09065755208,25488.27473958333,93476.91910807292
000_2000,48,396.96,8426.421732584635,48926.42561848959,30994.217244466145
000_1464,48,396.96,53438.53434244792,118140.79313151042,58101.92008463541
000_2028,48,396.96,26412.09509277344,88180.91927083333,41158.49527994792
000_2789,48,396.96,2060.324966430664,65736.6553548177,79756.810546875
000_3496,48,396.96,32078.3759765625,92670.76432291669,62819.36678059896
000_4029,48,396.96,2061.882855733236,87269.13313802083,46333.809814453125
000_169,48,396.96,38526.209228515625,111094.18636067708,63865.77506510416
000_539,48,396.96,47405.45011393229,115857.52669270831,44160.851725260414
000_1369,48,396.96,67475.14111328125,105366.13199869792,37960.198974609375
000_496,48,396.96,13827.128275553385,51185.138671875,78898.52766927083
000_1979,48,396.96,89672.20263671875,105415.076171875,86391.01969401042
000_2674,48,396.96,62760.476318359375,31373.0166015625,84058.40071614583
000_273,48,396.96,47948.67911783854,100640.65445963542,73924.06819661458
000_944,48,396.96,112249.6083984375,7830.157216389974,100906.19547526042
000_3283,48,396.96,20679.134195963543,88227.02848307292,91475.95914713542
000_3369,48,396.96,65458.43855794271,48346.22403971354,31473.52217610677
000_1550,48,396.96,78207.88492838542,50794.343912760414,71305.72477213542
000_2623,48,396.96,10307.137878417969,63708.899576822914,39062.18896484375
000_3343,48,396.96,26011.00472005208,90084.078125,91852.61767578124
000_1280,48,396.96,42301.95865885416,27011.3994140625,93394.24479166669
000_3301,48,396.96,60148.92846679688,54246.604736328125,40833.69840494792
000_252,48,396.96,24263.65881347656,109273.43701171876,7241.614919026692
000_2252,48,396.96,324.8875805536906,38474.41796875,72682.72591145833
000_3213,48,396.96,10583.151143391928,106305.96614583331,45423.01521809896
000_3178,48,396.96,11933.063008626305,105062.240234375,46868.16853841146
000_1324,48,396.96,53816.67195638021,67934.55078125,16766.969401041668
000_3023,48,396.96,27552.896606445312,52160.8876953125,104480.00944010416
000_3434,48,396.96,99959.17594401042,82541.14241536458,79764.63151041667
000_1346,48,396.96,35856.31746419271,78947.37581380208,38230.80948893229
000_1982,48,396.96,34234.46337890625,82531.21435546875,105629.38346354169
000_2081,48,396.96,9193.827189127604,31579.73946126302,58044.907552083336
000_2725,48,396.96,17709.533162434895,83759.36018880208,20105.622029622395
000_3257,48,396.96,40856.61490885416,93582.70865885416,79614.86002604167
000_1191,48,396.96,108245.96533203124,84390.50032552083,86484.17008463542
000_966,48,396.96,63993.98673502604,73025.56624348958,92128.73356119792
000_912,48,396.96,106922.05550130208,16305.09629313151,115698.04069010416
000_1453,48,396.96,2467.948928833008,48769.57706705729,111957.73356119792
000_1092,48,396.96,42735.856689453125,70706.47265625,96093.0908203125
000_1792,48,396.96,61832.3359375,12738.625793457031,7871.863240559895
000_1386,48,396.96,53516.65934244792,92279.79345703124,30967.08089192708
000_2505,48,396.96,99041.72835286458,115476.17952473958,87733.27180989583
000_1775,48,396.96,88351.50846354167,30754.70227050781,89711.59261067708
000_2193,48,396.96,12230.449442545572,18380.393636067707,70566.17106119792
000_4092,48,396.96,91519.55680338542,19661.177368164062,32528.418294270832
000_1467,47,388.69,74486.31781914894,102483.33693484042,35037.5819481383
000_986,47,388.69,7009.433448304521,96656.68118351063,10747.539083277925
000_1207,47,388.69,49898.620844414894,68745.63530585106,64296.010388962764
000_801,47,388.69,62006.59183843085,114.65979403637826,115493.87799202128
000_2568,47,388.69,81971.32662898937,73391.48121675532,74072.16273271276
000_110,47,388.69,38325.56574135638,570.235771990837,108393.22988696808
000_364,47,388.69,51757.64644281915,1860.6503438746677,67807.37167553192
000_1941,47,388.69,36297.79371675532,12663.281083776596,68338.2892287234
000_3268,47,388.69,106158.92353723403,48397.39261968085,64213.03033577128
000_2108,47,388.69,100628.80568484042,116595.5776263298,93432.31166888298
000_21,47,388.69,77285.37333776595,109165.0076462766,14285.92322556516
000_2418,47,388.69,85319.50132978724,61048.54903590425,5273.586134890293
000_2112,47,388.69,2339.596814744016,28391.570520279256,71772.6988031915
000_1617,47,388.69,41759.10231050532,83236.26512632979,64014.73786569149
000_841,47,388.69,26164.57737699468,100376.1560837766,56629.86668882979
000_1966,47,388.69,101423.2727726064,57121.44232047872,39945.442819148935
000_286,47,388.69,99108.29188829788,112784.9647606383,110206.65724734042
000_283,47,388.69,107461.25681515958,64741.34840425532,96611.5347406915
000_2105,47,388.69,8807.544651761968,55183.21035571808,55980.11095412234
000_2296,47,388.69,88998.42835771276,63679.09790558511,38691.09092420213
000_326,47,388.69,102004.5548537234,70359.86569148937,29619.5271775266
000_3381,47,388.69,33288.05294215425,103551.29355053192,63921.54429853724
000_338,47,388.69,96556.35255984042,7385.855406416224,62711.1402925532
000_2636,47,388.69,11467.281956449468,63537.06324800532,37909.59084109042
000_1623,47,388.69,23995.45428856383,100447.36519281915,111998.53025265958
000_3393,47,388.69,57241.82770944149,46898.59557845745,18532.75939162234
000_3939,47,388.69,50090.48088430851,47521.33086768617,23303.162192486703
000_3923,47,388.69,23477.743267952126,85351.25581781915,99566.34109042551
000_3927,47,388.69,102866.78257978724,102910.5470412234,93085.05767952128
000_4166,47,388.69,7282.06535696476,76650.84574468085,47493.88372672872
000_716,47,388.69,86172.1053856383,8900.26739112367,88430.29238696808
000_3228,47,388.69,34698.93093417553,95185.53374335106,79040.96027260639
000_3196,47,388.69,10196.966298204788,57619.011469414894,95616.40076462766
000_2350,47,388.69,71679.08859707447,109737.29803856384,76893.80435505319
000_1457,47,388.69,2342.7715051529253,97154.33776595745,75633.88929521276
000_3483,47,388.69,110023.42303856384,26771.76678856383,110261.82629654255
000_1738,47,388.69,69066.16605718085,21911.659117353724,96708.00482047872
000_1413,47,388.69,64831.30593417553,88827.89511303192,10521.49372506649
000_156,47,388.69,86322.52061170213,39454.76080452128,53007.06299867021
000_2052,47,388.69,12651.21912400266,34584.364112367024,74110.09574468085
000_2364,47,388.69,81596.02376994681,96199.38779920212,79560.12982047872
000_2392,47,388.69,75246.40791223405,59958.432180851065,29440.84815492021
000_3723,47,388.69,975.630761978474,58042.35314162234,12451.318110039894
000_2465,47,388.69,98385.68866356384,9738.439931017288,43171.42370345745
000_486,47,388.69,5215.253324468085,28624.28756648936,16077.25962017952
000_1812,47,388.69,111303.20511968085,19315.276678856382,56826.42386968085
000_627,47,388.69,39320.40118018617,656.1670220557679,42485.12732712766
000_657,47,388.69,76780.24551196808,26728.868932845744,7330.313580452128
000_4100,47,388.69,4703.050885139628,67246.5817819149,55236.566156914894
000_3099,47,388.69,34455.874168882976,79076.18517287234,71428.74301861702
000_1415,47,388.69,112798.13497340426,46895.035987367024,102689.60073138298
000_1088,47,388.69,105557.27642952128,44332.921708776594,38229.43966090425
000_526,47,388.69,47924.499168882976,16693.103411735374,28189.252202460106
000_1137,47,388.69,32064.923828125,76096.33261303192,100063.33311170212
000_3060,47,388.69,43164.47074468085,74941.0861037234,66534.94697473405
000_3689,47,388.69,21559.81873337766,93809.4291888298,67453.9685837766
000_529,47,388.69,72149.20511968085,2086.4728302651265,34982.49891954787
000_2848,47,388.69,93755.6835106383,21373.434175531915,31209.20345744681
000_1258,47,388.69,41407.97190824468,27946.14453125,115091.1637300532
000_69,47,388.69,112410.60738031915,74763.97905585106,115539.10472074468
000_2969,47,388.69,21644.335355718085,68037.12549867021,23126.94049202128
000_1286,46,380.42,61993.5859375,58760.292119565216,23210.224312160328
000_29,46,380.42,57965.81479279891,98751.19208559782,236.4167001011741
000_1367,46,380.42,74677.45006793478,104440.53396739133,31105.5529466712
000_1133,46,380.42,38668.12686820652,89684.38943614131,74809.46110733696
000_4096,46,380.42,103994.51086956522,39641.731487771736,64734.528532608696
000_4082,46,380.42,85069.6953125,94437.72911005437,81562.68648097826
000_142,46,380.42,42130.641219429344,98958.34408967392,112470.01307744563
000_1083,46,380.42,28099.901579483696,74450.75713315218,96613.31182065218
000_153,46,380.42,105137.26477581522,78126.49048913043,34709.688179347824
000_1434,46,380.42,10156.596934442934,82279.55842391304,16550.155103600544
000_1018,46,380.42,53720.28515625,64303.26171875,104095.55774456522
000_189,46,380.42,40678.77573029891,110671.0952785326,109326.1781589674
000_2763,46,380.42,78802.93121603261,101033.96348505437,83651.78260869565
000_1473,46,380.42,91352.96925951086,53067.860224184784,83893.45686141304
000_3234,46,380.42,21405.938051970108,94567.1234714674,42411.76554008152
000_996,46,380.42,95376.16661005437,20273.833644701088,76945.04042119565
000_3049,46,380.42,95350.37330163045,68913.79161005435,77998.96705163043
000_2086,46,380.42,21455.992654551632,113752.45906929349,37191.10971467391
000_4148,46,380.42,9028.913956351902,77163.85818614131,46473.281844429344
000_964,46,380.42,47811.696671195656,109405.34816576086,91321.41898777174
000_1524,46,380.42,28025.29623811141,34013.82651154891,104319.60869565218
000_1515,46,380.42,61831.85529891304,31183.415208899456,4150.7628386124325
000_918,46,380.42,32505.758916440216,48094.72613790761,86500.96925951086
000_3273,46,380.42,11409.120860224184,80420.61056385869,88077.20227581522
000_896,46,380.42,24369.040845788044,81923.78362771739,77113.56555706522
000_1958,46,380.42,36198.64639945652,6747.367612092391,71111.24575407608
000_285,46,380.42,109010.24966032608,61761.18002717391,98295.81640625
000_356,46,380.42,9649.032820991848,99903.77700407608,111234.70652173914
000_1635,46,380.42,66402.82218070653,78185.10801630435,49923.614215353264
000_837,46,380.42,59881.61362092391,98293.69497282608,112776.7671535326
000_2310,46,380.42,72105.65794836957,107158.87432065218,86298.63451086957
000_2308,46,380.42,74701.93376358696,114229.96586277174,85528.74558423914
000_1657,46,380.42,60807.26069972826,90660.29008152174,55298.75203804348
000_2332,46,380.42,70726.78770380435,115368.93070652174,87095.94786005435
000_778,46,380.42,41749.626019021736,61889.426715353264,86201.45108695653
000_3428,46,380.42,99545.1953125,84851.93155570653,78442.57082201086
000_4142,46,380.42,31696.68775475544,94945.65098505437,88366.74575407608
000_376,46,380.42,148.4527299300484,117168.50577445651,103607.02598505437
000_1918,46,380.42,48778.07464334239,17269.977029551632,67093.94089673914
000_1724,46,380.42,70703.95805027174,25087.396229619564,100824.54976222826
000_741,46,380.42,29702.15433933424,9340.238153872282,29890.34909986413
000_3494,46,380.42,12365.065981657608,81571.72707201086,56110.85699728261
000_2511,46,380.42,35052.06275475543,53015.22877038043,22406.47393002717
000_681,46,380.42,79467.79959239131,88098.51800271739,5894.419550356658
000_645,46,380.42,98970.87720788045,46628.411005434784,16787.249787703804
000_1873,46,380.42,101495.8226902174,61919.59154211957,89391.50339673914
000_3706,46,380.42,15313.896632982336,99704.51273777174,56049.64325747282
000_3682,46,380.42,16371.103749150816,83101.79432744565,65002.53099524457
000_540,46,380.42,48073.22622282609,117162.11990489133,43118.606148097824
000_3650,46,380.42,29157.997282608696,96410.76477581522,75279.95380434782
000_1225,46,380.42,17033.164402173912,35160.72995923913,108661.5132472826
000_2110,46,380.42,5602.82274329144,9951.856020720108,72242.41898777174
000_2158,46,380.42,74387.58050271739,116407.52072010867,73183.12635869565
000_2121,46,380.42,78629.39266304347,116327.3070652174,79124.66253396739
000_52,46,380.42,32133.307319972828,39528.028702445656,59807.899371603264
000_1661,45,372.15,65818.76085069444,28604.067447916663,2366.177284071181
000_1934,45,372.15,18289.786631944444,20313.190234375,82296.63715277778
000_2976,45,372.15,72028.59461805556,95636.90399305556,88509.62621527778
000_1624,45,372.15,54360.54027777778,88224.80920138888,59426.23767361111
000_3011,45,372.15,80432.07135416666,61281.79756944445,55982.2328125
000_1174,45,372.15,70713.27239583334,48363.42352430556,97365.421875
000_2994,45,372.15,102433.82586805556,82938.68385416667,77512.03576388888
000_1192,45,372.15,9178.147916666669,70415.95295138888,32502.34040798611
000_2429,45,372.15,19360.30486111111,76961.48819444445,3196.428510199653
000_3886,45,372.15,81376.84861111111,94654.22447916666,80551.58038194444
000_306,45,372.15,106293.87621527778,63525.27890625,102465.70086805556
000_1813,45,372.15,101217.34184027778,25360.065928819444,56594.600694444445
000_2074,45,372.15,2567.798464626736,39241.71501736111,61597.26953125
000_2172,45,372.15,9813.418370225694,20446.48493923611,68719.45659722222
000_1127,45,372.15,1485.374728732639,4648.323057725695,82316.59739583333
000_2649,45,372.15,65161.577256944445,31368.69513888889,79692.01336805556
000_383,45,372.15,43164.91414930556,19005.154296875,41703.81458333333
000_385,45,372.15,89266.00833333333,43090.40277777778,75137.35069444444
000_2075,45,372.15,30198.709244791666,108396.69079861112,85020.67361111111
000_2560,45,372.15,94430.47604166668,28156.510112847223,13475.634288194444
000_1687,45,372.15,6369.196733940972,61609.602864583336,114947.4375
000_3045,45,372.15,14688.921614583332,79347.25086805556,63537.77465277778
000_2844,45,372.15,16955.964149305557,83209.64861111112,90725.88315972222
000_4081,45,372.15,21885.37829861111,62969.266927083336,22651.99631076389
000_3082,45,372.15,109517.19444444444,35890.31458333333,65616.20824652778
000_1527,45,372.15,73386.17864583334,62775.90164930555,94020.3640625
000_275,45,372.15,95729.00989583334,50475.91458333333,40489.98480902778
000_3947,45,372.15,2376.9673122829863,87249.59184027778,47574.22890625
000_1493,45,372.15,19739.50763888889,20778.780164930555,56729.01354166667
000_1398,45,372.15,71476.23072916667,118726.34010416668,59455.4484375
000_1450,45,372.15,10531.141254340278,49769.22916666666,110847.83975694444
000_2499,45,372.15,11634.715907118056,105971.76736111112,39786.661545138886
000_1082,45,372.15,55457.65625,76532.0795138889,90388.92222222222
000_1059,45,372.15,112172.19496527778,42928.294270833336,33796.40234375
000_3539,45,372.15,89817.60694444444,20246.50243055556,32138.85802951389
000_3536,45,372.15,14872.726280381945,91220.85434027776,53152.61414930556
000_174,45,372.15,2857.6277452256945,115413.80590277778,22984.84765625
000_2139,45,372.15,97096.85763888888,100006.30868055556,86945.17638888888
000_1255,45,372.15,70531.15277777778,67279.25,34145.57196180556
000_523,45,372.15,51506.97196180555,116593.03663194444,43913.34366319444
000_1830,45,372.15,82938.20538194444,59592.02725694444,12276.639561631944
000_26,45,372.15,88178.10520833333,24684.58315972222,46392.84930555556
000_4233,45,372.15,27129.552604166667,94092.44826388887,90498.19878472222
000_2772,45,372.15,93387.75885416666,24527.306640625,54210.91666666666
000_217,45,372.15,110133.11961805556,63695.72491319444,112042.26458333334
000_1074,45,372.15,44885.93958333333,74536.08489583334,95162.49513888887
000_4054,45,372.15,83163.4046875,94981.45572916669,81890.49739583333
000_685,45,372.15,61347.04288194444,884.4687377929688,27492.097135416665
000_619,45,372.15,34344.88637152778,23825.70138888889,3107.701340060764
000_622,45,372.15,76653.0638888889,95740.00625,13081.835199652778
000_678,45,372.15,37985.68680555555,3949.2310384114585,39369.52907986111
000_3736,45,372.15,9515.094075520834,12415.861935763887,81565.37864583333
000_2529,45,372.15,25467.939453125,118663.21197916666,95581.54479166666
000_3084,45,372.15,101186.01666666666,31037.279730902777,70008.61597222222
000_3564,45,372.15,95993.35434027776,22688.858203125,12506.661762152778
000_1765,44,363.88,42850.9140625,74909.51420454546,55877.435546875
000_1426,44,363.88,66945.48490767046,89978.12446732954,18686.34490411932
000_2750,44,363.88,6591.500577059659,11057.068514737217,76456.59197443182
000_1853,44,363.88,14504.605424360796,40506.9619140625,110873.80575284093
000_2794,44,363.88,24041.768909801136,84027.81605113637,103258.53728693182
000_2890,44,363.88,72425.86239346591,39487.216796875,91431.80628551135
000_2169,44,363.88,82940.40625,66205.27716619318,60159.080078125
000_2886,44,363.88,86984.00887784091,59149.74502840909,59526.98162286932
000_1345,44,363.88,76652.40660511363,114595.79509943182,29050.63059303977
000_293,44,363.88,104553.60759943182,115874.65145596593,109477.66459517046
000_876,44,363.88,68026.80078125,83666.78533380682,86932.935546875
000_3928,44,363.88,8564.892689098011,16802.73517400568,84684.86558948863
000_1785,44,363.88,79047.47887073863,71417.26438210228,89698.35102982954
000_1808,44,363.88,36240.00514914773,55956.505326704544,36532.27814275568
000_3835,44,363.88,104273.70152698865,96632.49360795454,84605.97620738637
000_1200,44,363.88,54747.87038352273,48754.06258877841,82071.57776988637
000_3389,44,363.88,12676.558127663351,75809.04083806818,39417.91930042614
000_57,44,363.88,78412.52237215909,24713.49675958807,48047.525568181816
000_506,44,363.88,109175.97034801135,38732.43270596591,41608.52796519886
000_55,44,363.88,44627.02254971591,57261.87136008523,153.78887301683426
000_3010,44,363.88,48147.49396306818,55197.28773082386,35157.75612571023
000_758,44,363.88,96221.69034090907,12864.666814630682,88925.86452414772
000_1604,44,363.88,6099.149968927557,110360.89098011365,83389.98455255682
000_1988,44,363.88,102364.34641335228,62617.16832386364,37642.28817471591
000_3461,44,363.88,97812.90198863635,67249.09783380682,70857.19140625
000_2762,44,363.88,79870.98046875,101504.63245738635,82599.42649147728
000_2347,44,363.88,92339.60262784093,92115.47922585228,81735.12642045454
000_151,44,363.88,105251.25568181818,76855.96147017046,37177.658735795456
000_524,44,363.88,78178.71058238637,3211.2530406605115,30286.88125887784
000_184,44,363.88,98263.50177556818,85271.70276988637,8141.167846679687
000_666,44,363.88,44192.25284090909,3718.5763549804688,3630.3761097301135
000_1309,44,363.88,48707.27112926136,85964.875,28672.19038529829
000_2314,44,363.88,99468.03924005682,111450.97745028407,91666.017578125
000_2970,44,363.88,13075.498579545454,79907.76207386363,34597.203568892044
000_2959,44,363.88,96640.22212357954,37870.31800426136,77788.52911931818
000_2903,44,363.88,8736.025412819603,60172.51402698864,94200.18643465907
000_335,44,363.88,18787.16832386364,111830.26296164772,115643.17418323865
000_3254,44,363.88,10410.050226384945,89967.42453835228,37546.38272372159
000_403,44,363.88,80006.75656960228,93078.00941051135,37368.12171519886
000_163,44,363.88,109398.09978693182,8050.4787486683235,16689.648992365055
000_4072,44,363.88,101383.79208096593,61927.72647372159,65765.72407670454
000_629,44,363.88,21583.258345170456,9360.928533380682,28473.29416725852
000_455,44,363.88,17818.565651633522,40772.09889914773,17246.75861150568
000_1906,44,363.88,22795.12202592329,117739.25727982954,68193.41885653409
000_1752,44,363.88,73556.56338778409,9555.514959161932,97649.00071022728
000_402,44,363.88,93988.58487215907,86812.57741477272,45151.10635653409
000_2060,44,363.88,100982.81605113635,74003.16477272728,87724.02219460228
000_1110,44,363.88,40895.58123224432,70599.77450284091,94659.45063920454
000_3733,44,363.88,722.5855893221768,58547.71963778409,12254.610640092327
000_1456,44,363.88,53252.14018110796,117455.39382102272,55855.60165127841
000_2793,44,363.88,22877.917924360798,81081.11239346591,105498.86328125
000_2471,44,363.88,85462.95596590909,68978.51100852272,81833.85901988637
000_447,44,363.88,42928.24760298296,52228.96555397727,48101.786576704544
000_2393,44,363.88,76581.396484375,61267.56986860796,27689.735617897728
000_1823,44,363.88,14734.981223366478,24052.44256036932,65022.23357599432
000_1839,44,363.88,15390.501198508522,44734.54527698864,108118.26811079546
000_553,43,355.61,50457.98401162791,22593.928188590115,15142.553143168603
000_2264,43,355.61,100860.78252180232,92226.2390988372,83006.53924418605
000_2449,43,355.61,98353.17060319768,115358.31958575582,81904.69894622093
000_989,43,355.61,95402.0913880814,27912.353061409885,79182.76417151163
000_3581,43,355.61,33800.306504360466,93575.69821947676,88978.29923691861
000_647,43,355.61,76929.8406613372,34541.559411337206,13832.04855559593
000_1084,43,355.61,42928.46275436047,74616.12627180232,94320.96929505814
000_1513,43,355.61,25649.25990188953,33622.307412790695,100126.20167151163
000_1495,43,355.61,64094.85065406977,72358.76162790698,79527.89117005814
000_537,43,355.61,48543.23410247093,38734.37881540698,1759.107004564862
000_441,43,355.61,101395.30450581395,68772.12463662791,106084.31431686046
000_2459,43,355.61,50541.52334665698,93818.03052325582,101903.14425872092
000_264,43,355.61,13694.676894077034,12709.80409702035,100453.42205668605
000_749,43,355.61,25782.885992005813,9101.560183502908,26287.79969113372
000_2552,43,355.61,87097.06122819768,77125.05141715116,79229.25363372093
000_2637,43,355.61,35071.06958575582,103758.0414244186,39225.688680959305
000_588,43,355.61,67470.73019622093,6669.713526526163,34348.75136264535
000_2381,43,355.61,92499.82140261628,69080.14407703489,71683.13880813954
000_599,43,355.61,40952.9906431686,27506.410746729653,12253.35785337936
000_2955,43,355.61,75895.36028343023,44257.80668604651,70923.1297238372
000_3399,43,355.61,13317.968659156975,105264.5757630814,62160.90234375
000_1639,43,355.61,64799.773255813954,90686.83739098837,60880.972474563954
000_823,43,355.61,16869.196675145347,101723.2765261628,102177.8250363372
000_1578,43,355.61,60777.94367732558,115269.13935319768,106178.4860101744
000_1703,43,355.61,29870.272438226744,62627.34665697674,30899.72410973837
000_1442,43,355.61,62787.51816860465,45437.28742732558,8359.272881086483
000_1437,43,355.61,63944.36882267442,106958.27688953489,52204.54078851744
000_3205,43,355.61,72660.97220203489,55773.87817950582,68719.6905886628
000_3130,43,355.61,87121.73655523256,40051.81340843023,67620.8464752907
000_562,43,355.61,58435.14525799418,39838.63717296512,80717.5519622093
000_2263,43,355.61,86055.75018168605,88696.46511627907,80888.43622819768
000_400,43,355.61,5684.447606286337,115995.69186046511,108699.31377180232
000_3744,43,355.61,74395.22728924418,54070.87936046512,63516.71139171512
000_260,43,355.61,24001.895485101744,7855.5302734375,66623.1511627907
000_3019,43,355.61,89.66319795403369,60767.87200218023,87577.19821947675
000_1379,43,355.61,61880.09474927326,92716.72747093024,12785.410247093025
000_2286,43,355.61,17981.573537427324,93369.92478197676,33360.149255087206
000_1161,43,355.61,16022.1806640625,2713.560433321221,100000.4320494186
000_3841,43,355.61,17154.76807776163,58375.258630087206,103190.24854651163
000_1688,43,355.61,3453.3104957758,58863.99636627907,113553.66606104652
000_2428,43,355.61,19807.94535792151,75974.80541424418,3827.36404206032
000_2097,43,355.61,88149.6609738372,57502.22156613372,86215.65915697675
000_3444,43,355.61,56848.98446584302,102626.15025436046,79561.5625
000_775,43,355.61,31105.03061409884,47416.98246729651,50207.5577761628
000_2684,43,355.61,5091.93527434593,64334.73101380814,110475.08030523256
000_922,43,355.61,44695.07748909884,55757.0734011628,89492.13172238372
000_399,43,355.61,65519.322401889534,83861.99927325582,98822.16151889534
000_466,43,355.61,5915.181731468023,18661.94308684593,20364.530023619187
000_454,43,355.61,32241.87222928779,8465.785337936046,39874.911337209305
000_3774,43,355.61,22467.25068132268,91902.5703125,45321.4351380814
000_3290,43,355.61,27164.90443313953,95136.73183139534,71842.95239825582
000_2704,43,355.61,17241.146075581397,72865.95694040698,100614.78542877908
000_3798,43,355.61,31304.78347565407,96596.33393895348,103708.95948401163
000_1714,42,347.34,9319.807314918156,40249.55626860119,42283.16834077381
000_123,42,347.34,63950.25316220238,18323.44242931548,63122.01739211309
000_2661,42,347.34,39098.77055431547,98811.11328125,56430.40922619047
000_2181,42,347.34,92959.77529761904,116207.34002976192,81534.42020089286
000_1150,42,347.34,74601.3203125,37617.87193080357,113186.38467261904
000_2561,42,347.34,2614.54110281808,64135.58286830357,10129.87220982143
000_1989,42,347.34,71391.72563244047,16287.767764136905,94329.43675595238
000_2103,42,347.34,10529.91489955357,16008.438546316964,74880.70275297618
000_3405,42,347.34,7786.352806454613,83026.18545386905,45018.98651413691
000_1298,42,347.34,45519.00102306547,75338.36216517857,31130.62951078869
000_3856,42,347.34,2874.2032761346727,82125.5234375,90721.609375
000_3426,42,347.34,12018.587100074405,77720.40662202382,50046.780598958336
000_3382,42,347.34,33198.296968005954,104226.86328125,63913.654017857145
000_1376,42,347.34,63850.46456473215,86824.89657738095,6117.6838611421135
000_4125,42,347.34,10724.42052641369,75823.98270089286,45953.52892485119
000_3332,42,347.34,16810.499162946428,95265.14006696428,49917.673549107145
000_3611,42,347.34,14533.344075520834,98586.62909226192,55681.39880952381
000_349,42,347.34,13890.930850074405,32973.816127232145,93862.67578125
000_3637,42,347.34,13891.883742559525,86592.33370535714,31909.373465401783
000_3627,42,347.34,61872.86625744047,50814.18824404762,49128.433872767855
000_831,42,347.34,16203.659946986609,98072.40811011904,96775.02325148808
000_2831,42,347.34,66161.20982142857,58406.15745907738,70267.25874255953
000_1732,42,347.34,108943.7109375,38265.84002976191,92427.75744047618
000_251,42,347.34,23409.61309523809,110618.85100446428,5240.616280691965
000_3097,42,347.34,13446.93494233631,100577.44122023808,68025.65029761905
000_3775,42,347.34,29312.459914434523,85296.78850446429,70913.30747767857
000_3238,42,347.34,55895.173735119046,54892.97079613096,44547.984375
000_219,42,347.34,111751.49460565476,61741.91369047619,114509.63653273808
000_135,42,347.34,109294.96000744047,72479.71763392857,20720.98195684524
000_1073,42,347.34,41423.34291294643,68530.68880208333,95752.63969494047
000_3484,42,347.34,19821.821103050595,95039.00595238096,67331.88690476191
000_2504,42,347.34,81197.39081101191,99518.81380208331,81212.70535714286
000_943,42,347.34,112224.22358630953,6911.01421828497,104126.66015625
000_945,42,347.34,12802.330496651786,95040.41964285714,14675.302083333334
000_1991,42,347.34,91731.00427827382,67879.57942708333,81947.37388392857
000_1141,42,347.34,53071.87472098215,44586.45517113096,109124.60453869047
000_698,42,347.34,89841.46279761905,8221.63195219494,92056.68433779762
000_3720,42,347.34,565.5907207670666,84359.33333333333,85553.72786458333
000_612,42,347.34,43192.18638392857,35113.91350446428,2884.651314871652
000_610,42,347.34,48776.50055803572,13120.82142857143,15708.846935453868
000_2057,42,347.34,99418.16945684524,65625.33342633929,86621.35881696429
000_1445,42,347.34,4168.167974562872,104592.75539434524,71907.67801339286
000_4019,42,347.34,12535.999674479166,81874.7890625,52469.960844494046
000_3533,42,347.34,7754.352678571428,76530.02269345238,54523.59244791666
000_3137,42,347.34,75172.05450148809,37286.13318452381,79396.20554315476
000_3220,42,347.34,76814.03924851191,56977.37927827381,62384.49125744047
000_2010,42,347.34,19060.301664806542,73382.10639880953,111815.08965773808
000_1455,42,347.34,58489.766276041664,87093.10491071429,106419.50204613096
000_2771,42,347.34,101629.0625,16901.099423363095,49008.70703125
000_659,42,347.34,81901.67206101191,116535.88188244047,70212.87630208333
000_443,42,347.34,29610.99441964286,5379.126534598215,39111.39136904762
000_1866,42,347.34,19175.336123511905,7752.878208705357,79710.84337797618
000_157,42,347.34,45735.14629836309,116109.34895833331,76323.76134672618
000_2461,42,347.34,73389.20907738095,108599.14546130953,85053.02213541667
000_4190,42,347.34,101335.85212053572,104567.22619047618,90191.27957589286
000_579,42,347.34,65716.63467261905,2704.482485816592,36785.33156622024
000_13,41,339.07,75169.43407012195,118612.42320884146,416.2583290658346
000_3439,41,339.07,49869.8993902439,49018.10880335366,30415.42211318597
000_3441,41,339.07,51948.529916158535,47930.58584222561,20926.403582317074
000_3194,41,339.07,28965.495522103654,96802.8105945122,64976.25638338415
000_1330,41,339.07,3055.841802829649,95379.24333079268,17797.45350609756
000_320,41,339.07,97339.65282012196,49053.93997713415,3161.658923637576
000_2603,41,339.07,79633.54477896342,51085.09127286585,52984.05821265244
000_2630,41,339.07,87636.98875762195,117682.76772103658,78561.21932164633
000_3880,41,339.07,100093.19798018291,60239.99447408537,65603.72722942074
000_1210,41,339.07,79730.89977134146,40843.994378810974,110267.98304115854
000_570,41,339.07,11126.16542016006,8675.502548589939,36656.56431021341
000_2192,41,339.07,13835.503787157011,18038.688881478654,70248.81554878049
000_361,41,339.07,8465.02265148628,104722.81554878048,108205.5419207317
000_366,41,339.07,8682.786442454268,104825.32088414632,112266.20331554876
000_2279,41,339.07,1167.957510599276,43655.848990091465,67091.81650152439
000_3931,41,339.07,18920.83422256097,98786.04516006098,40570.21455792683
000_2644,41,339.07,3677.046071122332,73474.81421493902,67774.48361280488
000_1968,41,339.07,49688.26514862805,104294.1211890244,65912.4815167683
000_1173,41,339.07,72042.0674542683,47702.07440929878,96397.11966463414
000_1747,41,339.07,68908.68121189025,11646.890291539634,606.2131459305926
000_1053,41,339.07,22250.78272675305,76942.10365853658,99704.1034679878
000_1019,41,339.07,21351.786490091465,77310.3574695122,96734.95865091465
000_3754,41,339.07,19778.361852134145,55605.57317073171,104982.61490091465
000_4109,41,339.07,95774.9472179878,40787.279535060974,92456.41539634146
000_1321,41,339.07,48766.57688643293,95023.56230945124,27805.41430068597
000_1154,41,339.07,73827.52515243902,38353.7353277439,102587.79992378048
000_1702,41,339.07,21195.94869474085,63764.81307164634,31946.68397484756
000_2338,41,339.07,85668.14272103658,64984.09908536585,37095.895865091465
000_1914,41,339.07,53825.25161966463,10312.352943978658,77349.31878810975
000_1871,41,339.07,4410.424733231707,107865.23266006098,38843.17540015244
000_3295,41,339.07,36249.42301829269,94106.06288109756,85463.88071646342
000_3972,41,339.07,66617.27667682926,98450.97999237804,88749.3965320122
000_268,41,339.07,1612.6775676448171,9488.995236280489,106667.67492378048
000_2469,41,339.07,85341.62480945123,72733.91806402439,68522.0009527439
000_2806,41,339.07,17169.565691692074,68182.7675304878,25350.167825838416
000_3199,41,339.07,4819.436964081555,81324.95922256098,81811.2646722561
000_672,41,339.07,85337.62042682926,91424.68044969512,9572.02088891006
000_753,41,339.07,83550.90987042683,52412.95674542683,90269.4569359756
000_3468,41,339.07,53457.77315167683,96732.73094512196,95952.68426067074
000_721,41,339.07,35832.743711890245,11850.857350419208,4528.955149580793
000_246,41,339.07,19588.12704839939,118051.6278582317,3594.7754144435976
000_1403,41,339.07,55806.29325457317,111498.04020579268,52741.701791158535
000_3982,41,339.07,19947.772246570123,62979.11404344512,25305.821360518294
000_392,41,339.07,16571.593630907013,24076.602467606703,23747.34641768293
000_3502,41,339.07,15386.809927591465,84518.38147865854,56710.89472179878
000_165,41,339.07,25268.13905297256,70858.36108993902,54067.41749237805
000_1091,41,339.07,29278.95860327744,74854.57602896342,104214.19054878048
000_1756,41,339.07,51682.99237804878,8171.646139005335,98024.33708079268
000_959,41,339.07,109411.48589939025,45716.65958460366,31777.36294778964
000_150,41,339.07,103083.1015625,74970.19016768293,37022.5009527439
000_2241,41,339.07,88684.21798780488,109903.0009527439,83267.14081554877
000_977,41,339.07,46349.71989329269,81511.7059832317,96262.36852134146
000_1044,41,339.07,86404.37614329268,7036.345965129573,22483.78782393293
000_1878,41,339.07,33168.85213414634,57894.8662347561,33077.53448932927
000_636,41,339.07,61465.80849847561,8012.330756955031,38285.45893673781
000_1257,41,339.07,74615.40967987805,75067.59241615854,38285.49447408537
000_2123,41,339.07,79552.59222560975,63765.05087652439,12824.822837271342
000_1818,40,330.79999999999995,106668.8060546875,26394.019482421874,62351.7861328125
000_3374,40,330.79999999999995,11893.651586914062,78360.8423828125,34437.06171875
000_790,40,330.79999999999995,68801.559765625,5290.807153320313,102842.09296875
000_2577,40,330.79999999999995,6569.522717285156,101927.554296875,57223.01298828125
000_407,40,330.79999999999995,109609.97734375,86036.9822265625,93978.75703125
000_421,40,330.79999999999995,74532.0353515625,95121.317578125,53845.63291015625
000_1516,40,330.79999999999995,62858.50234375,31708.18256835937,2037.2525665283204
000_3990,40,330.79999999999995,98080.4310546875,2316.4804931640624,42345.2083984375
000_1042,40,330.79999999999995,38054.563671875,64837.70458984375,96119.9326171875
000_987,40,330.79999999999995,6845.731408691407,96050.175,10899.943969726562
000_3156,40,330.79999999999995,96376.5021484375,65540.89765625,74501.87890625
000_1315,40,330.79999999999995,109248.45546875,26407.354296875,27922.60717773437
000_319,40,330.79999999999995,112299.5951171875,99705.5904296875,75314.45078125
000_797,40,330.79999999999995,52728.88232421875,1823.9162048339845,9951.954956054688
000_1933,40,330.79999999999995,17146.63818359375,22037.403759765624,81308.184375
000_1995,40,330.79999999999995,102735.83359375,26102.87998046875,34308.84697265625
000_3491,40,330.79999999999995,34252.24931640625,95120.4357421875,61619.56630859375
000_1416,40,330.79999999999995,15001.145166015624,28418.379443359376,72494.0666015625
000_481,40,330.79999999999995,12619.11845703125,27546.821337890626,15537.536572265624
000_3486,40,330.79999999999995,3192.3409118652344,83104.2537109375,82482.32109375
000_164,40,330.79999999999995,111864.1376953125,10270.998559570313,17075.359228515626
000_1068,40,330.79999999999995,33618.03154296875,69506.418359375,96450.1806640625
000_1383,40,330.79999999999995,67880.403515625,87788.8224609375,5462.579663085938
000_956,40,330.79999999999995,111193.1560546875,41779.9228515625,88685.685546875
000_1519,40,330.79999999999995,69525.930078125,69229.4267578125,95388.9037109375
000_1120,40,330.79999999999995,48244.8119140625,93323.7029296875,85342.7458984375
000_2920,40,330.79999999999995,66225.0572265625,102155.914453125,95160.092578125
000_4169,40,330.79999999999995,104393.2275390625,39257.23125,65423.09208984375
000_1574,40,330.79999999999995,78126.5123046875,12705.228271484377,90519.5025390625
000_691,40,330.79999999999995,52467.84580078125,559.9868850708008,21811.754150390625
000_886,40,330.79999999999995,68755.2162109375,110670.3115234375,113774.8873046875
000_4130,40,330.79999999999995,100572.3369140625,104817.9537109375,91062.9990234375
000_1381,40,330.79999999999995,2139.6981536865237,30684.27080078125,51539.46318359375
000_121,40,330.79999999999995,57453.6869140625,38093.14619140625,91679.8814453125
000_3193,40,330.79999999999995,10993.83291015625,104481.05703125,52404.82265625
000_161,40,330.79999999999995,93201.4650390625,100344.6962890625,31258.10673828125
000_2140,40,330.79999999999995,78204.0275390625,66943.0203125,12038.494873046877
000_4192,40,330.79999999999995,33118.5740234375,82148.7037109375,104036.046875
000_4196,40,330.79999999999995,20836.552978515625,62394.45234375,20708.450048828126
000_777,40,330.79999999999995,33291.39638671875,45441.0865234375,44625.57001953125
000_2220,40,330.79999999999995,60251.97734375,59973.459375,68782.0728515625
000_762,40,330.79999999999995,20193.42451171875,3568.5844604492186,1318.2306396484375
000_765,40,330.79999999999995,67380.1294921875,114940.564453125,66147.27109375
000_1946,40,330.79999999999995,36582.15654296875,55494.4626953125,33143.7345703125
000_1214,40,330.79999999999995,43708.79794921875,66142.5359375,70729.7232421875
000_2224,40,330.79999999999995,8358.843078613281,5608.286291503906,86589.08828125
000_1197,40,330.79999999999995,79405.94453125,45297.2849609375,93746.7890625
000_2625,40,330.79999999999995,30739.519775390625,107256.2931640625,37285.8625
000_3355,40,330.79999999999995,14687.332861328125,100762.3720703125,60536.5349609375
000_745,40,330.79999999999995,95964.8041015625,11499.506860351565,95395.3052734375
000_3633,40,330.79999999999995,101382.9326171875,77206.6974609375,72782.7595703125
000_305,40,330.79999999999995,70409.2490234375,23995.25439453125,29819.459228515625
000_1603,40,330.79999999999995,13746.223461914062,106516.7484375,79374.7140625
000_99,40,330.79999999999995,109454.4109375,97291.41640625,45031.51298828125
000_2095,40,330.79999999999995,23184.62529296875,92699.4884765625,32318.405517578125
000_2433,40,330.79999999999995,83330.641015625,109086.7615234375,84002.96328125
000_2921,40,330.79999999999995,94644.6212890625,6237.451940917968,39456.33232421875
000_830,40,330.79999999999995,32027.05473632813,6873.682263183594,28966.862646484376
000_3602,40,330.79999999999995,42980.05546875,95438.681640625,87539.1314453125
000_3946,40,330.79999999999995,52818.43388671875,48893.9734375,27550.728759765625
000_1974,40,330.79999999999995,43618.04921875,15726.512524414062,59578.46923828125
000_3320,40,330.79999999999995,6019.955102539063,61725.79716796875,79996.8296875
000_2012,40,330.79999999999995,17629.587060546874,77924.655859375,109959.3029296875
000_1054,40,330.79999999999995,89305.837109375,3412.672393798828,108405.115625
000_669,40,330.79999999999995,50415.4216796875,1009.237417602539,35256.0267578125
000_3174,40,330.79999999999995,74596.3603515625,54036.01982421875,69143.39609375
000_3761,40,330.79999999999995,83395.930078125,117682.2447265625,85298.101171875
000_3707,40,330.79999999999995,15605.594580078125,78674.48828125,92958.0751953125
000_2798,40,330.79999999999995,62567.472265625,95908.8345703125,50304.60576171875
000_1090,40,330.79999999999995,28132.79892578125,75539.2955078125,103474.5259765625
000_1477,40,330.79999999999995,20436.78549804688,22311.760546875,88655.6765625
000_4099,39,322.53,27973.294921875,98998.04246794872,90805.49559294872
000_2038,39,322.53,97374.29427083331,60719.0514823718,79263.63080929487
000_1075,39,322.53,36784.70462740384,6186.44690254407,29722.443509615383
000_2956,39,322.53,71684.69491185897,44031.96885016026,74051.34194711539
000_580,39,322.53,101358.09214743588,35257.70602964744,38861.82241586538
000_576,39,322.53,38893.42528044872,34602.75340544872,14025.910256410256
000_2298,39,322.53,1127.6023778670874,39524.882011217946,68079.25380608975
000_2977,39,322.53,38599.71133814102,38853.99819711538,27638.23467548077
000_4212,39,322.53,26424.05153245192,94481.8717948718,90760.18669871795
000_3662,39,322.53,86000.90004006411,117865.01782852564,82619.06830929487
000_1285,39,322.53,61710.90064102564,59245.4694511218,23814.09710536859
000_17,39,322.53,75042.24899839744,110672.84334935895,11201.469951923076
000_1851,39,322.53,73842.75841346153,79623.56430288461,98947.61217948716
000_760,39,322.53,59510.69681490384,80840.34455128205,29026.217497996797
000_1956,39,322.53,46266.86508413462,12464.303185096154,47028.56901041666
000_2596,39,322.53,90306.9140625,23339.95537860577,19877.84319911859
000_2578,39,322.53,82751.28986378205,71575.69871794872,71784.24399038461
000_295,39,322.53,53366.20482772436,114735.29947916669,72169.23677884616
000_3878,39,322.53,30308.71684695513,46426.10997596154,113798.89302884616
000_1697,39,322.53,62934.27994791666,26571.502103365383,103819.98277243588
000_3446,39,322.53,99586.15865384616,46908.07912660256,81588.6047676282
000_81,39,322.53,27288.22906650641,15864.27331229968,115212.74258814105
000_348,39,322.53,26248.94871794872,5583.367174979968,2339.7593462039263
000_838,39,322.53,65818.15224358975,86898.27604166667,115417.49058493588
000_3072,39,322.53,97369.14623397436,69381.82431891025,71963.06530448717
000_2888,39,322.53,69406.62379807692,37363.05969551282,19274.92573116987
000_3076,39,322.53,105648.2063301282,76051.38661858975,68187.61117788461
000_1363,39,322.53,44975.85046073718,86416.74318910256,36572.3327323718
000_3965,39,322.53,5601.924028445513,74645.09074519231,88873.03385416667
000_2677,39,322.53,73127.77584134616,41317.56390224359,25800.28245192308
000_2270,39,322.53,88511.97075320513,113218.4939903846,82609.64022435897
000_2667,39,322.53,18338.777493990383,65495.02453926282,100045.0060096154
000_833,39,322.53,3250.539049979968,98200.30709134616,3686.4273399939902
000_1237,39,322.53,56591.515424679485,50759.46694711538,55916.93739983974
000_2765,39,322.53,109122.35637019233,90163.72876602564,80891.57732371795
000_1109,39,322.53,107736.99519230767,182.68791438371707,34947.291566506414
000_3590,39,322.53,65436.374098557695,99577.87720352564,95827.1047676282
000_2371,39,322.53,83209.98377403847,116662.10176282052,81689.34795673077
000_2026,39,322.53,76564.7279647436,93225.70753205128,80859.49699519231
000_3265,39,322.53,75083.72756410256,58898.70482772436,38368.7727363782
000_1239,39,322.53,100918.70012019233,57652.96103766026,7326.95032051282
000_47,39,322.53,112574.6438301282,44661.916065705125,77140.54887820513
000_2450,39,322.53,97758.01923076923,115329.39483173077,81356.50040064103
000_2550,39,322.53,27110.643028846152,111634.89903846152,32734.01702724359
000_3795,39,322.53,14824.106044671476,104478.82972756412,60639.549379006414
000_1500,39,322.53,70269.26622596153,79190.95532852564,76594.79086538461
000_3244,39,322.53,4261.43639823718,78928.84174679487,56662.02163461538
000_1894,39,322.53,3128.9561924078525,106906.2077323718,32723.132411858973
000_1730,39,322.53,21359.232021233973,49652.8835136218,87183.91566506411
000_3725,39,322.53,9866.15973056891,63124.4742588141,41608.283253205125
000_357,39,322.53,3840.787366035657,103166.58954326923,103557.72916666669
000_2860,39,322.53,16073.873497596154,105090.39322916669,42319.97135416666
000_1735,39,322.53,34479.32411858974,14646.636393229166,93814.91165865384
000_501,39,322.53,75902.2720352564,270.0035621447441,41811.846754807695
000_3709,39,322.53,40324.50671073718,13057.80804286859,64189.49008413462
000_2390,39,322.53,82155.89282852564,63459.54397035256,37035.51362179488
000_2774,39,322.53,103666.82732371795,31595.28255208333,53662.835036057695
000_829,39,322.53,32767.98432491987,6729.503392928686,28463.31560496795
000_4023,39,322.53,84419.4421073718,94553.53084935895,82223.57592147436
000_1132,39,322.53,82636.60837339744,44468.92568108974,106401.91987179487
000_892,39,322.53,34939.52794471154,14237.504682491986,3136.7161896534453
000_259,39,322.53,17275.42938701923,110572.31730769233,3650.853759765625
000_2522,39,322.53,111553.62560096152,88955.41927083333,73332.38441506411
000_738,39,322.53,44526.70823317308,5385.039112580128,14281.27849559295
000_166,39,322.53,26226.445713141027,110535.01782852564,60972.51462339744
000_909,39,322.53,92589.70552884616,16114.34935897436,100629.36217948716
000_714,39,322.53,83949.12459935897,90402.9471153846,5860.967372796475
000_4245,38,314.26,28179.00570518092,96849.1521381579,91176.48190789472
000_11,38,314.26,84532.23519736843,78870.5857319079,94402.15398848684
000_16,38,314.26,79619.28289473684,16212.611199629937,58466.48273026316
000_1294,38,314.26,61395.48591694079,79348.21299342105,18665.39396587171
000_4223,38,314.26,46759.89052220395,48411.91570723684,26358.946803042763
000_1134,38,314.26,55607.08861019737,43404.99619654605,104040.32894736844
000_2841,38,314.26,12106.573344983552,74149.88815789473,89203.48129111843
000_3092,38,314.26,84597.91550164473,38660.11852384869,66949.765625
000_2085,38,314.26,23776.00894325658,93587.2228618421,37329.57586348684
000_2713,38,314.26,10964.791015625,70459.38630756579,84418.74650493421
000_2255,38,314.26,2544.453369140625,51906.07082648026,65086.51120476974
000_3266,38,314.26,75845.84128289473,59716.04368832237,38692.91560444079
000_3263,38,314.26,60866.70137746711,50790.39864309211,45695.41169819079
000_1354,38,314.26,60096.61687911184,90049.91221217105,22611.26927425987
000_603,38,314.26,77161.19880756579,85161.22902960527,12655.824090254937
000_1385,38,314.26,68945.72450657895,102685.2972861842,38460.48828125
000_473,38,314.26,834.1796618009869,117845.46361019736,104065.4644325658
000_3120,38,314.26,7167.81343801398,65315.34529194079,64022.41591282895
000_4061,38,314.26,8141.760112561677,76818.71998355263,50072.50709292763
000_3766,38,314.26,104287.4138569079,103479.50472861844,115175.40357730264
000_2728,38,314.26,3328.3937474300988,54699.34652549342,93844.46607730264
000_2722,38,314.26,98383.92269736844,30308.004780016447,53836.60053453947
000_1512,38,314.26,47092.29954769737,38599.17064144737,103574.79111842104
000_984,38,314.26,51336.93739720395,88040.89987664473,92961.03967927632
000_1498,38,314.26,62532.07648026316,40031.76603618421,87931.90172697368
000_3863,38,314.26,18113.621042351973,99196.5392680921,40539.07072368421
000_3872,38,314.26,1797.040736148232,84599.375,84213.17927631579
000_653,38,314.26,60600.85546875,455.5529014185855,31500.11050575658
000_1889,38,314.26,61280.53803453947,102812.71155427632,82976.95045230263
000_961,38,314.26,4379.399568256579,109037.64987664472,14142.410978618422
000_3782,38,314.26,87190.72101151316,93944.66262335528,80633.0703125
000_3955,38,314.26,1700.610197368421,83985.1287006579,84021.68153782895
000_719,38,314.26,51089.80746299342,2407.3612895764804,29999.29132401316
000_1106,38,314.26,98142.8083881579,57831.50318667763,6466.549187911184
000_1078,38,314.26,97480.98828125,14653.291246916118,67964.60423519737
000_3129,38,314.26,98460.30736019736,80248.83120888157,76544.09950657895
000_1123,38,314.26,25696.77122738487,49668.00966282895,24764.959035773027
000_2632,38,314.26,90883.67023026316,22679.00863486842,20959.52760074013
000_1164,38,314.26,57224.80108963816,48816.94037828947,88373.00431743421
000_4028,38,314.26,46070.28628700658,48578.37685032895,23756.46140008224
000_1427,38,314.26,67167.02240953948,86666.16611842105,15951.48625102796
000_3185,38,314.26,71850.51459703948,56112.54224917763,66318.17783717105
000_1362,38,314.26,42371.83110608553,71074.01027960527,31781.024311266447
000_1711,38,314.26,59737.83244243421,14157.613075657897,92105.73910361844
000_1343,38,314.26,48275.08542351974,100074.85402960528,43510.02580180921
000_2387,38,314.26,86023.66920230263,60592.90789473684,5779.234207956414
000_2530,38,314.26,37943.57391036184,89964.77014802632,86311.81969572368
000_401,38,314.26,5252.4896818462175,116543.63774671052,108244.10464638156
000_2701,38,314.26,3717.2153384560033,53578.69315378289,88393.75267269737
000_2922,38,314.26,111778.5550986842,75701.62356085527,64922.33840460526
000_2285,38,314.26,69920.08532072368,109641.36328125,94692.9066611842
000_4145,38,314.26,32456.13394325658,93877.98828125,88631.28474506579
000_1815,38,314.26,101623.8634868421,27470.21741365132,59295.48838404605
000_2101,38,314.26,58149.14000822369,46939.80766858553,47044.48283305921
000_75,38,314.26,61000.42094983553,12728.423314144737,47982.49465460526
000_2928,38,314.26,77474.95374177632,63527.96330180921,56529.47748766447
000_3629,38,314.26,100018.68832236844,61982.11060855263,67294.91262335527
000_300,38,314.26,38645.54749177631,57054.83048930921,15869.393117804277
000_2610,38,314.26,33237.17999588816,114396.56702302632,54626.94716282895
000_1177,38,314.26,70809.00472861843,44701.33737664474,102977.61944901316
000_2047,38,314.26,98804.671875,68138.07154605263,84883.76295230263
000_152,38,314.26,107295.98951480264,76777.53741776316,34895.47440378289
000_768,38,314.26,101911.91118421052,76479.24342105263,62955.45446134869
000_2051,38,314.26,12397.752312911183,32243.969777960527,73843.54379111843
000_2146,38,314.26,3622.655472604852,36157.65779194079,53681.16755756579
000_2315,38,314.26,104634.40234375,104507.07134046052,93113.04584703948
000_1283,38,314.26,69650.69346217105,85401.88836348684,24848.733295641447
000_2412,38,314.26,101121.7849506579,124.2511467180754,45706.23550575658
000_504,38,314.26,42114.212890625,115835.41344572368,38113.15779194079
000_2400,37,305.99,99436.51858108108,90082.2212837838,79695.20460304055
000_2313,37,305.99,105367.69932432432,115658.03230574324,79239.1632179054
000_853,37,305.99,23681.01441089527,60751.04296875,47116.27660472973
000_2329,37,305.99,25960.34074113176,63800.53526182433,96712.54983108108
000_2417,37,305.99,85501.10620777027,60500.38587415541,5551.674461570946
000_1832,37,305.99,8609.651815878378,80971.30933277027,22797.84855363176
000_1845,37,305.99,70039.4622043919,107454.99535472972,110023.6480152027
000_3433,37,305.99,14702.22922825169,73517.75802364865,40452.11021959459
000_849,37,305.99,63996.02818834459,102089.1233108108,114699.71537162164
000_291,37,305.99,46107.97371199324,37651.23099662162,94836.09818412164
000_3348,37,305.99,66359.23796452703,56424.34100506757,41265.78779560811
000_875,37,305.99,21430.785578547297,55959.42198057433,4882.749485325169
000_343,37,305.99,16119.806798986489,106909.80954391892,108370.1488597973
000_766,37,305.99,96600.21684966216,80510.75358952703,65455.75158361487
000_324,37,305.99,61453.87953969595,25713.834142736487,20030.502111486487
000_216,37,305.99,112208.85451858108,63667.55394847973,111230.62119932432
000_1528,37,305.99,71397.39421452703,65030.97730152027,95167.4444679054
000_2570,37,305.99,103793.7122043919,54672.77195945946,65931.22867398648
000_1998,37,305.99,49201.33213682433,98410.58108108108,63182.93771114865
000_3305,37,305.99,17558.048933699323,87773.04138513513,73530.11402027027
000_3318,37,305.99,8875.270481418918,78425.17905405405,61666.02913851351
000_898,37,305.99,35139.03061655405,105116.95861486488,89087.68918918919
000_900,37,305.99,34835.56387246621,110567.93285472972,90236.31883445944
000_2723,37,305.99,106301.6471706081,28860.306271114863,109440.5095016892
000_2721,37,305.99,99692.72297297296,21595.456450591217,47198.61211993243
000_3498,37,305.99,5204.72802734375,67626.83298141892,58385.79898648649
000_1745,37,305.99,73016.50253378379,10475.976879222972,1094.9434847445102
000_1755,37,305.99,61719.54360219595,22701.26050464527,100842.75
000_992,37,305.99,51599.15983952703,85564.02913851352,94387.74767736488
000_584,37,305.99,42204.8433277027,35857.6011402027,10397.411898226352
000_3612,37,305.99,22342.09517525338,88888.69911317568,92399.34016047296
000_2099,37,305.99,110525.3823902027,106946.24535472972,83822.77934966216
000_1316,37,305.99,18275.246779983107,43815.65983952703,76994.07094594595
000_503,37,305.99,39491.74419341216,109221.90962837836,39922.58921030405
000_4116,37,305.99,83082.11908783784,95283.47191722972,81159.88070101352
000_2376,37,305.99,82449.20418074324,27757.657411317567,80775.65012668919
000_3630,37,305.99,10763.286343961148,78555.24049831081,40886.89706503379
000_3017,37,305.99,88615.80912162163,43871.18253800676,93083.9930320946
000_100,37,305.99,100997.4831081081,98668.38492398648,50986.46389358108
000_2186,37,305.99,59964.30363175676,63100.02713260135,59211.14189189189
000_1892,37,305.99,58733.59079391892,106304.6537162162,84721.34565033784
000_1026,37,305.99,29145.677100929053,77586.6254222973,97176.0090793919
000_638,37,305.99,89319.5785472973,116489.99007601352,22680.296294341217
000_2022,37,305.99,28291.513724662163,7002.786753061655,72187.69003378379
000_2025,37,305.99,28002.86354518581,62771.04719172297,97895.58931587836
000_1107,37,305.99,98124.46853885136,58314.64073057433,7464.003959037162
000_2788,37,305.99,27706.302153716217,58589.63365709459,100820.66680743244
000_2346,37,305.99,20776.42361697635,70951.99809966216,3438.571599187077
000_452,37,305.99,23211.844911317567,45206.73627533784,66686.65941722973
000_1460,37,305.99,20559.69874366554,99074.09839527028,89669.96283783784
000_2474,37,305.99,31131.82564400338,52237.58488175676,20099.505701013517
000_1000,37,305.99,39271.42039695946,78236.64949324324,99908.4279983108
000_998,37,305.99,3276.4887629328546,63896.13450168919,40374.37953969595
000_1760,37,305.99,71243.03652871621,39345.93644425676,12401.906777871622
000_3517,37,305.99,16255.146167652028,92590.84100506756,54704.16100084459
000_1571,36,297.72,65836.58072916667,111196.58138020831,101364.47417534722
000_1568,36,297.72,72187.52235243056,13321.90500217014,101182.92686631944
000_2519,36,297.72,109136.39995659722,75664.14713541667,61833.233506944445
000_3304,36,297.72,67361.33919270833,55324.12554253472,49595.28005642361
000_3328,36,297.72,12666.021511501736,88164.50086805556,72389.54709201389
000_2248,36,297.72,98123.30099826388,115235.85980902778,89792.11089409722
000_2602,36,297.72,109005.79991319444,48528.103407118055,84080.44053819444
000_267,36,297.72,2090.014411078559,9485.225341796877,105357.66362847222
000_1006,36,297.72,58001.362413194445,71578.94813368056,12776.724907769098
000_1491,36,297.72,51328.61349826389,2399.290954589844,88002.76605902778
000_2487,36,297.72,28359.020616319445,55744.60915798611,20376.07199435764
000_2020,36,297.72,32362.245930989586,5376.464301215277,76125.95269097222
000_2029,36,297.72,26613.328125,90842.22135416669,42642.2490234375
000_1759,36,297.72,52506.12532552084,9030.10506184896,95805.33029513888
000_422,36,297.72,74272.21050347222,93822.04513888888,50937.100911458336
000_637,36,297.72,101017.79796006944,50457.71723090278,11480.60365125868
000_2892,36,297.72,103576.48263888888,53761.96115451389,69631.32725694444
000_1817,36,297.72,105403.27907986112,25993.39762369792,61347.39789496528
000_122,36,297.72,58896.07541232639,38034.713975694445,91945.83572048612
000_4085,36,297.72,100592.46028645831,61902.50553385416,65772.18337673611
000_1131,36,297.72,100333.40993923612,53275.18901909722,100502.74327256944
000_9,36,297.72,77378.17144097222,24233.78125,73203.99479166667
000_1849,36,297.72,108034.78493923612,51915.33159722222,98170.16514756944
000_10,36,297.72,78499.59722222222,10612.395426432293,65991.47265625
000_3150,36,297.72,7752.740885416667,113628.34201388888,42586.385850694445
000_2046,36,297.72,25876.414713541668,66132.41970486111,97156.37738715278
000_2024,36,297.72,23215.127387152777,13645.188178168402,74019.51540798611
000_4102,36,297.72,91356.05447048612,20142.277669270832,32732.226996527777
000_4078,36,297.72,30017.072211371527,82617.62586805556,104132.84895833331
000_1418,36,297.72,57196.91015625,116755.99457465278,57633.01681857639
000_605,36,297.72,53402.241536458336,103559.11284722222,67567.32052951389
000_476,36,297.72,78522.24891493056,26603.755533854168,35316.46506076389
000_3195,36,297.72,16254.797878689236,85774.87174479167,69003.47764756944
000_641,36,297.72,39347.888563368055,29181.329155815973,9537.6396484375
000_4022,36,297.72,308.8714737362332,31146.729546440973,64329.23328993056
000_2835,36,297.72,14418.692762586805,57940.9921875,9459.655490451389
000_3138,36,297.72,75564.36653645833,36744.90353732639,80586.11349826389
000_3752,36,297.72,76255.12760416667,50717.19476996528,64629.7138671875
000_2712,36,297.72,7588.154825846354,57054.54459635416,91921.27799479169
000_215,36,297.72,80852.44118923611,81909.19835069444,29086.890787760414
000_1898,36,297.72,16189.97922092014,88019.21723090278,2176.5651007758247
000_1909,36,297.72,12902.322374131943,43241.30685763889,61979.85177951389
000_2245,36,297.72,102928.16970486112,103780.73198784722,111007.80729166669
000_988,36,297.72,55262.62076822917,80612.79383680556,47891.61501736111
000_3981,36,297.72,89985.36848958333,19893.84402126736,34003.387586805555
000_222,36,297.72,76883.71440972222,3235.3799845377603,77694.9609375
000_2698,36,297.72,1129.8303087022568,74497.33962673611,114532.09787326388
000_1549,36,297.72,65405.81814236111,66577.99131944444,101524.21701388888
000_1910,36,297.72,15346.912055121527,43340.887803819445,62480.435655381945
000_3973,36,297.72,19866.07958984375,99916.921875,39641.74978298611
000_2660,36,297.72,37463.683485243055,98145.71050347222,56923.542317708336
000_1621,36,297.72,51591.32703993056,98989.13606770831,55431.82660590278
000_3396,36,297.72,4527.277126736111,79482.87565104167,46885.10101996528
000_2289,36,297.72,98540.39149305556,107403.24522569444,90311.97048611112
000_1842,36,297.72,14948.80704752604,19634.72580295139,64349.39040798611
000_2579,36,297.72,81371.15125868056,72265.13650173611,72795.76388888889
000_2584,36,297.72,91938.01649305556,22262.43674045139,22646.38557942708
000_3859,36,297.72,103850.68098958331,37904.62250434028,65541.29144965278
000_1668,36,297.72,35076.017686631945,42010.89735243056,111445.55251736112
000_1955,36,297.72,12863.18709309896,39767.86154513889,75261.68229166667
000_330,36,297.72,5672.292697482639,35365.32454427084,89318.88368055556
000_4185,36,297.72,33073.441080729164,94846.86783854169,88676.10373263889
000_3217,35,289.45,23252.329296875,97077.86049107143,70915.71875
000_2729,35,289.45,13792.059514508928,49873.54631696428,101954.70089285714
000_551,35,289.45,45085.56986607143,16914.847488839285,18462.76953125
000_8,35,289.45,42441.950558035714,2789.1099818638395,59765.478125
000_581,35,289.45,11008.736746651786,19508.480859375,44353.61662946428
000_4174,35,289.45,45897.82667410714,49862.508258928574,25287.246261160715
000_2998,35,289.45,101708.9595982143,48917.68939732143,79459.9796875
000_3000,35,289.45,102595.80290178572,33068.71160714285,91651.928125
000_502,35,289.45,29887.720200892854,33079.34481026786,2281.3690987723216
000_94,35,289.45,109813.8607142857,114183.33415178572,22292.53197544643
000_4175,35,289.45,66033.07633928572,96904.05625,89242.78459821429
000_2180,35,289.45,93753.97991071428,116545.76517857144,79115.37433035714
000_1079,35,289.45,56147.83158482143,87982.54598214285,92480.13616071428
000_573,35,289.45,15497.681724330358,4446.007965959821,37986.68426339285
000_3022,35,289.45,15332.262416294643,101206.0404017857,72457.20223214285
000_2865,35,289.45,13436.738783482142,59447.97723214285,98156.1359375
000_1807,35,289.45,109124.96138392856,19607.018136160717,52305.864620535714
000_2819,35,289.45,63928.4234375,97117.44330357145,96584.48794642858
000_590,35,289.45,106058.00066964286,34706.11450892857,37370.83225446429
000_3991,35,289.45,16437.175753348216,60276.48191964286,14917.966462053571
000_2733,35,289.45,4963.7371791294645,73091.86808035715,109890.9890625
000_1497,35,289.45,63209.35792410714,36890.64363839286,90099.36495535714
000_2773,35,289.45,95544.08794642855,25366.607198660717,53817.11685267857
000_1758,35,289.45,51967.40245535714,9483.414704241071,96316.55736607144
000_3541,35,289.45,22577.245870535717,88517.93660714285,64419.10792410714
000_2339,35,289.45,76053.05178571428,25017.38733258929,82335.85714285714
000_1997,35,289.45,84717.82209821428,63509.13493303571,28045.03878348214
000_2523,35,289.45,9871.375083705358,59599.68604910714,14132.590373883928
000_2707,35,289.45,88148.09308035714,22300.232533482143,28536.691629464287
000_3319,35,289.45,5751.744921875,62465.260379464286,80299.78950892857
000_406,35,289.45,112387.96897321429,77547.05870535714,89875.07477678571
000_2239,35,289.45,4735.836286272322,31540.63342633929,59879.975223214286
000_982,35,289.45,109416.3109375,24832.021707589287,36339.62466517857
000_2008,35,289.45,24071.001953125,69389.74933035714,98568.53928571429
000_2600,35,289.45,106739.8734375,46647.43783482143,82943.0796875
000_812,35,289.45,102286.08102678572,9612.879464285714,111360.92388392855
000_3397,35,289.45,2142.364041573661,92120.01674107143,45213.17109375
000_1585,35,289.45,80980.95870535714,16829.521707589287,88048.4439732143
000_284,35,289.45,98989.09129464286,60493.20379464285,108083.23058035714
000_888,35,289.45,20689.524888392854,52461.63828125,4221.86455078125
000_2658,35,289.45,10345.079185267858,114332.42142857144,65544.00122767857
000_3400,35,289.45,67604.78526785714,52172.44174107143,31756.95697544643
000_1249,35,289.45,32096.836830357144,107964.20245535714,29074.988504464287
000_878,35,289.45,6673.272586495536,74074.71629464286,13043.985797991072
000_292,35,289.45,111439.7174107143,67560.83571428571,102200.44799107144
000_3410,35,289.45,59471.07600446429,50397.10334821429,37248.69073660715
000_2396,35,289.45,3449.5625627790178,31237.564676339287,62788.41049107143
000_3675,35,289.45,10015.393722098212,11858.788253348212,81941.22209821429
000_793,35,289.45,73213.00848214286,6786.651088169643,104244.44977678572
000_1628,35,289.45,62735.977901785714,81535.57589285714,48499.22723214285
000_1744,35,289.45,72337.06763392857,10048.345172991072,2835.6564383370537
000_2262,35,289.45,87661.4296875,89511.66205357143,79524.91026785714
000_975,35,289.45,3337.777001953125,99421.9595982143,10426.416434151786
000_3226,35,289.45,7733.25244140625,52644.65189732143,66317.72299107142
000_2727,35,289.45,5112.685477120535,55481.49095982143,92347.1125
000_431,35,289.45,57460.42734375,39258.63125,32015.520089285717
000_3477,35,289.45,738.0438511439733,82670.76495535714,94597.78816964284
000_893,35,289.45,48411.79274553571,72825.32276785714,103484.60334821428
000_140,35,289.45,99692.95535714286,109921.66473214286,71404.95089285714
000_465,35,289.45,17191.57622767857,45345.48671875,15970.9869140625
000_468,35,289.45,78506.86517857143,30357.20016741072,31667.957142857143
000_1043,35,289.45,86531.06540178572,6140.218568638393,22244.48197544643
000_1791,35,289.45,26012.718582589285,2517.402818080357,97100.37924107142
000_651,35,289.45,61663.46662946429,2397.948346819197,22734.944921875
000_2803,35,289.45,98332.69910714286,30447.112332589284,92436.15915178572
000_2808,35,289.45,24722.701339285715,92550.171875,45013.48325892857
000_2191,35,289.45,112880.16071428572,95531.0453125,84654.86361607142
000_2189,35,289.45,57163.493861607145,66962.4466517857,65250.49955357143
000_129,35,289.45,3440.2149832589284,44994.12991071429,14761.340708705357
000_3710,35,289.45,18710.42466517857,98151.02566964286,38952.575
000_3207,35,289.45,74470.54977678572,60653.07801339286,35016.02154017857
000_1526,34,281.18,44187.97598805147,39537.820427389706,107651.87936580884
000_3279,34,281.18,94554.29825367648,38730.86155790441,86366.38832720589
000_3284,34,281.18,98393.53216911764,6373.316865808823,43189.85064338235
000_410,34,281.18,14784.547334558823,113535.07352941176,2491.182186351103
000_1529,34,281.18,66224.96553308824,59767.32778033088,106061.70703125
000_962,34,281.18,4776.194307215073,101737.9763327206,12745.215130974264
000_954,34,281.18,9931.603142233456,90941.30124080884,11332.68586282169
000_2645,34,281.18,107374.6229319853,101517.84122242648,98852.57559742648
000_851,34,281.18,18682.771714154413,51805.64522058824,39812.39315257353
000_2642,34,281.18,5625.592572380515,62860.60914522059,90314.36994485294
000_3935,34,281.18,67977.33616727941,97701.12775735294,89513.05859375
000_2281,34,281.18,1166.5325873879826,48029.31284466912,66942.82582720589
000_1959,34,281.18,104367.69967830884,48423.07019761029,99335.86465992648
000_3900,34,281.18,24028.249080882357,89571.22954963235,62328.88315716912
000_289,34,281.18,108589.28469669116,66986.09489889706,102596.01677389706
000_2934,34,281.18,17020.180147058825,67340.64728860294,15725.32315602022
000_329,34,281.18,518.3761695413028,3556.9066880170035,1127.2280973546644
000_49,34,281.18,71851.91130514706,17322.07795266544,50929.03848805147
000_2005,34,281.18,27804.582146139703,97370.2068014706,108996.79526654413
000_913,34,281.18,31546.819393382357,45082.82456341912,86500.42164522059
000_375,34,281.18,37555.48012408088,19096.33656939338,38346.38258272059
000_899,34,281.18,4116.109274471507,34840.02113970588,80126.59765625
000_405,34,281.18,108511.16245404413,74582.40096507352,92503.20473345587
000_3202,34,281.18,105559.48943014706,57227.37948069853,61550.84041819853
000_211,34,281.18,45070.53193933824,110635.6447610294,113463.83432904413
000_3192,34,281.18,10071.475126378677,106308.43037683824,51741.98506433824
000_2479,34,281.18,97862.05009191176,41120.49057904412,77590.49954044117
000_4056,34,281.18,53293.39912683824,48408.36063878676,27462.976505055147
000_628,34,281.18,39195.10834099265,201.68486056608316,43379.57651654412
000_1768,34,281.18,107304.90280330884,9013.568646599264,48129.02056525735
000_3596,34,281.18,19479.05014935662,89683.76217830883,68837.62798713235
000_1428,34,281.18,110053.8396139706,47348.06307444853,104491.7830882353
000_1446,34,281.18,1289.579974006204,100034.8982077206,82513.69163602941
000_3143,34,281.18,79030.46024816176,38922.239430147056,82399.21438419117
000_1022,34,281.18,84518.49057904411,7165.537841796875,12483.27001953125
000_2490,34,281.18,12410.152487362133,108574.6268382353,39105.80434283088
000_3212,34,281.18,11334.707232306986,104813.03400735294,49127.383272058825
000_4007,34,281.18,18935.90004595588,89638.31479779411,52442.179802389706
000_3518,34,281.18,15165.268181295956,91995.11649816176,55916.15659466912
000_2734,34,281.18,6718.03560144761,73122.68198529411,107725.84283088236
000_2443,34,281.18,372.2854726454791,64541.16073069853,92559.85317095587
000_2198,34,281.18,104378.97725183824,107109.25551470587,94979.48897058824
000_3603,34,281.18,14600.428481158087,96942.96208639706,58699.400275735294
000_1163,34,281.18,81226.27022058824,43236.344209558825,111519.72794117648
000_2082,34,281.18,21716.658777573528,111032.2771139706,82898.53170955883
000_115,34,281.18,60259.76102941176,2654.851928710937,55742.01849724265
000_2885,34,281.18,93794.58708639706,29752.544979319853,52180.77309283088
000_497,34,281.18,73991.40142463235,8230.1826171875,36380.833869485294
000_2212,34,281.18,61728.25126378676,96466.24172794116,78724.73805147059
000_1402,34,281.18,60424.58685661765,22051.82680376838,2199.233840044807
000_2168,34,281.18,87476.95840992648,15846.793686810664,48245.911305147056
000_85,34,281.18,52304.78159466912,10869.224896599264,47344.90693933824
000_2924,34,281.18,96625.57973345587,29531.174345128675,55120.77665441176
000_1230,34,281.18,17170.475126378675,30501.470818014703,106138.12660845587
000_1270,34,281.18,42035.67911305147,58924.92153033088,27878.744140625
000_1301,34,281.18,66937.4159007353,71940.62339154411,43064.186351102944
000_1293,34,281.18,9416.782858455885,113085.28952205884,87802.12660845589
000_32,34,281.18,56046.57778033088,4691.88578527114,51506.782398897056
000_4241,34,281.18,27779.031364889703,95650.54181985294,91772.5176930147
000_2122,33,272.91,63298.266927083336,103642.99195075755,78004.74881628787
000_2120,33,272.91,81172.34327651515,116709.35037878789,77421.89038825757
000_2407,33,272.91,97020.75899621211,114779.08712121211,82125.26870265152
000_508,33,272.91,84099.9540719697,66959.51846590909,50916.031841856064
000_1004,33,272.91,41951.229048295456,102935.02911931818,81309.38115530302
000_4048,33,272.91,27247.133522727272,98413.83901515152,90674.31036931818
000_1475,33,272.91,53472.760298295456,72983.1396780303,20304.24135890152
000_1423,33,272.91,62203.51455965909,105513.61742424245,45389.700639204544
000_3593,33,272.91,15347.497395833334,84398.09611742424,88723.91098484848
000_1886,33,272.91,39162.143110795456,9225.295957623106,78370.79569128787
000_1328,33,272.91,75182.35535037878,100496.70241477272,21387.019176136364
000_1507,33,272.91,29333.9140625,39898.52734375,102874.31865530302
000_439,33,272.91,19365.07167376894,36725.00852272727,71506.0087594697
000_3247,33,272.91,5026.017474550189,84558.42376893939,87374.63707386363
000_1499,33,272.91,49317.27059659091,49678.675662878784,106056.17850378789
000_177,33,272.91,92443.17992424245,82751.16737689394,9649.737186316288
000_173,33,272.91,1239.5482862067945,118751.87736742424,20774.090317234848
000_606,33,272.91,88529.36576704546,3389.27792820786,34992.028290719696
000_3259,33,272.91,38795.99502840909,94168.39535984848,84324.99526515152
000_3746,33,272.91,95845.16027462122,38777.93667140151,75576.27225378787
000_429,33,272.91,26683.102272727272,6819.927468039773,44798.329427083336
000_2911,33,272.91,26319.41915246212,111377.72040719698,93852.47277462122
000_3994,33,272.91,19357.53787878788,64382.59493371212,24851.48709753788
000_2374,33,272.91,78123.82102272728,67176.76538825757,27772.871567234848
000_1874,33,272.91,62434.41276041666,15361.924183238636,92647.66145833331
000_1829,33,272.91,85547.21614583333,58829.55303030303,11225.129764441288
000_3950,33,272.91,17041.37286931818,58537.82623106061,101899.16051136365
000_2556,33,272.91,105207.54450757576,74147.58333333333,56396.468513257576
000_265,33,272.91,24896.257339015152,105053.56415719698,4310.027684067235
000_925,33,272.91,100850.83143939394,19417.03841145833,101882.28053977272
000_911,33,272.91,100582.98555871211,21317.27769886364,98167.46354166669
000_1977,33,272.91,30441.845939867424,62055.26290246212,98316.51089015152
000_417,33,272.91,77842.72987689394,93194.39393939394,44251.11872632576
000_3043,33,272.91,38890.991950757576,77936.71448863637,68479.80752840909
000_924,33,272.91,99718.19839015152,19382.286221590908,100665.25615530302
000_3281,33,272.91,26101.529000946968,106537.10913825755,92451.78456439394
000_3302,33,272.91,59271.14796401515,55480.05622632576,42026.69034090909
000_727,33,272.91,93014.10866477272,35607.375236742424,48445.20205965909
000_3067,33,272.91,98047.42305871211,60114.713896780304,62907.01976799242
000_3057,33,272.91,37670.64370265151,101205.91785037878,41136.31167140151
000_318,33,272.91,54520.05658143939,20121.14411695076,57443.364583333336
000_2554,33,272.91,109561.82481060606,76572.79853219698,54164.43359375
000_811,33,272.91,97050.02391098483,46424.54403409091,104535.87713068182
000_3887,33,272.91,16513.103929924244,59308.005326704544,102438.46425189394
000_3362,33,272.91,105051.82386363635,47489.01787405303,66652.63233901515
000_1247,33,272.91,51543.96141098485,20241.264737215908,93960.33072916669
000_2941,33,272.91,14922.669300426136,75944.86553030302,98237.234375
000_1267,33,272.91,54647.07919034091,60836.324337121216,16167.614021070076
000_3678,33,272.91,13613.290275804924,108224.58570075755,62599.15932765151
000_2295,33,272.91,91800.02769886365,64127.61991003788,38572.940459280304
000_333,33,272.91,16016.40009469697,94850.53574810606,107938.37973484848
000_4117,33,272.91,83317.57386363637,95534.39796401517,81299.671875
000_2398,33,272.91,19792.948863636364,74361.85440340909,4546.679850260417
000_1077,32,264.64,97432.9443359375,15251.544952392578,68619.25073242188
000_1482,32,264.64,18297.64624023437,25568.38018798828,96633.06103515624
000_2717,32,264.64,31682.57794189453,5420.680679321289,83786.30493164062
000_1327,32,264.64,3975.3100814819336,89350.84008789062,20602.150390625
000_3984,32,264.64,20318.99676513672,63151.25244140625,24830.3125
000_42,32,264.64,80071.60693359375,31969.15899658203,44945.626220703125
000_24,32,264.64,107067.79833984376,92796.2060546875,10903.609008789062
000_1709,32,264.64,65786.72729492188,8008.978851318359,92748.87084960938
000_1608,32,264.64,5709.446716308594,106872.64233398438,83298.46240234375
000_3360,32,264.64,106837.53784179688,22952.615600585938,101051.35522460938
000_3451,32,264.64,101712.80200195312,31006.61114501953,64359.57104492188
000_3448,32,264.64,66498.64086914062,54329.55432128906,55113.28601074219
000_1340,32,264.64,59438.04016113281,91020.18481445312,17434.577575683594
000_1167,32,264.64,78053.37768554688,39157.20129394531,111444.5888671875
000_931,32,264.64,89711.83984375,13098.69076538086,30358.28350830078
000_796,32,264.64,100189.44506835938,4040.44970703125,112172.279296875
000_3276,32,264.64,105901.880859375,35759.24755859375,57108.83142089844
000_2514,32,264.64,80422.11328125,99161.4111328125,80705.99267578125
000_2853,32,264.64,42827.10583496094,43377.66223144531,20956.082397460938
000_1116,32,264.64,42333.04931640625,67013.80737304688,96382.1552734375
000_901,32,264.64,36722.751708984375,114077.408203125,90507.12353515624
000_1552,32,264.64,65714.287109375,64092.71740722656,101925.68408203124
000_650,32,264.64,58322.150146484375,3806.7774963378906,23546.291015625
000_1766,32,264.64,45998.42932128906,74532.90307617188,59765.43505859375
000_558,32,264.64,10044.936126708984,23604.94451904297,27926.72589111328
000_3743,32,264.64,74412.74487304688,54404.85534667969,62918.08740234375
000_582,32,264.64,10276.467834472656,13918.666137695312,31895.315368652344
000_3608,32,264.64,19664.88873291016,56319.946533203125,103390.90942382812
000_1341,32,264.64,50247.4033203125,80491.71215820312,32277.24523925781
000_1168,32,264.64,57163.5078125,50290.30407714844,92295.85302734376
000_435,32,264.64,22271.652465820312,36915.470458984375,13122.98046875
000_4093,32,264.64,32778.184814453125,94728.6279296875,87501.76611328125
000_127,32,264.64,85740.46728515625,40275.29565429688,52613.829833984375
000_792,32,264.64,67181.01538085938,8100.489776611328,107149.58666992188
000_3864,32,264.64,1734.071746826172,68881.26513671875,92823.6728515625
000_303,32,264.64,109957.93383789062,61498.431640625,101293.01733398438
000_2943,32,264.64,52804.27307128906,94545.0107421875,90670.72314453124
000_536,32,264.64,13303.61880493164,6948.836242675781,25351.296508789062
000_575,32,264.64,55569.50390625,18738.469482421875,19778.762756347656
000_4051,32,264.64,101138.47387695312,62455.022705078125,66072.30639648438
000_3674,32,264.64,102432.97045898438,38290.54541015625,60184.91491699219
000_542,32,264.64,5518.456741333008,19479.74914550781,33322.04235839844
000_4202,32,264.64,27724.135314941406,94469.69995117188,90515.48779296876
000_3211,32,264.64,10999.373748779297,105886.19091796876,49632.954345703125
000_2145,32,264.64,13505.709838867188,2435.593132019043,89803.59619140625
000_1027,32,264.64,99613.1044921875,17188.32049560547,75972.7509765625
000_1028,32,264.64,95414.19970703124,21052.740661621094,70391.32446289062
000_50,32,264.64,74373.5634765625,17649.14141845703,50443.353759765625
000_4135,32,264.64,21463.59509277344,62325.095947265625,20257.199645996094
000_350,32,264.64,14262.49542236328,31172.982360839844,94009.37451171876
000_2161,31,256.37,103260.33719758064,97082.98916330644,104480.51814516127
000_1653,31,256.37,61322.88394657258,87837.42590725806,59182.76436491936
000_4176,31,256.37,20534.933908770163,62981.57547883064,23458.54290574597
000_4173,31,256.37,66657.7386592742,96935.14087701614,89227.79586693548
000_391,31,256.37,81284.83744959677,16319.476278981854,96817.26335685483
000_396,31,256.37,111201.36769153226,61906.97278225807,101437.68245967742
000_3920,31,256.37,20227.256615423383,100746.43019153226,39969.3394657258
000_1917,31,256.37,48011.43485383064,17244.42275705645,66642.18926411291
000_382,31,256.37,87370.6413810484,47442.04624495968,71950.40297379032
000_3042,31,256.37,15927.835590977822,101396.57610887096,65752.08870967742
000_781,31,256.37,33232.3337953629,6381.076770413307,29629.96352066532
000_3903,31,256.37,1112.0770736202116,71542.3480342742,71387.19808467742
000_1584,31,256.37,10328.270035282258,19640.00667842742,93625.07762096774
000_3365,31,256.37,2611.882261214718,61163.10735887097,59162.870211693546
000_2528,31,256.37,24189.189957157258,118248.13029233873,93917.91456653226
000_3625,31,256.37,100547.59223790324,65085.35962701613,68327.16103830645
000_3594,31,256.37,14926.469474546371,84266.18850806452,88193.42691532258
000_621,31,256.37,64461.16645665323,11515.052923387097,35582.991557459674
000_2307,31,256.37,46073.36970766129,6313.845939390121,84061.02570564517
000_850,31,256.37,77663.56804435483,109723.9758064516,114678.71118951614
000_3455,31,256.37,56108.0681703629,100197.63155241936,48235.5134828629
000_4122,31,256.37,45521.82661290323,49298.06439012097,26244.4728452621
000_4097,31,256.37,64355.59311995968,97312.68069556452,91727.36063508064
000_389,31,256.37,83354.12273185483,88063.61239919355,43454.74558971774
000_3035,31,256.37,79517.43170362903,74665.66582661291,76002.88382056452
000_1183,31,256.37,57877.0191532258,49752.91645665323,109685.82560483873
000_1187,31,256.37,78449.23639112903,41216.29851310484,90154.36970766127
000_236,31,256.37,73618.2308467742,103711.94254032258,64309.59954637097
000_4084,31,256.37,27436.41708669355,97521.9921875,92750.58870967742
000_4070,31,256.37,102921.44984879032,102667.1335685484,91891.56376008064
000_3166,31,256.37,17890.0997983871,63545.33782762097,25223.524949596773
000_3180,31,256.37,81492.63155241935,109313.75,83404.42464717742
000_4040,31,256.37,4347.577762726814,80558.06073588709,91135.02570564517
000_2413,31,256.37,62566.76537298387,93081.53629032258,81027.4296875
000_2179,31,256.37,10364.19839969758,77720.32434475806,65351.00932459677
000_3997,31,256.37,42363.66847278226,6856.152375252016,10703.905808971776
000_2384,31,256.37,5188.238722278225,62102.9058719758,23866.40561995968
000_198,31,256.37,106115.09576612904,89342.32938508065,114104.14339717742
000_957,31,256.37,85970.59627016129,1000.8138506489416,24264.03881048387
000_2796,31,256.37,75037.02671370968,95830.34879032258,89472.17918346774
000_3114,31,256.37,97182.82207661292,36923.73765120968,65398.0972782258
000_4065,31,256.37,49092.20715725807,48208.11567540323,26517.092111895163
000_589,31,256.37,34019.300151209674,28772.80884576613,4414.417165448589
000_2756,31,256.37,4982.522602696573,66136.2421875,72782.89717741935
000_2136,31,256.37,107220.49949596774,96981.17061491936,96366.62399193548
000_1468,31,256.37,74369.03276209677,101897.5902217742,35484.354460685485
000_3606,30,248.1,5912.295442708333,76438.70989583334,89373.23515625
000_228,30,248.1,86186.68828125,138.53916346232097,93066.98072916668
000_2088,30,248.1,59916.33776041667,54527.71354166666,79003.97890625
000_438,30,248.1,62379.482161458334,26291.917447916665,43958.85013020833
000_459,30,248.1,21205.235807291665,41806.887890625,65370.321875
000_4232,30,248.1,28707.830924479167,96184.09973958334,91136.14583333331
000_2151,30,248.1,6705.844563802083,35093.011328125,60020.96705729167
000_3177,30,248.1,12098.14951171875,102047.79296875,51267.850390625
000_3171,30,248.1,94734.01276041666,77322.54296875,76534.23984375
000_4038,30,248.1,30464.915625,94307.57786458332,89340.73072916667
000_546,30,248.1,17608.861393229166,12751.03115234375,26227.182552083334
000_3528,30,248.1,20679.834635416668,3218.551717122396,88411.27630208334
000_4153,30,248.1,34727.936848958336,94689.64791666668,87571.32005208333
000_2472,30,248.1,9440.761686197917,10079.967350260416,83545.84817708333
000_995,30,248.1,53045.63828125,77644.28203125,49795.03463541667
000_2908,30,248.1,2218.78271077474,67412.79322916667,82300.503125
000_4183,30,248.1,48285.86822916667,48008.145182291664,26200.098763020836
000_3911,30,248.1,5554.444580078125,74522.271875,87602.75989583334
000_4110,30,248.1,4974.320572916667,68663.87630208333,55521.83971354167
000_884,30,248.1,77094.73385416667,30236.8966796875,9822.643391927084
000_290,30,248.1,106292.48984375,116076.78098958332,108327.88072916666
000_1636,30,248.1,6847.938818359375,114216.66614583334,27074.933203125
000_3467,30,248.1,2471.3804443359377,30120.40390625,63583.833203125
000_1846,30,248.1,84977.45026041666,56582.70546875,3630.858292643229
000_2586,30,248.1,16354.81220703125,64038.5546875,30788.80390625
000_3948,30,248.1,2250.993823242188,87593.39739583334,47722.10755208333
000_4094,30,248.1,103813.31197916668,44286.11875,66956.59166666666
000_3930,30,248.1,101866.88619791668,102767.69010416669,88392.80703125
000_2829,30,248.1,59605.58111979167,58699.58802083333,73664.02291666667
000_3932,30,248.1,96611.75390625,41376.7265625,89271.41979166666
000_2337,30,248.1,79523.49609375,60047.88046875,38336.219010416666
000_2862,30,248.1,16587.093359375,101539.63880208334,43215.80716145833
000_2893,30,248.1,104158.82395833332,51509.20963541666,68688.00807291667
000_3088,30,248.1,259.53488337198894,55362.789713541664,62562.36901041667
000_1181,30,248.1,77907.89505208333,41415.00091145833,101307.42317708331
000_3299,30,248.1,75741.31848958334,54951.033203125,62662.108723958336
000_3883,30,248.1,16872.280013020834,89245.20338541667,54404.68802083333
000_4211,30,248.1,7089.033756510416,81099.71692708334,86167.2890625
000_531,29,239.83,74667.28125,44321.06452047414,43404.0625
000_4242,29,239.83,28153.96322737069,95789.9838362069,91047.19558189657
000_3605,29,239.83,80606.0390625,60105.80616918104,60190.77990301724
000_1537,29,239.83,66109.51778017242,26288.568224676725,3212.6953966864226
000_994,29,239.83,40784.52370689655,77549.31546336207,101527.5401400862
000_3616,29,239.83,70075.46120689655,87856.84967672414,14406.301791487069
000_1234,29,239.83,74371.1495150862,70801.8348599138,31439.548895474138
000_4187,29,239.83,6800.496464170259,74507.61422413793,49226.8203125
000_4037,29,239.83,67889.30118534483,97262.82354525862,88881.81815732758
000_2743,29,239.83,106215.6942349138,28884.33984375,103067.68507543104
000_3542,29,239.83,65457.16702586207,99694.19073275862,90972.78609913791
000_3515,29,239.83,30262.439385775862,94955.1244612069,74154.15894396552
000_1762,29,239.83,23044.047009698275,53489.13079202586,17900.37405711207
000_2905,29,239.83,27971.68096713362,48403.40921336207,103145.42214439657
000_2227,29,239.83,12702.693628771553,78257.06492456897,68726.32677801725
000_1400,29,239.83,66414.99865301725,93682.0641163793,22030.33890086207
000_1387,29,239.83,54887.64762931035,94350.84725215516,31079.596511314656
000_3554,29,239.83,15300.625437769397,82449.56573275862,65348.52667025862
000_3303,29,239.83,62387.14560883621,55659.35466056035,53615.39466594828
000_1560,29,239.83,65893.57058189655,61738.76845366379,102314.98976293104
000_3944,29,239.83,49378.32893318965,48064.20703125,25466.408337823275
000_386,29,239.83,42944.8861799569,61904.60466056035,46640.05158943965
000_4071,29,239.83,5172.759058459052,67970.09886853448,53864.76320043104
000_4087,29,239.83,30451.13382273707,82541.27801724138,104208.31519396552
000_93,29,239.83,27828.330616918105,5510.856125404095,104664.11153017242
000_4147,29,239.83,7628.413776266164,76990.66648706897,46739.45985991379
000_2077,29,239.83,14645.786099137931,49872.4380387931,27985.82354525862
000_3871,29,239.83,19685.598060344822,65602.22171336207,16353.160021551725
000_3865,29,239.83,15117.717638739225,76851.60344827586,99566.80845905172
000_3387,29,239.83,11354.091897898708,85304.55792025862,41973.726427801725
000_1913,29,239.83,57458.02922952586,15660.169652478447,82017.43669181035
000_3918,29,239.83,58075.51010237069,102446.17672413791,46239.000404094826
000_783,29,239.83,87405.16729525862,45945.64628232759,76062.97386853448
000_3437,29,239.83,88281.63469827586,41547.54660560345,66111.96686422414
000_1349,29,239.83,45920.31559806035,55921.52370689655,66888.2042025862
000_2576,29,239.83,9490.067147090518,101275.27747844828,57354.23397090517
000_2589,29,239.83,19190.371228448275,72330.15274784483,15331.281115301725
000_1162,29,239.83,26524.204943426725,20123.19497575431,89232.19935344828
000_4222,29,239.83,25601.05212823276,92933.9598599138,90625.41379310343
000_1272,29,239.83,47717.26885775862,31875.980872844822,114585.25754310343
000_1224,29,239.83,43121.75592672414,69193.22252155172,69436.2516163793
000_3665,29,239.83,45820.1166487069,5945.1895541487065,83284.1734913793
000_2930,28,231.56,92849.49079241072,31227.147112165178,65412.66741071428
000_4171,28,231.56,6750.319423130581,75956.01116071429,49258.98953683036
000_130,28,231.56,112368.90094866072,78918.40513392857,42528.60239955357
000_2613,28,231.56,96094.36272321428,3510.487871442522,42933.90597098215
000_2979,28,231.56,44251.11955915178,58072.423549107145,33091.393275669645
000_3906,28,231.56,66584.90541294643,88782.8359375,14418.037981305804
000_871,28,231.56,73668.02427455357,96709.91936383928,112756.39760044643
000_2293,28,231.56,92337.25055803572,67162.01171875,36240.15373883928
000_1715,28,231.56,33558.12806919643,113803.51618303572,54756.73646763393
000_194,28,231.56,97369.68219866072,81551.75669642857,10080.178431919643
000_2475,28,231.56,71265.71707589286,74243.14174107143,70999.06529017857
000_1778,28,231.56,75350.06947544643,77594.37472098214,85336.42327008929
000_3102,28,231.56,324.7215864998953,75757.14760044643,47663.651088169645
000_3233,28,231.56,73539.47991071429,55612.14202008928,61859.61146763393
000_3529,28,231.56,19079.481515066964,68095.15792410714,17952.07421875
000_1790,28,231.56,84390.90904017857,14799.705601283482,36330.851841517855
000_1556,28,231.56,55411.822265625,77885.64983258929,94311.05217633928
000_2700,28,231.56,10562.324183872768,77217.48716517857,110716.42578125
000_394,28,231.56,87633.54910714286,45140.99958147322,75647.97795758929
000_3964,28,231.56,1404.3386448451452,70491.69112723214,70612.86439732143
000_3804,28,231.56,16510.451136997766,78581.00530133929,99595.228515625
000_708,28,231.56,50395.896763392855,1012.2510593959264,23204.32596261161
000_2648,28,231.56,64272.99079241072,31350.41678292411,80271.34905133929
000_4095,28,231.56,12534.09033203125,8239.501883370536,83909.44614955357
000_4105,28,231.56,34096.518275669645,95289.34709821428,87130.11300223214
000_1690,28,231.56,51300.86579241072,95511.55608258928,56321.33551897322
000_4199,28,231.56,21312.671944754464,62456.946986607145,21641.74951171875
000_3,28,231.56,26397.400320870536,85622.060546875,6350.601475306919
000_2416,28,231.56,70617.36886160714,100820.46623883928,83070.41099330357
000_1726,27,223.29,65642.41565393518,4170.541440610533,90793.28327546296
000_270,27,223.29,44918.335069444445,112783.31973379628,115642.05208333331
000_1924,27,223.29,59979.096788194445,17007.621672453704,84449.72019675926
000_3490,27,223.29,64659.95862268518,52454.80396412037,33133.6947337963
000_4088,27,223.29,2203.149811921296,86374.83188657407,46393.58579282407
000_939,27,223.29,3756.036395037616,116442.29774305556,6548.234809027777
000_1794,27,223.29,60825.631944444445,93718.11458333331,53606.93518518518
000_1904,27,223.29,54194.48784722222,14249.03052662037,81884.18200231482
000_1750,27,223.29,69005.2042824074,13060.010706018518,2470.591851128472
000_3300,27,223.29,75341.51591435185,55741.77112268518,62660.42071759259
000_3816,27,223.29,10771.633572048611,108383.44502314816,45809.48480902778
000_920,27,223.29,106103.91753472222,52514.07421875,40427.933883101854
000_63,27,223.29,68253.16753472222,14357.901041666666,48066.83478009259
000_3849,27,223.29,29187.18098958333,83997.33854166667,70853.35243055556
000_3827,27,223.29,9457.34425636574,17929.723524305555,85709.73003472222
000_2587,27,223.29,15207.647858796296,66451.03645833333,31029.94458912037
000_1602,27,223.29,13761.318576388889,107406.60503472222,78389.01765046296
000_2665,27,223.29,6783.017469618056,47056.19545717593,96070.18373842593
000_3838,27,223.29,99883.89004629628,80958.86892361111,76166.87268518518
000_1972,27,223.29,566.183824327257,40872.020833333336,78017.47019675926
000_3915,27,223.29,16327.071686921296,85684.05150462964,21705.37492766204
000_1287,27,223.29,62405.41579861111,63211.18431712963,22780.69241898148
000_869,27,223.29,38328.26316550926,5788.180862991898,36599.51808449074
000_3384,27,223.29,42209.74074074074,42189.270833333336,31815.434968171296
000_771,27,223.29,90111.87673611112,20382.38512731481,9214.664822048611
000_3066,27,223.29,77247.87123842593,78928.53530092593,76187.28038194444
000_4181,27,223.29,65135.72945601852,97447.23582175926,91561.04456018518
000_1215,27,223.29,102632.56047453704,80171.13078703704,85143.18373842593
000_634,27,223.29,79581.84403935185,3035.089671947338,29375.36624710648
000_1565,27,223.29,53252.18258101852,117568.85734953704,59360.645833333336
000_1859,27,223.29,69426.03327546296,21968.951316550927,11938.72681568287
000_1201,27,223.29,56640.55295138889,48216.26765046296,82287.06278935185
000_4055,27,223.29,5040.415201822917,79505.59837962964,90124.96354166669
000_1841,27,223.29,9067.214735243057,27863.08087384259,63740.15914351852
000_1833,27,223.29,72208.3816550926,18439.26468460648,94176.63368055556
000_4039,27,223.29,103798.85185185184,44732.47526041666,66859.58535879629
000_3740,27,223.29,62816.68243634259,93822.11747685184,50201.12297453704
000_2779,27,223.29,8168.31127025463,22551.689887152777,78773.63078703704
000_3609,27,223.29,39853.87818287037,41803.40234375,25895.33152488426
000_4184,27,223.29,6975.563422309027,74413.24594907407,49896.78168402778
000_30,27,223.29,85614.11776620371,21324.98828125,42171.78313078704
000_4011,26,215.02,1887.943852351262,32147.60261418269,64075.70402644231
000_569,26,215.02,9677.941443810096,19244.889798677883,45909.69290865384
000_600,26,215.02,5460.321796123798,115344.6015625,106952.81881009616
000_2141,26,215.02,75666.21995192308,61568.03575721154,21118.51862980769
000_449,26,215.02,32153.865384615383,94849.33653846152,50925.02073317308
000_1773,26,215.02,66171.51953125,40965.22085336538,75746.27974759616
000_3534,26,215.02,5500.863600510817,55443.037409855766,59586.21138822116
000_3758,26,215.02,66007.89903846153,52611.362229567305,32166.07451923077
000_2501,26,215.02,10824.841083233174,84477.84645432692,87960.20402644231
000_630,26,215.02,65040.52944711538,8055.48260967548,38844.67142427885
000_1331,26,215.02,111297.84375,90958.59495192308,98368.78786057692
000_3676,26,215.02,1274.4859243539663,57644.08969350962,11230.15978064904
000_3907,26,215.02,27228.5986328125,91857.47175480767,61713.482421875
000_834,26,215.02,6194.302264873798,6945.30419921875,24002.28387920673
000_2,26,215.02,99491.81189903848,119513.4549278846,2569.944711538461
000_2882,26,215.02,112555.01231971152,70666.14152644231,62988.195612980766
000_3414,26,215.02,1783.9642615685095,88762.50420673077,51395.05348557692
000_3912,26,215.02,99438.40564903848,105723.20162259616,91169.36598557692
000_308,26,215.02,2427.341533954327,29113.65955528846,102484.56580528848
000_1679,26,215.02,63196.46995192308,30956.78207632212,106609.2674278846
000_1250,26,215.02,41724.94095552885,30351.970703125,94566.3533653846
000_1159,26,215.02,67007.11328125,49038.89708533654,99115.75390625
000_4020,26,215.02,12604.94873046875,81917.33022836539,52840.25736177885
000_154,26,215.02,98741.98527644233,85779.39453125,21360.441256009617
000_4000,26,215.02,18963.00135216346,62981.029296875,27236.21356670673
000_4104,26,215.02,100688.5291466346,102702.44561298077,89842.36929086539
000_3786,26,215.02,100846.96814903848,37566.55634014424,59516.63551682692
000_3642,26,215.02,10921.310283954326,107565.98828125,47142.44651442308
000_4047,26,215.02,33530.44966947116,82058.30048076923,103205.44951923077
000_3987,26,215.02,104894.77313701923,41965.573167067305,65626.09540264423
000_3962,26,215.02,13245.955942007213,84775.25450721153,52460.46694711538
000_4075,26,215.02,96233.15174278848,41212.127854567305,91460.29387019233
000_3926,26,215.02,23648.971228966348,85374.42067307692,98197.93299278848
000_3810,26,215.02,13693.542104867787,104208.98798076923,59890.07181490384
000_1837,25,206.75,8667.905078125,80402.6178125,25456.499609375
000_4050,25,206.75,83280.5025,94436.849375,81824.119375
000_2947,25,206.75,64081.42515625,100266.630625,95086.4209375
000_2968,25,206.75,21276.713984375,68388.939375,22151.853828125
000_1650,25,206.75,49434.6478125,100080.696875,53415.73140625
000_1626,25,206.75,69371.00125,86001.0984375,67197.271875
000_4180,25,206.75,6379.8513671875,80738.52625,85402.449375
000_83,25,206.75,63828.96921875,432.4445574951172,48041.2328125
000_4172,25,206.75,66932.8378125,96761.09125,89859.62125
000_4248,25,206.75,28409.117578125,95449.331875,90887.15125
000_3702,25,206.75,70962.48375,26364.732734375,93744.6353125
000_3240,25,206.75,12044.0769140625,99991.3953125,38994.35734375
000_479,25,206.75,7790.111171875,21748.5790625,15143.72390625
000_3390,25,206.75,291.37011871337893,70647.15125,72341.51625
000_2638,25,206.75,13197.392578125,112589.493125,67763.0353125
000_780,25,206.75,34243.2221875,6230.626875,30109.74359375
000_4106,25,206.75,5246.60552734375,67460.04125,54847.0740625
000_2534,25,206.75,74242.48875,75102.9490625,73305.9321875
000_3700,25,206.75,9162.0051953125,19935.001796875,84100.5803125
000_687,25,206.75,44437.7978125,8622.7899609375,5619.4579296875
000_3780,25,206.75,52038.9228125,50266.81125,30947.9809375
000_3783,25,206.75,52289.21890625,48390.675625,26372.800625
000_4144,25,206.75,5663.860234375,79289.716875,88502.621875
000_1975,25,206.75,42955.82140625,16114.3462890625,60857.92640625
000_3784,25,206.75,14671.3833984375,83531.563125,89073.8940625
000_3976,25,206.75,19811.04890625,64318.8628125,24076.15484375
000_923,25,206.75,88604.7375,7793.44978515625,29186.385625
000_3975,25,206.75,83204.7953125,96101.4925,81975.8421875
000_240,25,206.75,73383.9215625,103029.4790625,68382.7940625
000_3691,25,206.75,100036.883125,47756.77703125,82855.9028125
000_4042,25,206.75,2237.384990234375,31325.726015625,63371.24015625
000_1803,25,206.75,31140.2675,61038.71203125,39050.55984375
000_472,25,206.75,8716.6723046875,23548.83828125,16466.2248828125
000_1855,25,206.75,110821.93,18901.074140625,55764.12515625
000_3809,25,206.75,73532.8621875,53895.8875,63812.55703125
000_3571,25,206.75,45452.9640625,14747.517421875,54693.2725
000_510,25,206.75,74496.4015625,209.08186630249023,41205.34453125
000_4158,25,206.75,94877.9534375,42371.20875,94118.4609375
000_2493,25,206.75,35918.19859375,51861.17328125,22576.426484375
000_3638,25,206.75,21960.84734375,90327.1075,53437.986875
000_3438,24,198.48,50712.168782552086,49581.618977864586,29771.975260416668
000_3832,24,198.48,13803.02685546875,105612.19498697916,60736.1650390625
000_3893,24,198.48,110269.4501953125,81446.92936197917,73483.13053385417
000_3411,24,198.48,56010.07568359375,48663.63981119792,33378.979329427086
000_3412,24,198.48,11109.311767578123,84069.345703125,44219.927734375
000_1683,24,198.48,70865.26204427083,3950.4481913248696,37987.62874348959
000_1629,24,198.48,61710.69840494792,93217.04036458331,60701.5625
000_3431,24,198.48,17182.843831380207,61561.97265625,14081.854370117188
000_124,24,198.48,104195.2373046875,92478.77766927084,8083.129964192708
000_2871,24,198.48,25726.647216796875,105633.7705078125,93775.73046875
000_1691,24,198.48,41000.1455078125,14565.18595377604,92540.70768229169
000_617,24,198.48,37975.28548177084,21228.40193684896,2906.8902994791665
000_1543,24,198.48,40115.176595052086,40568.04329427084,108664.83984375
000_433,24,198.48,57378.71402994792,32308.73396809896,33179.071940104164
000_1559,24,198.48,67910.18424479167,30532.652506510414,2924.612823486328
000_3793,24,198.48,678.1955846150717,60320.122233072914,86646.2021484375
000_948,24,198.48,97086.94010416669,18166.82893880208,100309.71744791669
000_2042,24,198.48,65117.118489583336,81080.1396484375,51058.85921223959
000_4133,24,198.48,13371.530110677084,7452.245279947917,84059.46647135417
000_3828,24,198.48,14663.967407226562,104581.44563802084,61461.72265625
000_4138,24,198.48,32237.343017578125,95628.193359375,88794.68001302083
000_2265,24,198.48,39701.41324869792,71825.0,95013.03971354169
000_2828,24,198.48,100571.38346354169,19360.146484375,47634.93408203125
000_416,24,198.48,94125.4501953125,47015.30631510416,60553.04931640625
000_3821,24,198.48,13946.904337565104,87837.79166666667,33482.043619791664
000_4150,24,198.48,104702.75455729169,38947.637369791664,65499.673014322914
000_624,24,198.48,9457.320841471354,19591.35091145833,43087.45458984375
000_3640,24,198.48,16154.621907552084,87358.6767578125,9537.494750976562
000_3722,24,198.48,108044.18131510416,87863.81770833333,78249.69954427083
000_1514,24,198.48,33172.694661458336,30087.23746744792,106472.40983072916
000_1443,24,198.48,86752.69401041667,55255.97574869792,45824.79996744792
000_3661,24,198.48,89541.18489583333,44067.83512369792,93893.49446614584
000_2430,24,198.48,19446.564615885414,78053.7607421875,4017.499938964844
000_4043,24,198.48,65328.268391927086,98703.84244791669,91332.9775390625
000_4031,24,198.48,103362.33040364584,40669.3935546875,65393.241048177086
000_594,24,198.48,10284.576416015623,18181.86572265625,39604.71647135416
000_1014,24,198.48,104614.8974609375,21645.395914713543,73308.18229166667
000_1060,24,198.48,97543.5771484375,16134.336385091146,65023.789713541664
000_1487,24,198.48,10200.018717447916,19185.6103515625,90243.66048177084
000_1461,24,198.48,40753.40787760416,71001.16861979167,96810.88216145831
000_4201,24,198.48,6837.371276855469,79168.1943359375,87701.07389322917
000_4215,24,198.48,25916.721028645832,93003.36100260416,90379.41731770831
000_4035,23,190.21,9441.480044157608,80776.83254076086,87008.17900815218
000_4026,23,190.21,91747.74048913045,20688.097995923912,32085.61540421196
000_4041,23,190.21,100401.02853260867,104618.46365489133,89205.09408967392
000_4115,23,190.21,100565.39775815218,103827.87160326086,89836.80570652174
000_355,23,190.21,19674.541440217392,15831.470151154892,19655.71815557065
000_828,23,190.21,20188.35563858696,95221.47792119563,95794.06759510867
000_235,23,190.21,107229.96161684782,63213.85835597826,11155.570227581522
000_2221,23,190.21,59001.575577445656,63710.66593070652,64358.393851902176
000_2714,23,190.21,5452.601244055707,70851.81623641304,111175.13451086955
000_2693,23,190.21,10004.475203804348,23760.127462635868,85272.78362771739
000_3983,23,190.21,82780.82269021739,94844.75577445651,82303.51154891304
000_3133,23,190.21,78312.03294836957,57515.479789402176,56024.238960597824
000_4012,23,190.21,13989.497325067934,84603.96535326086,52292.20261548913
000_187,23,190.21,38676.72282608696,114077.23573369563,105535.30570652174
000_3811,23,190.21,27262.706691576088,50274.09935461957,105411.43851902174
000_3577,23,190.21,63149.42561141304,84699.58355978261,81272.97826086957
000_3614,23,190.21,3205.957137398098,57775.43766983696,59941.50220788043
000_3654,23,190.21,15426.10835597826,95896.29211956522,49991.30264945652
000_4227,23,190.21,6397.308190387228,79705.08695652174,87769.61243206522
000_4164,23,190.21,47616.218070652176,49051.82795516304,25317.14189877717
000_663,23,190.21,38045.78923233696,9495.498471467392,7037.560759171196
000_670,23,190.21,5740.609290081522,115325.07065217392,108075.38586956522
000_1166,23,190.21,16713.701851222828,52953.669327445656,16980.961616847828
000_3771,23,190.21,66515.63892663043,87810.71535326086,80476.15930706522
000_4141,23,190.21,6250.429560122283,77943.87873641304,88509.38043478261
000_1144,23,190.21,70523.72927989131,42153.06402853261,106495.47724184782
000_1562,23,190.21,65929.98403532608,60049.57863451087,100112.64945652174
000_1931,23,190.21,33025.19191576087,11263.659943953804,66082.72418478261
000_1928,23,190.21,60611.676630434784,18991.984035326088,80178.79585597826
000_1926,23,190.21,51292.41372282609,12352.68359375,78939.96603260869
000_4126,23,190.21,25531.26970108696,87017.03192934782,98249.60461956522
000_3526,22,181.94,43750.988103693184,47222.23117897727,28466.731178977272
000_2323,22,181.94,7555.019486860795,4616.088201349432,75085.80894886363
000_3087,22,181.94,7570.881880326705,110252.78764204546,56266.457563920456
000_3047,22,181.94,87967.65660511363,59433.56800426136,6443.750355113636
000_72,22,181.94,18067.98668323864,8913.985706676136,48470.962890625
000_1011,22,181.94,55497.69300426136,76758.66867897728,46667.91317471591
000_4209,22,181.94,47365.13405539773,49649.46661931818,26338.205522017044
000_4203,22,181.94,28915.464754971592,95993.12748579546,91923.27663352272
000_2133,22,181.94,2884.760564630682,56339.33238636364,6767.685369318182
000_4230,22,181.94,6189.925270774148,80473.1796875,87236.30930397728
000_1342,22,181.94,66111.07457386363,35531.56374289773,5476.451438210227
000_3949,22,181.94,62046.775568181816,95682.63494318182,91582.21555397728
000_2009,22,181.94,81213.71129261363,30255.708895596592,85100.25071022728
000_2678,22,181.94,71835.67151988637,41190.239701704544,29413.49005681818
000_1567,22,181.94,63099.27521306818,110161.04865056818,105931.91796875
000_4112,22,181.94,93601.01136363635,42772.44620028409,92137.69815340907
000_2839,22,181.94,4356.91133256392,68783.55717329546,73992.50248579546
000_2833,22,181.94,109251.82883522728,36775.85031960227,60531.841796875
000_1969,22,181.94,84870.73508522728,6410.186368075284,13610.321155894886
000_3845,22,181.94,4870.215598366477,74914.50071022728,88053.79012784091
000_844,22,181.94,82012.85617897728,100806.49289772728,103605.15411931818
000_4119,22,181.94,97533.50142045454,39896.524857954544,88993.62784090909
000_4137,22,181.94,35311.540838068184,94787.84694602272,88024.0
000_3692,22,181.94,8699.601518110796,74380.78160511363,97573.98046875
000_520,22,181.94,39276.84303977273,110202.53622159093,39737.320845170456
000_4216,22,181.94,6380.920232599432,80896.40625,86292.98579545454
000_4218,22,181.94,46540.015447443184,48910.50301846591,25676.08629261364
000_3741,22,181.94,76077.13991477272,79071.77201704546,76787.34232954546
000_608,22,181.94,108705.83274147728,50328.76864346591,113574.4453125
000_4159,22,181.94,32604.153941761364,94342.77379261365,88441.62428977272
000_3757,22,181.94,4110.865744850852,63913.117009943184,55136.87961647727
000_4077,22,181.94,100443.37997159093,62129.12056107954,65769.14488636363
000_3080,22,181.94,89045.46129261363,40376.566583806816,61801.468572443184
000_4073,22,181.94,28743.927112926136,98156.95348011365,89804.56960227272
000_3310,22,181.94,58932.26065340909,55856.61221590909,52398.39737215909
000_3200,22,181.94,33467.87393465909,57568.038884943184,33899.912286931816
000_3391,22,181.94,93974.51278409093,2419.4189009232955,43426.83913352273
000_2287,22,181.94,80338.34303977272,97301.18075284093,76812.71022727272
000_3179,21,173.67,34760.89992559524,89174.08928571429,63215.60360863096
000_4178,21,173.67,5675.911760602678,78028.18638392857,86633.06287202382
000_2451,21,173.67,43162.24125744047,46692.31975446428,11929.714099702382
000_2115,21,173.67,6688.813825334822,27700.25930059524,75847.63727678571
000_1868,21,173.67,62584.86681547619,86502.96688988095,59420.493861607145
000_395,21,173.67,66528.77566964286,116079.26376488096,80637.05431547618
000_262,21,173.67,15992.149088541666,112777.56547619047,1349.1503499348958
000_3860,21,173.67,20487.655691964286,81579.82700892857,87763.34672619047
000_3862,21,173.67,38678.67261904762,94278.27864583331,87248.55915178571
000_2267,21,173.67,65035.48846726191,32961.92522321428,94952.75334821428
000_3942,21,173.67,83298.44642857143,96050.06324404762,80464.88653273809
000_3970,21,173.67,16433.293061755954,86309.00520833333,23781.40011160714
000_4091,21,173.67,9445.812918526786,76579.95870535714,49057.12741815476
000_3943,21,173.67,14761.445126488095,5450.601469494048,86055.87872023809
000_3575,21,173.67,46381.15997023809,54926.48697916666,32998.826450892855
000_3556,21,173.67,8828.234375,78663.81956845238,45553.30431547619
000_4156,21,173.67,7777.765694754465,75421.71019345238,48002.56901041666
000_2341,21,173.67,101852.29613095238,101388.17857142857,83499.86681547618
000_4143,21,173.67,32698.153738839286,95369.55357142857,87727.37351190476
000_2516,21,173.67,46045.14453125,13938.46912202381,47987.70572916666
000_1680,21,173.67,55730.64694940476,6853.739792596726,92168.99069940476
000_3889,21,173.67,7065.590587797619,71996.86049107143,51613.05226934524
000_2894,21,173.67,104305.93936011904,31719.894717261905,90364.64880952382
000_3895,21,173.67,67242.28497023809,53340.65494791666,32567.594680059523
000_1965,21,173.67,29169.544363839286,13157.708984375,69098.79203869047
000_3957,21,173.67,14664.625,85036.86049107143,54220.591517857145
000_3307,21,173.67,8390.225283668155,78885.20052083333,87124.19754464286
000_1157,21,173.67,66344.30431547618,52307.665736607145,109945.76450892857
000_3493,21,173.67,101279.50037202382,101841.86644345238,89334.0546875
000_664,21,173.67,59493.46912202381,1060.5989525204614,11264.646716889882
000_4001,21,173.67,101465.53422619047,61137.55524553572,66049.35863095238
000_4060,21,173.67,24174.372023809523,86824.04427083333,98518.09263392857
000_4076,21,173.67,2243.8896600632443,86247.98809523809,45834.052083333336
000_4046,20,165.39999999999998,16068.690576171875,60090.04453125,14371.891064453124
000_4027,20,165.39999999999998,20314.13408203125,62212.5916015625,18549.49443359375
000_4189,20,165.39999999999998,20761.86650390625,62801.5626953125,23083.49072265625
000_25,20,165.39999999999998,109610.652734375,98893.87734375,6656.135302734375
000_2156,20,165.39999999999998,8496.9984375,53421.8009765625,56085.5958984375
000_2676,20,165.39999999999998,71908.3796875,42770.0962890625,26516.77294921875
000_4015,20,165.39999999999998,50862.262890625,46375.2326171875,24018.3642578125
000_4025,20,165.39999999999998,2527.3451416015623,83680.385546875,91104.251171875
000_1145,20,165.39999999999998,85555.684375,4664.5206298828125,23613.89404296875
000_316,20,165.39999999999998,67927.0765625,20904.7740234375,87418.37421875
000_1118,20,165.39999999999998,48825.984375,92775.02421875,83575.09609375
000_3938,20,165.39999999999998,4210.259484863282,69822.871875,55480.1431640625
000_874,20,165.39999999999998,4773.444848632813,69837.5875,11272.4552734375
000_4108,20,165.39999999999998,31649.3658203125,94573.56796875,89126.73515625
000_3913,20,165.39999999999998,102423.567578125,75836.84921875,72690.7796875
000_3914,20,165.39999999999998,99738.7,105489.526953125,90376.0625
000_4014,20,165.39999999999998,64003.57265625,98835.691015625,90835.639453125
000_2795,20,165.39999999999998,77552.1671875,97881.216015625,83210.5296875
000_2690,20,165.39999999999998,63915.40625,88356.4328125,81027.358203125
000_1700,20,165.39999999999998,63437.625390625,4174.805004882813,93378.392578125
000_3819,20,165.39999999999998,99433.753125,82154.590234375,75780.816796875
000_2324,20,165.39999999999998,5356.962353515625,33882.5265625,64967.1205078125
000_4127,20,165.39999999999998,83898.480078125,95729.516015625,81806.86796875
000_3504,20,165.39999999999998,1557.7483154296874,85488.14609375,94400.965625
000_2891,20,165.39999999999998,108804.491796875,35183.2703125,49571.51484375
000_3799,20,165.39999999999998,90385.51171875,28132.0076171875,14106.795947265626
000_3791,20,165.39999999999998,86920.362890625,94058.25625,80029.964453125
000_2531,20,165.39999999999998,102266.726171875,101407.00703125,89191.8109375
000_3756,20,165.39999999999998,30900.83642578125,95768.637890625,103426.896484375
000_3549,20,165.39999999999998,19938.34453125,89521.8359375,51954.63515625
000_3747,20,165.39999999999998,110877.409765625,76969.290234375,67835.243359375
000_3749,20,165.39999999999998,79183.767578125,41663.1697265625,68498.063671875
000_3735,20,165.39999999999998,1696.13623046875,95706.23515625,89777.98671875
000_3681,20,165.39999999999998,1115.0299102783204,95752.374609375,89255.661328125
000_491,20,165.39999999999998,42670.73046875,50855.0595703125,51889.944140625
000_3713,20,165.39999999999998,59214.6248046875,95738.083984375,91228.544921875
000_1847,20,165.39999999999998,84981.84609375,57608.8375,5577.500805664063
000_4167,20,165.39999999999998,105152.367578125,40344.2228515625,64962.7576171875
000_4177,20,165.39999999999998,7395.381689453125,77746.23984375,87170.06953125
000_4182,20,165.39999999999998,28757.0578125,98079.672265625,90763.088671875
