x,y,z,radius
96679.6875,92773.4375,42968.75,29000.0
36132.8125,45898.4375,68359.375,28000.0
41015.625,96679.6875,14648.4375,24000.0
91796.875,45898.4375,24414.0625,20000.0
76171.875,121093.75,9765.625,19000.0
22460.9375,116210.9375,116210.9375,18000.0
23437.5,31250.0,20507.8125,18000.0
82031.25,59570.3125,105468.75,17000.0
74218.75,22460.9375,62500.0,17000.0
84960.9375,22460.9375,113281.25,17000.0
114257.8125,40039.0625,120117.1875,16000.0
50781.25,13671.875,115234.375,16000.0
84960.9375,118164.0625,101562.5,15000.0
119140.625,13671.875,6835.9375,15000.0
73242.1875,16601.5625,22460.9375,14000.0
4882.8125,91796.875,124023.4375,13000.0
48828.125,22460.9375,37109.375,13000.0
20507.8125,121093.75,48828.125,13000.0
23437.5,14648.4375,107421.875,12000.0
112304.6875,63476.5625,83007.8125,12000.0
120117.1875,61523.4375,27343.75,12000.0
8789.0625,68359.375,1953.125,12000.0
109375.0,13671.875,32226.5625,12000.0
16601.5625,123046.875,17578.125,12000.0
50781.25,109375.0,93750.0,12000.0
37109.375,82031.25,86914.0625,12000.0
3906.25,12695.3125,6835.9375,12000.0
51757.8125,27343.75,7812.5,11000.0
10742.1875,88867.1875,100585.9375,11000.0
99609.375,80078.125,97656.25,11000.0
1953.125,120117.1875,92773.4375,11000.0
41992.1875,61523.4375,16601.5625,11000.0
37109.375,115234.375,75195.3125,11000.0
97656.25,49804.6875,54687.5,11000.0
10742.1875,12695.3125,58593.75,11000.0
2929.6875,90820.3125,64453.125,11000.0
42968.75,108398.4375,51757.8125,11000.0
67382.8125,62500.0,83007.8125,10000.0
31250.0,13671.875,48828.125,10000.0
118164.0625,32226.5625,83007.8125,10000.0
59570.3125,63476.5625,34179.6875,10000.0
41015.625,53710.9375,105468.75,10000.0
83984.375,93750.0,93750.0,10000.0
63476.5625,112304.6875,35156.25,10000.0
61523.4375,976.5625,72265.625,10000.0
69335.9375,75195.3125,65429.6875,10000.0
2929.6875,59570.3125,102539.0625,9000.0
12695.3125,28320.3125,45898.4375,9000.0
60546.875,47851.5625,117187.5,9000.0
11718.75,103515.625,28320.3125,9000.0
56640.625,73242.1875,105468.75,9000.0
53710.9375,33203.125,99609.375,9000.0
96679.6875,12695.3125,15625.0,9000.0
13671.875,94726.5625,81054.6875,9000.0
41992.1875,0.0,70312.5,9000.0
30273.4375,81054.6875,58593.75,9000.0
85937.5,72265.625,12695.3125,9000.0
52734.375,8789.0625,57617.1875,9000.0
117187.5,22460.9375,49804.6875,9000.0
87890.625,57617.1875,70312.5,9000.0
54687.5,86914.0625,69335.9375,9000.0
31250.0,72265.625,42968.75,9000.0
106445.3125,120117.1875,67382.8125,9000.0
108398.4375,66406.25,10742.1875,9000.0
115234.375,42968.75,47851.5625,9000.0
110351.5625,112304.6875,14648.4375,8000.0
86914.0625,121093.75,64453.125,8000.0
64453.125,64453.125,51757.8125,8000.0
69335.9375,12695.3125,84960.9375,8000.0
73242.1875,124023.4375,44921.875,8000.0
16601.5625,72265.625,53710.9375,8000.0
121093.75,58593.75,63476.5625,8000.0
59570.3125,35156.25,23437.5,8000.0
20507.8125,0.0,121093.75,8000.0
15625.0,107421.875,91796.875,8000.0
88867.1875,26367.1875,88867.1875,8000.0
61523.4375,83007.8125,37109.375,8000.0
40039.0625,42968.75,2929.6875,8000.0
65429.6875,46875.0,91796.875,8000.0
103515.625,8789.0625,55664.0625,8000.0
10742.1875,102539.0625,5859.375,8000.0
100585.9375,976.5625,120117.1875,8000.0
65429.6875,85937.5,98632.8125,8000.0
21484.375,42968.75,101562.5,8000.0
13671.875,56640.625,116210.9375,8000.0
105468.75,48828.125,0.0,8000.0
38085.9375,88867.1875,45898.4375,8000.0
1953.125,63476.5625,32226.5625,8000.0
25390.625,52734.375,33203.125,7000.0
114257.8125,28320.3125,100585.9375,7000.0
4882.8125,47851.5625,7812.5,7000.0
75195.3125,94726.5625,5859.375,7000.0
31250.0,67382.8125,105468.75,7000.0
22460.9375,8789.0625,7812.5,7000.0
27343.75,68359.375,8789.0625,7000.0
24414.0625,101562.5,48828.125,7000.0
6835.9375,115234.375,74218.75,7000.0
105468.75,106445.3125,123046.875,7000.0
6835.9375,8789.0625,92773.4375,7000.0
119140.625,45898.4375,73242.1875,7000.0
64453.125,49804.6875,23437.5,7000.0
19531.25,13671.875,87890.625,7000.0
22460.9375,106445.3125,69335.9375,7000.0
40039.0625,14648.4375,83984.375,7000.0
111328.125,60546.875,47851.5625,7000.0
46875.0,69335.9375,43945.3125,7000.0
94726.5625,103515.625,77148.4375,7000.0
54687.5,42968.75,39062.5,7000.0
123046.875,87890.625,111328.125,7000.0
66406.25,71289.0625,20507.8125,7000.0
37109.375,37109.375,102539.0625,7000.0
122070.3125,88867.1875,96679.6875,7000.0
49804.6875,80078.125,55664.0625,7000.0
55664.0625,119140.625,78125.0,7000.0
58593.75,110351.5625,60546.875,7000.0
107421.875,71289.0625,111328.125,7000.0
89843.75,44921.875,83984.375,7000.0
9765.625,70312.5,21484.375,7000.0
976.5625,59570.3125,124023.4375,7000.0
53710.9375,91796.875,110351.5625,7000.0
60546.875,123046.875,102539.0625,7000.0
58593.75,22460.9375,88867.1875,7000.0
96679.6875,99609.375,103515.625,7000.0
69335.9375,45898.4375,57617.1875,7000.0
11718.75,54687.5,41992.1875,7000.0
74218.75,121093.75,119140.625,6000.0
75195.3125,976.5625,101562.5,6000.0
48828.125,120117.1875,31250.0,6000.0
79101.5625,0.0,11718.75,6000.0
121093.75,85937.5,13671.875,6000.0
44921.875,4882.8125,44921.875,6000.0
78125.0,110351.5625,71289.0625,6000.0
54687.5,63476.5625,92773.4375,6000.0
94726.5625,27343.75,41992.1875,6000.0
16601.5625,41992.1875,41015.625,6000.0
105468.75,40039.0625,76171.875,6000.0
118164.0625,120117.1875,40039.0625,6000.0
20507.8125,82031.25,31250.0,6000.0
100585.9375,52734.375,93750.0,6000.0
124023.4375,75195.3125,108398.4375,6000.0
61523.4375,6835.9375,8789.0625,6000.0
96679.6875,34179.6875,97656.25,6000.0
48828.125,12695.3125,0.0,6000.0
100585.9375,61523.4375,119140.625,6000.0
101562.5,976.5625,4882.8125,6000.0
100585.9375,122070.3125,24414.0625,6000.0
119140.625,68359.375,98632.8125,6000.0
976.5625,100585.9375,49804.6875,6000.0
115234.375,12695.3125,67382.8125,6000.0
21484.375,91796.875,113281.25,6000.0
63476.5625,98632.8125,71289.0625,6000.0
112304.6875,46875.0,94726.5625,6000.0
50781.25,7812.5,23437.5,6000.0
113281.25,57617.1875,107421.875,6000.0
33203.125,27343.75,115234.375,6000.0
112304.6875,106445.3125,71289.0625,6000.0
10742.1875,59570.3125,85937.5,6000.0
22460.9375,71289.0625,87890.625,6000.0
52734.375,104492.1875,116210.9375,6000.0
9765.625,50781.25,19531.25,6000.0
20507.8125,0.0,82031.25,6000.0
97656.25,21484.375,61523.4375,6000.0
102539.0625,26367.1875,83984.375,6000.0
81054.6875,84960.9375,73242.1875,6000.0
86914.0625,76171.875,86914.0625,6000.0
17578.125,7812.5,19531.25,6000.0
89843.75,9765.625,51757.8125,6000.0
19531.25,10742.1875,38085.9375,6000.0
70312.5,4882.8125,45898.4375,6000.0
29296.875,5859.375,62500.0,6000.0
39062.5,12695.3125,24414.0625,6000.0
124023.4375,35156.25,9765.625,6000.0
113281.25,111328.125,110351.5625,6000.0
112304.6875,98632.8125,90820.3125,6000.0
74218.75,36132.8125,41015.625,6000.0
33203.125,124023.4375,25390.625,6000.0
48828.125,41992.1875,15625.0,6000.0
70312.5,80078.125,9765.625,6000.0
29296.875,23437.5,92773.4375,6000.0
5859.375,107421.875,62500.0,6000.0
70312.5,48828.125,70312.5,6000.0
1953.125,102539.0625,107421.875,6000.0
42968.75,47851.5625,35156.25,6000.0
37109.375,91796.875,102539.0625,6000.0
9765.625,84960.9375,8789.0625,6000.0
121093.75,68359.375,43945.3125,6000.0
71289.0625,3906.25,114257.8125,6000.0
83007.8125,5859.375,38085.9375,6000.0
51757.8125,75195.3125,79101.5625,6000.0
105468.75,112304.6875,87890.625,5000.0
41992.1875,70312.5,2929.6875,5000.0
29296.875,121093.75,2929.6875,5000.0
99609.375,115234.375,7812.5,5000.0
16601.5625,21484.375,0.0,5000.0
48828.125,81054.6875,41992.1875,5000.0
84960.9375,123046.875,32226.5625,5000.0
102539.0625,37109.375,45898.4375,5000.0
112304.6875,43945.3125,9765.625,5000.0
30273.4375,14648.4375,77148.4375,5000.0
104492.1875,94726.5625,76171.875,5000.0
103515.625,27343.75,4882.8125,5000.0
52734.375,48828.125,97656.25,5000.0
51757.8125,108398.4375,75195.3125,5000.0
83984.375,39062.5,46875.0,5000.0
15625.0,29296.875,119140.625,5000.0
28320.3125,71289.0625,20507.8125,5000.0
56640.625,8789.0625,83984.375,5000.0
3906.25,115234.375,34179.6875,5000.0
22460.9375,69335.9375,30273.4375,5000.0
21484.375,41015.625,116210.9375,5000.0
34179.6875,976.5625,117187.5,5000.0
76171.875,65429.6875,41015.625,5000.0
42968.75,70312.5,105468.75,5000.0
52734.375,18554.6875,77148.4375,5000.0
108398.4375,91796.875,104492.1875,5000.0
85937.5,36132.8125,75195.3125,5000.0
108398.4375,29296.875,57617.1875,5000.0
73242.1875,41992.1875,116210.9375,5000.0
43945.3125,90820.3125,58593.75,5000.0
21484.375,75195.3125,73242.1875,5000.0
6835.9375,12695.3125,116210.9375,5000.0
124023.4375,20507.8125,94726.5625,5000.0
53710.9375,84960.9375,83984.375,5000.0
44921.875,97656.25,69335.9375,5000.0
86914.0625,60546.875,49804.6875,5000.0
6835.9375,48828.125,83007.8125,5000.0
37109.375,12695.3125,12695.3125,5000.0
97656.25,92773.4375,87890.625,5000.0
120117.1875,119140.625,115234.375,5000.0
113281.25,53710.9375,13671.875,5000.0
93750.0,67382.8125,87890.625,5000.0
74218.75,83007.8125,88867.1875,5000.0
38085.9375,96679.6875,121093.75,5000.0
96679.6875,46875.0,71289.0625,5000.0
15625.0,8789.0625,73242.1875,5000.0
23437.5,99609.375,99609.375,5000.0
85937.5,37109.375,96679.6875,5000.0
122070.3125,58593.75,114257.8125,5000.0
109375.0,10742.1875,119140.625,5000.0
57617.1875,115234.375,111328.125,5000.0
16601.5625,83984.375,41992.1875,5000.0
94726.5625,39062.5,0.0,5000.0
60546.875,32226.5625,116210.9375,5000.0
19531.25,69335.9375,107421.875,5000.0
21484.375,113281.25,31250.0,5000.0
124023.4375,6835.9375,57617.1875,5000.0
112304.6875,79101.5625,14648.4375,5000.0
38085.9375,62500.0,34179.6875,5000.0
14648.4375,51757.8125,92773.4375,5000.0
51757.8125,123046.875,7812.5,5000.0
30273.4375,117187.5,89843.75,5000.0
94726.5625,115234.375,73242.1875,5000.0
67382.8125,78125.0,83984.375,5000.0
107421.875,38085.9375,98632.8125,5000.0
107421.875,21484.375,68359.375,5000.0
36132.8125,100585.9375,92773.4375,5000.0
61523.4375,122070.3125,49804.6875,5000.0
123046.875,6835.9375,92773.4375,5000.0
110351.5625,31250.0,33203.125,5000.0
19531.25,1953.125,67382.8125,5000.0
82031.25,52734.375,57617.1875,5000.0
124023.4375,32226.5625,20507.8125,5000.0
79101.5625,52734.375,83007.8125,5000.0
72265.625,51757.8125,39062.5,5000.0
47851.5625,120117.1875,64453.125,5000.0
103515.625,109375.0,106445.3125,5000.0
66406.25,26367.1875,37109.375,5000.0
16601.5625,64453.125,93750.0,5000.0
976.5625,77148.4375,82031.25,5000.0
118164.0625,101562.5,82031.25,5000.0
103515.625,124023.4375,88867.1875,5000.0
71289.0625,98632.8125,16601.5625,5000.0
26367.1875,26367.1875,42968.75,5000.0
74218.75,96679.6875,68359.375,5000.0
64453.125,13671.875,41015.625,5000.0
64453.125,9765.625,99609.375,5000.0
40039.0625,2929.6875,54687.5,5000.0
67382.8125,73242.1875,114257.8125,5000.0
103515.625,52734.375,106445.3125,5000.0
49804.6875,93750.0,43945.3125,5000.0
73242.1875,84960.9375,19531.25,5000.0
3906.25,104492.1875,78125.0,5000.0
81054.6875,66406.25,78125.0,5000.0
60546.875,106445.3125,124023.4375,5000.0
77148.4375,37109.375,5859.375,5000.0
8789.0625,70312.5,70312.5,5000.0
31250.0,50781.25,10742.1875,5000.0
60546.875,56640.625,98632.8125,5000.0
0.0,64453.125,17578.125,5000.0
6835.9375,1953.125,28320.3125,5000.0
118164.0625,12695.3125,99609.375,5000.0
115234.375,42968.75,19531.25,4000.0
10742.1875,42968.75,118164.0625,4000.0
85937.5,22460.9375,11718.75,4000.0
84960.9375,31250.0,41992.1875,4000.0
57617.1875,118164.0625,24414.0625,4000.0
124023.4375,120117.1875,124023.4375,4000.0
2929.6875,48828.125,118164.0625,4000.0
93750.0,16601.5625,27343.75,4000.0
1953.125,1953.125,52734.375,4000.0
41015.625,45898.4375,117187.5,4000.0
66406.25,103515.625,24414.0625,4000.0
6835.9375,40039.0625,79101.5625,4000.0
51757.8125,105468.75,39062.5,4000.0
83984.375,68359.375,25390.625,4000.0
41015.625,18554.6875,98632.8125,4000.0
32226.5625,14648.4375,122070.3125,4000.0
72265.625,60546.875,59570.3125,4000.0
96679.6875,107421.875,12695.3125,4000.0
111328.125,45898.4375,59570.3125,4000.0
35156.25,63476.5625,2929.6875,4000.0
94726.5625,76171.875,111328.125,4000.0
58593.75,75195.3125,27343.75,4000.0
105468.75,65429.6875,23437.5,4000.0
35156.25,13671.875,33203.125,4000.0
10742.1875,63476.5625,60546.875,4000.0
73242.1875,78125.0,107421.875,4000.0
19531.25,63476.5625,41015.625,4000.0
91796.875,69335.9375,65429.6875,4000.0
1953.125,85937.5,2929.6875,4000.0
18554.6875,72265.625,65429.6875,4000.0
116210.9375,113281.25,26367.1875,4000.0
42968.75,122070.3125,86914.0625,4000.0
52734.375,57617.1875,112304.6875,4000.0
74218.75,103515.625,92773.4375,4000.0
8789.0625,32226.5625,78125.0,4000.0
79101.5625,20507.8125,39062.5,4000.0
10742.1875,41992.1875,49804.6875,4000.0
31250.0,108398.4375,42968.75,4000.0
0.0,122070.3125,62500.0,4000.0
62500.0,81054.6875,976.5625,4000.0
103515.625,63476.5625,55664.0625,4000.0
49804.6875,113281.25,38085.9375,4000.0
101562.5,26367.1875,101562.5,4000.0
44921.875,85937.5,112304.6875,4000.0
48828.125,72265.625,33203.125,4000.0
37109.375,28320.3125,96679.6875,4000.0
25390.625,58593.75,107421.875,4000.0
23437.5,3906.25,26367.1875,4000.0
56640.625,33203.125,47851.5625,4000.0
94726.5625,84960.9375,83984.375,4000.0
36132.8125,121093.75,55664.0625,4000.0
104492.1875,20507.8125,94726.5625,4000.0
68359.375,75195.3125,94726.5625,4000.0
97656.25,71289.0625,17578.125,4000.0
115234.375,38085.9375,66406.25,4000.0
8789.0625,98632.8125,43945.3125,4000.0
71289.0625,63476.5625,27343.75,4000.0
81054.6875,4882.8125,52734.375,4000.0
98632.8125,63476.5625,93750.0,4000.0
13671.875,115234.375,83007.8125,4000.0
42968.75,77148.4375,73242.1875,4000.0
70312.5,33203.125,28320.3125,4000.0
85937.5,86914.0625,12695.3125,4000.0
94726.5625,26367.1875,6835.9375,4000.0
4882.8125,39062.5,38085.9375,4000.0
47851.5625,30273.4375,22460.9375,4000.0
27343.75,30273.4375,107421.875,4000.0
86914.0625,92773.4375,74218.75,4000.0
39062.5,118164.0625,32226.5625,4000.0
101562.5,75195.3125,80078.125,4000.0
35156.25,92773.4375,72265.625,4000.0
110351.5625,120117.1875,54687.5,4000.0
114257.8125,3906.25,43945.3125,4000.0
10742.1875,25390.625,69335.9375,4000.0
124023.4375,99609.375,88867.1875,4000.0
116210.9375,85937.5,87890.625,4000.0
87890.625,65429.6875,60546.875,4000.0
83984.375,122070.3125,49804.6875,4000.0
55664.0625,71289.0625,55664.0625,4000.0
59570.3125,76171.875,11718.75,4000.0
64453.125,87890.625,85937.5,4000.0
38085.9375,5859.375,2929.6875,4000.0
54687.5,4882.8125,1953.125,4000.0
114257.8125,94726.5625,122070.3125,4000.0
10742.1875,7812.5,43945.3125,4000.0
118164.0625,976.5625,67382.8125,4000.0
24414.0625,77148.4375,2929.6875,4000.0
66406.25,81054.6875,109375.0,4000.0
110351.5625,121093.75,34179.6875,4000.0
66406.25,100585.9375,3906.25,4000.0
95703.125,46875.0,115234.375,4000.0
88867.1875,102539.0625,12695.3125,4000.0
82031.25,83984.375,83984.375,4000.0
24414.0625,18554.6875,2929.6875,4000.0
1953.125,109375.0,9765.625,4000.0
18554.6875,52734.375,22460.9375,4000.0
43945.3125,15625.0,74218.75,4000.0
20507.8125,11718.75,123046.875,4000.0
123046.875,18554.6875,39062.5,4000.0
18554.6875,17578.125,78125.0,4000.0
112304.6875,82031.25,81054.6875,4000.0
25390.625,91796.875,104492.1875,4000.0
104492.1875,37109.375,5859.375,4000.0
80078.125,32226.5625,80078.125,4000.0
976.5625,67382.8125,43945.3125,4000.0
47851.5625,49804.6875,117187.5,4000.0
80078.125,43945.3125,74218.75,4000.0
30273.4375,43945.3125,37109.375,4000.0
17578.125,36132.8125,92773.4375,4000.0
976.5625,83007.8125,110351.5625,4000.0
25390.625,14648.4375,61523.4375,4000.0
124023.4375,12695.3125,114257.8125,4000.0
20507.8125,55664.0625,97656.25,4000.0
110351.5625,20507.8125,84960.9375,4000.0
9765.625,3906.25,118164.0625,4000.0
49804.6875,123046.875,105468.75,4000.0
16601.5625,106445.3125,55664.0625,4000.0
34179.6875,29296.875,41015.625,4000.0
8789.0625,36132.8125,55664.0625,4000.0
8789.0625,9765.625,103515.625,4000.0
104492.1875,108398.4375,77148.4375,4000.0
20507.8125,30273.4375,101562.5,4000.0
60546.875,73242.1875,76171.875,4000.0
95703.125,65429.6875,7812.5,4000.0
121093.75,75195.3125,89843.75,4000.0
101562.5,124023.4375,108398.4375,4000.0
47851.5625,90820.3125,94726.5625,4000.0
45898.4375,42968.75,98632.8125,4000.0
79101.5625,89843.75,15625.0,4000.0
60546.875,96679.6875,103515.625,4000.0
116210.9375,80078.125,105468.75,4000.0
43945.3125,37109.375,30273.4375,4000.0
59570.3125,4882.8125,33203.125,4000.0
45898.4375,33203.125,109375.0,4000.0
63476.5625,81054.6875,76171.875,4000.0
32226.5625,102539.0625,69335.9375,4000.0
30273.4375,66406.25,91796.875,4000.0
101562.5,59570.3125,43945.3125,4000.0
63476.5625,118164.0625,66406.25,4000.0
29296.875,32226.5625,96679.6875,4000.0
13671.875,80078.125,80078.125,4000.0
56640.625,19531.25,51757.8125,4000.0
64453.125,38085.9375,51757.8125,4000.0
41992.1875,84960.9375,72265.625,4000.0
58593.75,34179.6875,87890.625,4000.0
32226.5625,68359.375,28320.3125,4000.0
7812.5,109375.0,17578.125,4000.0
66406.25,23437.5,122070.3125,4000.0
88867.1875,69335.9375,76171.875,4000.0
82031.25,17578.125,92773.4375,4000.0
105468.75,4882.8125,108398.4375,4000.0
58593.75,83007.8125,117187.5,4000.0
59570.3125,71289.0625,89843.75,4000.0
70312.5,41992.1875,79101.5625,4000.0
26367.1875,87890.625,47851.5625,4000.0
68359.375,109375.0,48828.125,4000.0
79101.5625,29296.875,94726.5625,4000.0
13671.875,117187.5,32226.5625,4000.0
79101.5625,69335.9375,57617.1875,4000.0
56640.625,72265.625,69335.9375,4000.0
103515.625,61523.4375,109375.0,4000.0
15625.0,122070.3125,65429.6875,4000.0
73242.1875,23437.5,87890.625,4000.0
109375.0,119140.625,106445.3125,4000.0
65429.6875,33203.125,43945.3125,4000.0
52734.375,54687.5,24414.0625,4000.0
56640.625,14648.4375,13671.875,4000.0
117187.5,74218.75,61523.4375,4000.0
106445.3125,62500.0,35156.25,4000.0
102539.0625,121093.75,14648.4375,4000.0
112304.6875,17578.125,75195.3125,4000.0
64453.125,104492.1875,109375.0,4000.0
114257.8125,0.0,25390.625,4000.0
67382.8125,94726.5625,79101.5625,4000.0
56640.625,100585.9375,55664.0625,4000.0
65429.6875,97656.25,34179.6875,4000.0
43945.3125,113281.25,107421.875,4000.0
66406.25,101562.5,51757.8125,4000.0
124023.4375,44921.875,38085.9375,4000.0
54687.5,98632.8125,75195.3125,4000.0
60546.875,58593.75,107421.875,4000.0
8789.0625,98632.8125,16601.5625,4000.0
65429.6875,30273.4375,14648.4375,4000.0
114257.8125,30273.4375,13671.875,4000.0
25390.625,88867.1875,36132.8125,4000.0
70312.5,94726.5625,104492.1875,4000.0
27343.75,0.0,111328.125,4000.0
16601.5625,72265.625,121093.75,4000.0
35156.25,110351.5625,96679.6875,4000.0
13671.875,79101.5625,16601.5625,4000.0
48828.125,19531.25,20507.8125,4000.0
73242.1875,36132.8125,94726.5625,4000.0
47851.5625,100585.9375,108398.4375,4000.0
38085.9375,31250.0,1953.125,4000.0
80078.125,17578.125,82031.25,4000.0
54687.5,976.5625,92773.4375,4000.0
124023.4375,75195.3125,37109.375,4000.0
37109.375,77148.4375,108398.4375,4000.0
112304.6875,100585.9375,14648.4375,4000.0
67382.8125,111328.125,120117.1875,4000.0
45898.4375,60546.875,94726.5625,4000.0
9765.625,62500.0,52734.375,4000.0
81054.6875,81054.6875,98632.8125,4000.0
113281.25,93750.0,78125.0,4000.0
976.5625,38085.9375,7812.5,4000.0
28320.3125,108398.4375,56640.625,4000.0
119140.625,54687.5,52734.375,4000.0
119140.625,67382.8125,53710.9375,4000.0
121093.75,40039.0625,94726.5625,4000.0
13671.875,15625.0,43945.3125,4000.0
112304.6875,96679.6875,115234.375,4000.0
122070.3125,75195.3125,55664.0625,4000.0
104492.1875,2929.6875,13671.875,4000.0
109375.0,55664.0625,37109.375,4000.0
29296.875,101562.5,76171.875,4000.0
11718.75,66406.25,109375.0,4000.0
61523.4375,66406.25,115234.375,4000.0
16601.5625,70312.5,80078.125,4000.0
41015.625,36132.8125,118164.0625,4000.0
44921.875,78125.0,108398.4375,4000.0
109375.0,14648.4375,100585.9375,4000.0
13671.875,82031.25,113281.25,4000.0
41992.1875,108398.4375,121093.75,4000.0
119140.625,47851.5625,59570.3125,4000.0
27343.75,98632.8125,60546.875,4000.0
109375.0,30273.4375,24414.0625,4000.0
10742.1875,36132.8125,84960.9375,4000.0
116210.9375,16601.5625,110351.5625,4000.0
100585.9375,34179.6875,106445.3125,4000.0
55664.0625,51757.8125,17578.125,4000.0
37109.375,99609.375,77148.4375,4000.0
24414.0625,77148.4375,107421.875,4000.0
13671.875,28320.3125,82031.25,4000.0
87890.625,110351.5625,69335.9375,4000.0
69335.9375,107421.875,67382.8125,4000.0
68359.375,38085.9375,8789.0625,4000.0
104492.1875,15625.0,110351.5625,4000.0
3906.25,45898.4375,55664.0625,4000.0
9765.625,13671.875,21484.375,4000.0
120117.1875,21484.375,74218.75,4000.0
40039.0625,45898.4375,15625.0,4000.0
92773.4375,12695.3125,60546.875,4000.0
6835.9375,117187.5,60546.875,4000.0
10742.1875,49804.6875,105468.75,4000.0
39062.5,39062.5,37109.375,4000.0
29296.875,52734.375,98632.8125,4000.0
65429.6875,112304.6875,88867.1875,4000.0
39062.5,73242.1875,52734.375,4000.0
30273.4375,83007.8125,113281.25,4000.0
71289.0625,121093.75,82031.25,4000.0
8789.0625,116210.9375,5859.375,4000.0
66406.25,36132.8125,84960.9375,4000.0
100585.9375,78125.0,116210.9375,4000.0
0.0,49804.6875,88867.1875,4000.0
69335.9375,94726.5625,60546.875,4000.0
45898.4375,103515.625,79101.5625,4000.0
42968.75,123046.875,41992.1875,4000.0
70312.5,76171.875,33203.125,4000.0
119140.625,22460.9375,23437.5,4000.0
55664.0625,92773.4375,50781.25,4000.0
4882.8125,29296.875,7812.5,4000.0
14648.4375,57617.1875,32226.5625,4000.0
9765.625,105468.75,71289.0625,4000.0
68359.375,59570.3125,21484.375,4000.0
15625.0,51757.8125,11718.75,4000.0
56640.625,27343.75,52734.375,4000.0
11718.75,43945.3125,88867.1875,4000.0
87890.625,78125.0,73242.1875,4000.0
101562.5,65429.6875,100585.9375,4000.0
33203.125,97656.25,113281.25,4000.0
6835.9375,86914.0625,50781.25,4000.0
72265.625,48828.125,122070.3125,4000.0
60546.875,113281.25,48828.125,4000.0
6835.9375,99609.375,90820.3125,4000.0
37109.375,22460.9375,103515.625,4000.0
65429.6875,109375.0,82031.25,4000.0
56640.625,72265.625,47851.5625,4000.0
3906.25,49804.6875,31250.0,4000.0
48828.125,21484.375,84960.9375,4000.0
47851.5625,43945.3125,112304.6875,4000.0
64453.125,118164.0625,93750.0,4000.0
111328.125,121093.75,46875.0,3000.0
25390.625,40039.0625,40039.0625,3000.0
91796.875,119140.625,25390.625,3000.0
104492.1875,83984.375,110351.5625,3000.0
105468.75,117187.5,94726.5625,3000.0
96679.6875,120117.1875,59570.3125,3000.0
96679.6875,93750.0,75195.3125,3000.0
73242.1875,64453.125,17578.125,3000.0
80078.125,3906.25,119140.625,3000.0
75195.3125,0.0,71289.0625,3000.0
48828.125,74218.75,70312.5,3000.0
11718.75,19531.25,116210.9375,3000.0
60546.875,112304.6875,70312.5,3000.0
85937.5,47851.5625,62500.0,3000.0
93750.0,16601.5625,46875.0,3000.0
52734.375,119140.625,39062.5,3000.0
91796.875,25390.625,34179.6875,3000.0
11718.75,3906.25,100585.9375,3000.0
101562.5,87890.625,74218.75,3000.0
92773.4375,9765.625,26367.1875,3000.0
114257.8125,111328.125,63476.5625,3000.0
93750.0,122070.3125,30273.4375,3000.0
12695.3125,68359.375,87890.625,3000.0
77148.4375,114257.8125,56640.625,3000.0
74218.75,59570.3125,52734.375,3000.0
63476.5625,114257.8125,99609.375,3000.0
99609.375,69335.9375,64453.125,3000.0
98632.8125,1953.125,109375.0,3000.0
93750.0,67382.8125,120117.1875,3000.0
66406.25,25390.625,9765.625,3000.0
5859.375,16601.5625,45898.4375,3000.0
92773.4375,17578.125,54687.5,3000.0
45898.4375,39062.5,40039.0625,3000.0
79101.5625,104492.1875,87890.625,3000.0
82031.25,67382.8125,124023.4375,3000.0
47851.5625,64453.125,108398.4375,3000.0
113281.25,113281.25,3906.25,3000.0
82031.25,121093.75,39062.5,3000.0
100585.9375,16601.5625,4882.8125,3000.0
86914.0625,116210.9375,124023.4375,3000.0
52734.375,32226.5625,118164.0625,3000.0
65429.6875,98632.8125,45898.4375,3000.0
116210.9375,116210.9375,32226.5625,3000.0
33203.125,51757.8125,27343.75,3000.0
64453.125,63476.5625,95703.125,3000.0
2929.6875,122070.3125,42968.75,3000.0
39062.5,63476.5625,41992.1875,3000.0
98632.8125,22460.9375,77148.4375,3000.0
110351.5625,120117.1875,79101.5625,3000.0
50781.25,96679.6875,81054.6875,3000.0
120117.1875,50781.25,83007.8125,3000.0
95703.125,118164.0625,84960.9375,3000.0
70312.5,23437.5,82031.25,3000.0
122070.3125,24414.0625,106445.3125,3000.0
104492.1875,24414.0625,109375.0,3000.0
27343.75,59570.3125,94726.5625,3000.0
25390.625,34179.6875,118164.0625,3000.0
92773.4375,15625.0,66406.25,3000.0
115234.375,67382.8125,106445.3125,3000.0
4882.8125,84960.9375,77148.4375,3000.0
13671.875,1953.125,76171.875,3000.0
20507.8125,72265.625,38085.9375,3000.0
66406.25,51757.8125,45898.4375,3000.0
0.0,44921.875,35156.25,3000.0
1953.125,19531.25,49804.6875,3000.0
118164.0625,12695.3125,83007.8125,3000.0
84960.9375,44921.875,56640.625,3000.0
80078.125,25390.625,9765.625,3000.0
43945.3125,15625.0,6835.9375,3000.0
57617.1875,67382.8125,76171.875,3000.0
31250.0,91796.875,123046.875,3000.0
96679.6875,76171.875,70312.5,3000.0
8789.0625,42968.75,30273.4375,3000.0
54687.5,82031.25,97656.25,3000.0
20507.8125,95703.125,91796.875,3000.0
55664.0625,63476.5625,21484.375,3000.0
92773.4375,31250.0,79101.5625,3000.0
65429.6875,105468.75,90820.3125,3000.0
93750.0,60546.875,45898.4375,3000.0
34179.6875,91796.875,55664.0625,3000.0
118164.0625,21484.375,118164.0625,3000.0
7812.5,86914.0625,36132.8125,3000.0
30273.4375,12695.3125,27343.75,3000.0
69335.9375,80078.125,53710.9375,3000.0
70312.5,89843.75,88867.1875,3000.0
77148.4375,118164.0625,82031.25,3000.0
110351.5625,60546.875,63476.5625,3000.0
92773.4375,63476.5625,55664.0625,3000.0
51757.8125,19531.25,63476.5625,3000.0
119140.625,118164.0625,73242.1875,3000.0
98632.8125,74218.75,124023.4375,3000.0
23437.5,76171.875,13671.875,3000.0
67382.8125,64453.125,118164.0625,3000.0
52734.375,89843.75,120117.1875,3000.0
27343.75,110351.5625,86914.0625,3000.0
41992.1875,21484.375,21484.375,3000.0
70312.5,75195.3125,41015.625,3000.0
76171.875,79101.5625,81054.6875,3000.0
124023.4375,102539.0625,103515.625,3000.0
17578.125,110351.5625,9765.625,3000.0
32226.5625,99609.375,54687.5,3000.0
59570.3125,82031.25,51757.8125,3000.0
60546.875,90820.3125,44921.875,3000.0
47851.5625,18554.6875,96679.6875,3000.0
29296.875,76171.875,69335.9375,3000.0
52734.375,110351.5625,123046.875,3000.0
71289.0625,86914.0625,75195.3125,3000.0
91796.875,87890.625,74218.75,3000.0
26367.1875,54687.5,4882.8125,3000.0
47851.5625,10742.1875,68359.375,3000.0
103515.625,40039.0625,84960.9375,3000.0
8789.0625,3906.25,18554.6875,3000.0
56640.625,55664.0625,89843.75,3000.0
13671.875,106445.3125,16601.5625,3000.0
1953.125,60546.875,70312.5,3000.0
5859.375,35156.25,31250.0,3000.0
59570.3125,6835.9375,20507.8125,3000.0
105468.75,119140.625,114257.8125,3000.0
102539.0625,51757.8125,83007.8125,3000.0
39062.5,12695.3125,100585.9375,3000.0
64453.125,31250.0,90820.3125,3000.0
46875.0,61523.4375,33203.125,3000.0
18554.6875,89843.75,35156.25,3000.0
63476.5625,89843.75,110351.5625,3000.0
79101.5625,54687.5,41992.1875,3000.0
22460.9375,118164.0625,976.5625,3000.0
61523.4375,96679.6875,58593.75,3000.0
7812.5,53710.9375,50781.25,3000.0
109375.0,118164.0625,28320.3125,3000.0
98632.8125,20507.8125,24414.0625,3000.0
65429.6875,36132.8125,976.5625,3000.0
103515.625,121093.75,55664.0625,3000.0
54687.5,118164.0625,50781.25,3000.0
113281.25,74218.75,93750.0,3000.0
99609.375,108398.4375,97656.25,3000.0
114257.8125,59570.3125,117187.5,3000.0
54687.5,13671.875,68359.375,3000.0
10742.1875,91796.875,15625.0,3000.0
107421.875,86914.0625,72265.625,3000.0
93750.0,56640.625,122070.3125,3000.0
78125.0,46875.0,42968.75,3000.0
72265.625,42968.75,12695.3125,3000.0
120117.1875,3906.25,26367.1875,3000.0
3906.25,105468.75,115234.375,3000.0
49804.6875,45898.4375,7812.5,3000.0
85937.5,5859.375,62500.0,3000.0
85937.5,40039.0625,104492.1875,3000.0
62500.0,75195.3125,52734.375,3000.0
80078.125,102539.0625,75195.3125,3000.0
109375.0,70312.5,98632.8125,3000.0
105468.75,18554.6875,59570.3125,3000.0
1953.125,112304.6875,106445.3125,3000.0
16601.5625,58593.75,20507.8125,3000.0
78125.0,37109.375,101562.5,3000.0
3906.25,107421.875,87890.625,3000.0
30273.4375,12695.3125,87890.625,3000.0
6835.9375,69335.9375,40039.0625,3000.0
105468.75,59570.3125,98632.8125,3000.0
11718.75,26367.1875,3906.25,3000.0
65429.6875,20507.8125,105468.75,3000.0
8789.0625,74218.75,30273.4375,3000.0
23437.5,57617.1875,41992.1875,3000.0
114257.8125,25390.625,19531.25,3000.0
96679.6875,36132.8125,51757.8125,3000.0
110351.5625,55664.0625,70312.5,3000.0
75195.3125,87890.625,66406.25,3000.0
100585.9375,66406.25,74218.75,3000.0
32226.5625,104492.1875,83984.375,3000.0
50781.25,71289.0625,92773.4375,3000.0
87890.625,64453.125,3906.25,3000.0
53710.9375,97656.25,64453.125,3000.0
75195.3125,70312.5,50781.25,3000.0
22460.9375,35156.25,41992.1875,3000.0
26367.1875,9765.625,121093.75,3000.0
97656.25,26367.1875,69335.9375,3000.0
90820.3125,20507.8125,73242.1875,3000.0
15625.0,118164.0625,88867.1875,3000.0
110351.5625,80078.125,108398.4375,3000.0
4882.8125,95703.125,37109.375,3000.0
39062.5,102539.0625,85937.5,3000.0
72265.625,106445.3125,26367.1875,3000.0
116210.9375,79101.5625,85937.5,3000.0
49804.6875,83007.8125,105468.75,3000.0
68359.375,84960.9375,56640.625,3000.0
120117.1875,45898.4375,31250.0,3000.0
4882.8125,91796.875,3906.25,3000.0
68359.375,3906.25,58593.75,3000.0
48828.125,41992.1875,30273.4375,3000.0
21484.375,23437.5,52734.375,3000.0
68359.375,16601.5625,123046.875,3000.0
115234.375,104492.1875,99609.375,3000.0
123046.875,103515.625,66406.25,3000.0
21484.375,119140.625,75195.3125,3000.0
41992.1875,70312.5,27343.75,3000.0
15625.0,47851.5625,4882.8125,3000.0
66406.25,53710.9375,63476.5625,3000.0
43945.3125,122070.3125,5859.375,3000.0
48828.125,37109.375,24414.0625,3000.0
124023.4375,42968.75,5859.375,3000.0
21484.375,30273.4375,90820.3125,3000.0
16601.5625,116210.9375,69335.9375,3000.0
21484.375,99609.375,34179.6875,3000.0
7812.5,27343.75,56640.625,3000.0
41992.1875,122070.3125,24414.0625,3000.0
1953.125,52734.375,16601.5625,3000.0
55664.0625,67382.8125,84960.9375,3000.0
46875.0,124023.4375,80078.125,3000.0
19531.25,21484.375,94726.5625,3000.0
56640.625,115234.375,1953.125,3000.0
14648.4375,3906.25,29296.875,3000.0
28320.3125,78125.0,75195.3125,3000.0
97656.25,71289.0625,9765.625,3000.0
4882.8125,22460.9375,39062.5,3000.0
74218.75,73242.1875,89843.75,3000.0
121093.75,95703.125,104492.1875,3000.0
122070.3125,97656.25,113281.25,3000.0
67382.8125,20507.8125,42968.75,3000.0
2929.6875,1953.125,122070.3125,3000.0
29296.875,1953.125,83007.8125,3000.0
124023.4375,76171.875,27343.75,3000.0
92773.4375,11718.75,43945.3125,3000.0
14648.4375,17578.125,95703.125,3000.0
22460.9375,105468.75,33203.125,3000.0
64453.125,36132.8125,103515.625,3000.0
63476.5625,50781.25,104492.1875,3000.0
104492.1875,29296.875,76171.875,3000.0
16601.5625,6835.9375,94726.5625,3000.0
59570.3125,11718.75,31250.0,3000.0
82031.25,123046.875,122070.3125,3000.0
86914.0625,18554.6875,44921.875,3000.0
51757.8125,85937.5,47851.5625,3000.0
81054.6875,83007.8125,9765.625,3000.0
114257.8125,22460.9375,108398.4375,3000.0
1953.125,50781.25,43945.3125,3000.0
117187.5,55664.0625,41015.625,3000.0
65429.6875,46875.0,79101.5625,3000.0
106445.3125,18554.6875,46875.0,3000.0
123046.875,31250.0,103515.625,3000.0
67382.8125,82031.25,26367.1875,3000.0
94726.5625,39062.5,120117.1875,3000.0
24414.0625,28320.3125,113281.25,3000.0
62500.0,4882.8125,41015.625,3000.0
82031.25,77148.4375,69335.9375,3000.0
91796.875,33203.125,60546.875,3000.0
41015.625,120117.1875,60546.875,3000.0
21484.375,47851.5625,112304.6875,3000.0
38085.9375,95703.125,66406.25,3000.0
110351.5625,109375.0,102539.0625,3000.0
12695.3125,44921.875,112304.6875,3000.0
102539.0625,22460.9375,42968.75,3000.0
52734.375,70312.5,12695.3125,3000.0
79101.5625,65429.6875,51757.8125,3000.0
124023.4375,34179.6875,52734.375,3000.0
59570.3125,90820.3125,118164.0625,3000.0
96679.6875,24414.0625,96679.6875,3000.0
68359.375,119140.625,72265.625,3000.0
7812.5,4882.8125,82031.25,3000.0
31250.0,18554.6875,83984.375,3000.0
14648.4375,67382.8125,43945.3125,3000.0
107421.875,51757.8125,44921.875,3000.0
111328.125,33203.125,7812.5,3000.0
68359.375,93750.0,28320.3125,3000.0
63476.5625,122070.3125,117187.5,3000.0
96679.6875,115234.375,15625.0,3000.0
58593.75,91796.875,84960.9375,3000.0
111328.125,7812.5,111328.125,3000.0
76171.875,85937.5,103515.625,3000.0
5859.375,107421.875,96679.6875,3000.0
29296.875,35156.25,40039.0625,3000.0
31250.0,59570.3125,112304.6875,3000.0
29296.875,39062.5,116210.9375,3000.0
112304.6875,87890.625,15625.0,3000.0
24414.0625,78125.0,116210.9375,3000.0
29296.875,90820.3125,67382.8125,3000.0
104492.1875,34179.6875,62500.0,3000.0
104492.1875,95703.125,119140.625,3000.0
49804.6875,121093.75,44921.875,3000.0
12695.3125,79101.5625,24414.0625,3000.0
68359.375,3906.25,95703.125,3000.0
105468.75,122070.3125,97656.25,3000.0
2929.6875,6835.9375,75195.3125,3000.0
29296.875,9765.625,16601.5625,3000.0
0.0,72265.625,53710.9375,3000.0
51757.8125,3906.25,98632.8125,3000.0
82031.25,73242.1875,64453.125,3000.0
26367.1875,7812.5,32226.5625,3000.0
51757.8125,976.5625,41015.625,3000.0
72265.625,43945.3125,36132.8125,3000.0
61523.4375,29296.875,77148.4375,3000.0
110351.5625,87890.625,115234.375,3000.0
24414.0625,116210.9375,82031.25,3000.0
59570.3125,1953.125,49804.6875,3000.0
70312.5,43945.3125,109375.0,3000.0
71289.0625,75195.3125,51757.8125,3000.0
73242.1875,60546.875,69335.9375,3000.0
112304.6875,65429.6875,65429.6875,3000.0
9765.625,77148.4375,120117.1875,3000.0
75195.3125,46875.0,86914.0625,3000.0
101562.5,70312.5,120117.1875,3000.0
79101.5625,78125.0,20507.8125,3000.0
102539.0625,76171.875,14648.4375,3000.0
46875.0,77148.4375,99609.375,3000.0
94726.5625,83007.8125,73242.1875,3000.0
120117.1875,106445.3125,107421.875,3000.0
13671.875,21484.375,36132.8125,3000.0
57617.1875,24414.0625,22460.9375,3000.0
62500.0,2929.6875,84960.9375,3000.0
84960.9375,0.0,30273.4375,3000.0
72265.625,51757.8125,49804.6875,3000.0
50781.25,41015.625,4882.8125,3000.0
11718.75,4882.8125,108398.4375,3000.0
1953.125,94726.5625,84960.9375,3000.0
107421.875,70312.5,66406.25,3000.0
34179.6875,0.0,28320.3125,3000.0
57617.1875,9765.625,41992.1875,3000.0
4882.8125,45898.4375,76171.875,3000.0
23437.5,17578.125,122070.3125,3000.0
52734.375,21484.375,97656.25,3000.0
96679.6875,45898.4375,123046.875,3000.0
80078.125,112304.6875,62500.0,3000.0
34179.6875,45898.4375,31250.0,3000.0
121093.75,976.5625,74218.75,3000.0
16601.5625,1953.125,12695.3125,3000.0
6835.9375,81054.6875,112304.6875,3000.0
114257.8125,40039.0625,25390.625,3000.0
2929.6875,78125.0,70312.5,3000.0
122070.3125,18554.6875,83984.375,3000.0
3906.25,25390.625,14648.4375,3000.0
58593.75,108398.4375,80078.125,3000.0
66406.25,41992.1875,36132.8125,3000.0
64453.125,106445.3125,116210.9375,3000.0
27343.75,85937.5,76171.875,3000.0
95703.125,58593.75,88867.1875,3000.0
37109.375,14648.4375,73242.1875,3000.0
37109.375,1953.125,36132.8125,3000.0
37109.375,9765.625,61523.4375,3000.0
41992.1875,20507.8125,51757.8125,3000.0
104492.1875,52734.375,76171.875,3000.0
74218.75,15625.0,97656.25,3000.0
26367.1875,0.0,2929.6875,3000.0
60546.875,24414.0625,47851.5625,3000.0
26367.1875,94726.5625,41015.625,3000.0
63476.5625,8789.0625,52734.375,3000.0
101562.5,95703.125,111328.125,3000.0
85937.5,46875.0,46875.0,3000.0
17578.125,46875.0,33203.125,3000.0
24414.0625,82031.25,45898.4375,3000.0
110351.5625,42968.75,68359.375,3000.0
1953.125,23437.5,76171.875,3000.0
41015.625,20507.8125,15625.0,3000.0
73242.1875,72265.625,77148.4375,3000.0
73242.1875,26367.1875,41992.1875,3000.0
109375.0,23437.5,79101.5625,3000.0
29296.875,105468.75,99609.375,3000.0
44921.875,55664.0625,40039.0625,3000.0
21484.375,34179.6875,108398.4375,3000.0
46875.0,64453.125,101562.5,3000.0
59570.3125,100585.9375,38085.9375,3000.0
2929.6875,89843.75,41992.1875,3000.0
117187.5,34179.6875,40039.0625,3000.0
32226.5625,8789.0625,5859.375,3000.0
13671.875,47851.5625,123046.875,3000.0
92773.4375,35156.25,71289.0625,3000.0
22460.9375,12695.3125,67382.8125,3000.0
27343.75,44921.875,111328.125,3000.0
88867.1875,21484.375,79101.5625,3000.0
24414.0625,56640.625,24414.0625,3000.0
105468.75,24414.0625,51757.8125,3000.0
119140.625,1953.125,33203.125,3000.0
89843.75,122070.3125,53710.9375,3000.0
110351.5625,119140.625,122070.3125,3000.0
66406.25,43945.3125,15625.0,3000.0
123046.875,36132.8125,976.5625,3000.0
115234.375,74218.75,68359.375,3000.0
24414.0625,51757.8125,14648.4375,3000.0
46875.0,85937.5,99609.375,3000.0
62500.0,61523.4375,19531.25,3000.0
93750.0,102539.0625,90820.3125,3000.0
10742.1875,48828.125,50781.25,3000.0
73242.1875,104492.1875,99609.375,3000.0
0.0,97656.25,99609.375,3000.0
63476.5625,27343.75,110351.5625,3000.0
67382.8125,37109.375,98632.8125,3000.0
78125.0,122070.3125,74218.75,3000.0
120117.1875,124023.4375,72265.625,3000.0
64453.125,119140.625,83007.8125,3000.0
11718.75,16601.5625,78125.0,3000.0
95703.125,116210.9375,976.5625,3000.0
114257.8125,98632.8125,108398.4375,3000.0
73242.1875,57617.1875,123046.875,3000.0
65429.6875,29296.875,99609.375,3000.0
2929.6875,53710.9375,38085.9375,3000.0
10742.1875,36132.8125,37109.375,3000.0
21484.375,46875.0,6835.9375,3000.0
47851.5625,88867.1875,79101.5625,3000.0
14648.4375,81054.6875,73242.1875,3000.0
62500.0,13671.875,76171.875,3000.0
62500.0,33203.125,38085.9375,3000.0
99609.375,47851.5625,101562.5,3000.0
11718.75,92773.4375,23437.5,3000.0
105468.75,20507.8125,19531.25,3000.0
30273.4375,17578.125,5859.375,3000.0
54687.5,74218.75,39062.5,3000.0
11718.75,102539.0625,104492.1875,3000.0
46875.0,72265.625,24414.0625,3000.0
38085.9375,30273.4375,124023.4375,3000.0
76171.875,40039.0625,52734.375,3000.0
28320.3125,63476.5625,22460.9375,3000.0
122070.3125,12695.3125,124023.4375,3000.0
39062.5,99609.375,106445.3125,3000.0
21484.375,95703.125,57617.1875,3000.0
124023.4375,46875.0,26367.1875,3000.0
36132.8125,123046.875,86914.0625,3000.0
101562.5,114257.8125,77148.4375,3000.0
24414.0625,21484.375,83984.375,3000.0
17578.125,92773.4375,40039.0625,3000.0
80078.125,68359.375,67382.8125,3000.0
17578.125,54687.5,4882.8125,3000.0
89843.75,1953.125,122070.3125,3000.0
94726.5625,73242.1875,117187.5,3000.0
83984.375,99609.375,71289.0625,3000.0
97656.25,46875.0,108398.4375,3000.0
11718.75,47851.5625,27343.75,3000.0
115234.375,73242.1875,105468.75,3000.0
117187.5,9765.625,48828.125,3000.0
88867.1875,11718.75,34179.6875,3000.0
109375.0,66406.25,55664.0625,3000.0
98632.8125,68359.375,80078.125,3000.0
31250.0,4882.8125,35156.25,3000.0
106445.3125,78125.0,83984.375,3000.0
19531.25,76171.875,81054.6875,3000.0
116210.9375,9765.625,106445.3125,3000.0
117187.5,27343.75,60546.875,3000.0
32226.5625,35156.25,0.0,3000.0
105468.75,65429.6875,62500.0,3000.0
30273.4375,77148.4375,32226.5625,3000.0
20507.8125,97656.25,106445.3125,3000.0
73242.1875,113281.25,64453.125,3000.0
96679.6875,33203.125,83984.375,3000.0
51757.8125,60546.875,45898.4375,3000.0
33203.125,7812.5,121093.75,3000.0
19531.25,21484.375,39062.5,3000.0
123046.875,19531.25,32226.5625,3000.0
66406.25,62500.0,62500.0,3000.0
67382.8125,20507.8125,92773.4375,3000.0
116210.9375,11718.75,115234.375,3000.0
1953.125,54687.5,24414.0625,3000.0
50781.25,55664.0625,93750.0,3000.0
71289.0625,49804.6875,83007.8125,3000.0
112304.6875,37109.375,19531.25,3000.0
61523.4375,41015.625,10742.1875,3000.0
9765.625,70312.5,95703.125,3000.0
62500.0,95703.125,112304.6875,3000.0
14648.4375,37109.375,117187.5,3000.0
101562.5,25390.625,22460.9375,3000.0
7812.5,57617.1875,61523.4375,3000.0
15625.0,60546.875,106445.3125,3000.0
25390.625,61523.4375,113281.25,3000.0
100585.9375,58593.75,2929.6875,3000.0
36132.8125,72265.625,24414.0625,3000.0
20507.8125,111328.125,1953.125,3000.0
2929.6875,60546.875,44921.875,3000.0
53710.9375,90820.3125,99609.375,3000.0
109375.0,39062.5,57617.1875,3000.0
98632.8125,119140.625,113281.25,3000.0
40039.0625,116210.9375,101562.5,3000.0
79101.5625,117187.5,32226.5625,3000.0
90820.3125,35156.25,44921.875,3000.0
119140.625,94726.5625,11718.75,3000.0
115234.375,94726.5625,102539.0625,3000.0
109375.0,25390.625,16601.5625,3000.0
89843.75,42968.75,70312.5,3000.0
118164.0625,60546.875,4882.8125,3000.0
62500.0,89843.75,0.0,3000.0
4882.8125,28320.3125,68359.375,3000.0
110351.5625,50781.25,102539.0625,3000.0
117187.5,26367.1875,66406.25,3000.0
34179.6875,124023.4375,40039.0625,3000.0
6835.9375,105468.75,42968.75,3000.0
49804.6875,19531.25,52734.375,3000.0
10742.1875,92773.4375,33203.125,3000.0
64453.125,64453.125,70312.5,3000.0
102539.0625,30273.4375,38085.9375,3000.0
77148.4375,123046.875,84960.9375,3000.0
101562.5,112304.6875,113281.25,3000.0
51757.8125,89843.75,55664.0625,3000.0
60546.875,80078.125,86914.0625,3000.0
99609.375,53710.9375,69335.9375,3000.0
7812.5,109375.0,38085.9375,3000.0
50781.25,38085.9375,110351.5625,3000.0
21484.375,66406.25,114257.8125,3000.0
81054.6875,46875.0,88867.1875,3000.0
3906.25,51757.8125,58593.75,3000.0
31250.0,91796.875,109375.0,3000.0
46875.0,23437.5,99609.375,3000.0
92773.4375,32226.5625,4882.8125,3000.0
103515.625,13671.875,103515.625,3000.0
9765.625,84960.9375,31250.0,3000.0
63476.5625,94726.5625,63476.5625,3000.0
67382.8125,34179.6875,77148.4375,3000.0
107421.875,25390.625,41992.1875,3000.0
110351.5625,54687.5,64453.125,3000.0
73242.1875,120117.1875,65429.6875,3000.0
88867.1875,61523.4375,82031.25,3000.0
56640.625,123046.875,86914.0625,3000.0
17578.125,97656.25,70312.5,3000.0
72265.625,1953.125,83007.8125,3000.0
35156.25,19531.25,0.0,3000.0
0.0,109375.0,20507.8125,3000.0
97656.25,52734.375,117187.5,3000.0
71289.0625,10742.1875,104492.1875,3000.0
28320.3125,20507.8125,120117.1875,3000.0
107421.875,101562.5,79101.5625,3000.0
44921.875,119140.625,110351.5625,3000.0
109375.0,32226.5625,73242.1875,3000.0
15625.0,61523.4375,49804.6875,3000.0
22460.9375,5859.375,94726.5625,3000.0
78125.0,81054.6875,14648.4375,3000.0
97656.25,63476.5625,58593.75,3000.0
76171.875,42968.75,64453.125,3000.0
51757.8125,78125.0,87890.625,3000.0
38085.9375,86914.0625,66406.25,3000.0
19531.25,110351.5625,60546.875,3000.0
78125.0,45898.4375,121093.75,3000.0
42968.75,102539.0625,118164.0625,3000.0
83007.8125,72265.625,976.5625,3000.0
9765.625,4882.8125,36132.8125,3000.0
6835.9375,14648.4375,27343.75,3000.0
81054.6875,1953.125,20507.8125,3000.0
13671.875,64453.125,79101.5625,3000.0
78125.0,73242.1875,80078.125,3000.0
98632.8125,22460.9375,91796.875,3000.0
3906.25,77148.4375,38085.9375,3000.0
32226.5625,53710.9375,116210.9375,3000.0
84960.9375,4882.8125,122070.3125,3000.0
42968.75,98632.8125,41992.1875,3000.0
81054.6875,99609.375,12695.3125,3000.0
32226.5625,45898.4375,99609.375,3000.0
72265.625,96679.6875,97656.25,3000.0
121093.75,1953.125,20507.8125,3000.0
73242.1875,31250.0,99609.375,3000.0
9765.625,110351.5625,100585.9375,3000.0
63476.5625,2929.6875,104492.1875,3000.0
5859.375,65429.6875,117187.5,3000.0
115234.375,47851.5625,24414.0625,3000.0
8789.0625,72265.625,116210.9375,3000.0
27343.75,9765.625,83007.8125,3000.0
71289.0625,42968.75,45898.4375,3000.0
65429.6875,31250.0,7812.5,3000.0
57617.1875,69335.9375,15625.0,3000.0
106445.3125,13671.875,65429.6875,3000.0
15625.0,90820.3125,45898.4375,3000.0
976.5625,75195.3125,89843.75,3000.0
78125.0,52734.375,48828.125,3000.0
38085.9375,104492.1875,99609.375,3000.0
28320.3125,51757.8125,23437.5,3000.0
56640.625,78125.0,2929.6875,3000.0
118164.0625,24414.0625,38085.9375,3000.0
65429.6875,87890.625,46875.0,3000.0
111328.125,11718.75,46875.0,3000.0
5859.375,41015.625,63476.5625,3000.0
14648.4375,0.0,17578.125,3000.0
92773.4375,26367.1875,76171.875,3000.0
98632.8125,31250.0,49804.6875,3000.0
60546.875,42968.75,31250.0,3000.0
1953.125,28320.3125,56640.625,3000.0
17578.125,0.0,24414.0625,3000.0
35156.25,47851.5625,115234.375,3000.0
15625.0,112304.6875,77148.4375,3000.0
93750.0,2929.6875,56640.625,3000.0
49804.6875,124023.4375,84960.9375,3000.0
32226.5625,117187.5,31250.0,3000.0
1953.125,68359.375,111328.125,3000.0
5859.375,39062.5,12695.3125,3000.0
976.5625,32226.5625,81054.6875,3000.0
106445.3125,84960.9375,119140.625,3000.0
84960.9375,27343.75,36132.8125,3000.0
111328.125,114257.8125,79101.5625,3000.0
32226.5625,48828.125,122070.3125,3000.0
67382.8125,35156.25,108398.4375,3000.0
108398.4375,110351.5625,95703.125,3000.0
61523.4375,117187.5,119140.625,3000.0
68359.375,78125.0,45898.4375,3000.0
3906.25,19531.25,84960.9375,3000.0
46875.0,4882.8125,37109.375,2000.0
976.5625,57617.1875,66406.25,2000.0
102539.0625,62500.0,48828.125,2000.0
116210.9375,75195.3125,10742.1875,2000.0
74218.75,4882.8125,55664.0625,2000.0
34179.6875,26367.1875,45898.4375,2000.0
35156.25,72265.625,7812.5,2000.0
79101.5625,116210.9375,52734.375,2000.0
119140.625,976.5625,96679.6875,2000.0
14648.4375,67382.8125,62500.0,2000.0
117187.5,116210.9375,20507.8125,2000.0
115234.375,74218.75,6835.9375,2000.0
49804.6875,25390.625,20507.8125,2000.0
47851.5625,83984.375,78125.0,2000.0
113281.25,115234.375,59570.3125,2000.0
116210.9375,11718.75,75195.3125,2000.0
56640.625,58593.75,85937.5,2000.0
121093.75,62500.0,93750.0,2000.0
115234.375,71289.0625,3906.25,2000.0
115234.375,30273.4375,56640.625,2000.0
33203.125,70312.5,15625.0,2000.0
16601.5625,79101.5625,37109.375,2000.0
51757.8125,112304.6875,32226.5625,2000.0
21484.375,44921.875,35156.25,2000.0
85937.5,16601.5625,12695.3125,2000.0
79101.5625,61523.4375,84960.9375,2000.0
7812.5,49804.6875,100585.9375,2000.0
100585.9375,74218.75,67382.8125,2000.0
87890.625,33203.125,69335.9375,2000.0
24414.0625,976.5625,104492.1875,2000.0
110351.5625,121093.75,41015.625,2000.0
35156.25,71289.0625,11718.75,2000.0
37109.375,24414.0625,47851.5625,2000.0
13671.875,6835.9375,123046.875,2000.0
115234.375,13671.875,79101.5625,2000.0
98632.8125,122070.3125,32226.5625,2000.0
76171.875,44921.875,9765.625,2000.0
104492.1875,120117.1875,31250.0,2000.0
24414.0625,77148.4375,18554.6875,2000.0
124023.4375,0.0,66406.25,2000.0
117187.5,45898.4375,14648.4375,2000.0
72265.625,75195.3125,102539.0625,2000.0
37109.375,69335.9375,7812.5,2000.0
37109.375,18554.6875,29296.875,2000.0
101562.5,90820.3125,114257.8125,2000.0
70312.5,10742.1875,119140.625,2000.0
37109.375,2929.6875,47851.5625,2000.0
87890.625,83984.375,88867.1875,2000.0
28320.3125,124023.4375,71289.0625,2000.0
101562.5,115234.375,103515.625,2000.0
45898.4375,106445.3125,39062.5,2000.0
85937.5,68359.375,87890.625,2000.0
24414.0625,44921.875,40039.0625,2000.0
118164.0625,42968.75,98632.8125,2000.0
15625.0,97656.25,114257.8125,2000.0
109375.0,91796.875,72265.625,2000.0
110351.5625,114257.8125,25390.625,2000.0
95703.125,7812.5,106445.3125,2000.0
47851.5625,48828.125,41015.625,2000.0
3906.25,117187.5,42968.75,2000.0
75195.3125,77148.4375,101562.5,2000.0
14648.4375,87890.625,113281.25,2000.0
53710.9375,115234.375,27343.75,2000.0
11718.75,122070.3125,60546.875,2000.0
56640.625,59570.3125,116210.9375,2000.0
32226.5625,102539.0625,44921.875,2000.0
63476.5625,82031.25,6835.9375,2000.0
56640.625,75195.3125,64453.125,2000.0
108398.4375,114257.8125,2929.6875,2000.0
79101.5625,41992.1875,42968.75,2000.0
14648.4375,81054.6875,2929.6875,2000.0
5859.375,36132.8125,75195.3125,2000.0
38085.9375,115234.375,95703.125,2000.0
72265.625,52734.375,86914.0625,2000.0
11718.75,39062.5,122070.3125,2000.0
90820.3125,107421.875,16601.5625,2000.0
41992.1875,100585.9375,99609.375,2000.0
18554.6875,111328.125,25390.625,2000.0
101562.5,61523.4375,60546.875,2000.0
110351.5625,57617.1875,121093.75,2000.0
19531.25,11718.75,49804.6875,2000.0
41015.625,75195.3125,46875.0,2000.0
54687.5,119140.625,17578.125,2000.0
69335.9375,100585.9375,9765.625,2000.0
39062.5,32226.5625,32226.5625,2000.0
13671.875,24414.0625,114257.8125,2000.0
976.5625,99609.375,37109.375,2000.0
39062.5,122070.3125,20507.8125,2000.0
50781.25,83007.8125,114257.8125,2000.0
81054.6875,81054.6875,88867.1875,2000.0
77148.4375,93750.0,19531.25,2000.0
105468.75,104492.1875,101562.5,2000.0
14648.4375,99609.375,108398.4375,2000.0
35156.25,23437.5,43945.3125,2000.0
54687.5,123046.875,27343.75,2000.0
52734.375,42968.75,25390.625,2000.0
77148.4375,13671.875,79101.5625,2000.0
101562.5,116210.9375,107421.875,2000.0
69335.9375,42968.75,20507.8125,2000.0
7812.5,7812.5,32226.5625,2000.0
37109.375,89843.75,59570.3125,2000.0
116210.9375,71289.0625,0.0,2000.0
110351.5625,114257.8125,103515.625,2000.0
43945.3125,123046.875,12695.3125,2000.0
92773.4375,70312.5,20507.8125,2000.0
26367.1875,55664.0625,112304.6875,2000.0
114257.8125,66406.25,41015.625,2000.0
113281.25,41992.1875,79101.5625,2000.0
62500.0,78125.0,5859.375,2000.0
29296.875,110351.5625,65429.6875,2000.0
19531.25,14648.4375,46875.0,2000.0
97656.25,65429.6875,14648.4375,2000.0
108398.4375,122070.3125,15625.0,2000.0
82031.25,31250.0,37109.375,2000.0
98632.8125,112304.6875,66406.25,2000.0
99609.375,62500.0,50781.25,2000.0
26367.1875,114257.8125,68359.375,2000.0
79101.5625,22460.9375,92773.4375,2000.0
96679.6875,35156.25,122070.3125,2000.0
46875.0,81054.6875,76171.875,2000.0
91796.875,38085.9375,92773.4375,2000.0
40039.0625,9765.625,32226.5625,2000.0
18554.6875,96679.6875,119140.625,2000.0
39062.5,111328.125,100585.9375,2000.0
4882.8125,9765.625,20507.8125,2000.0
57617.1875,121093.75,19531.25,2000.0
29296.875,114257.8125,58593.75,2000.0
47851.5625,112304.6875,64453.125,2000.0
57617.1875,117187.5,18554.6875,2000.0
56640.625,34179.6875,41992.1875,2000.0
5859.375,50781.25,108398.4375,2000.0
111328.125,47851.5625,39062.5,2000.0
113281.25,49804.6875,55664.0625,2000.0
22460.9375,106445.3125,98632.8125,2000.0
90820.3125,117187.5,83984.375,2000.0
84960.9375,7812.5,57617.1875,2000.0
82031.25,38085.9375,976.5625,2000.0
55664.0625,16601.5625,64453.125,2000.0
113281.25,121093.75,59570.3125,2000.0
78125.0,41015.625,93750.0,2000.0
5859.375,6835.9375,47851.5625,2000.0
102539.0625,100585.9375,72265.625,2000.0
119140.625,48828.125,90820.3125,2000.0
95703.125,115234.375,114257.8125,2000.0
102539.0625,37109.375,53710.9375,2000.0
72265.625,31250.0,124023.4375,2000.0
41015.625,17578.125,2929.6875,2000.0
84960.9375,52734.375,4882.8125,2000.0
75195.3125,93750.0,101562.5,2000.0
81054.6875,31250.0,5859.375,2000.0
50781.25,45898.4375,103515.625,2000.0
25390.625,64453.125,89843.75,2000.0
67382.8125,1953.125,6835.9375,2000.0
82031.25,5859.375,66406.25,2000.0
95703.125,116210.9375,62500.0,2000.0
112304.6875,119140.625,111328.125,2000.0
116210.9375,73242.1875,13671.875,2000.0
77148.4375,69335.9375,124023.4375,2000.0
42968.75,108398.4375,38085.9375,2000.0
58593.75,99609.375,79101.5625,2000.0
104492.1875,42968.75,105468.75,2000.0
12695.3125,109375.0,52734.375,2000.0
0.0,9765.625,99609.375,2000.0
16601.5625,88867.1875,66406.25,2000.0
31250.0,13671.875,61523.4375,2000.0
99609.375,41015.625,109375.0,2000.0
14648.4375,13671.875,15625.0,2000.0
23437.5,72265.625,61523.4375,2000.0
15625.0,6835.9375,116210.9375,2000.0
73242.1875,20507.8125,38085.9375,2000.0
15625.0,94726.5625,9765.625,2000.0
71289.0625,38085.9375,52734.375,2000.0
35156.25,100585.9375,58593.75,2000.0
40039.0625,67382.8125,39062.5,2000.0
86914.0625,16601.5625,30273.4375,2000.0
20507.8125,94726.5625,73242.1875,2000.0
102539.0625,16601.5625,117187.5,2000.0
65429.6875,56640.625,93750.0,2000.0
71289.0625,53710.9375,76171.875,2000.0
30273.4375,106445.3125,65429.6875,2000.0
56640.625,21484.375,100585.9375,2000.0
111328.125,71289.0625,23437.5,2000.0
106445.3125,121093.75,50781.25,2000.0
976.5625,121093.75,28320.3125,2000.0
118164.0625,60546.875,95703.125,2000.0
78125.0,117187.5,40039.0625,2000.0
20507.8125,17578.125,6835.9375,2000.0
61523.4375,19531.25,48828.125,2000.0
99609.375,9765.625,105468.75,2000.0
53710.9375,113281.25,41992.1875,2000.0
50781.25,36132.8125,42968.75,2000.0
68359.375,94726.5625,11718.75,2000.0
4882.8125,110351.5625,3906.25,2000.0
13671.875,106445.3125,101562.5,2000.0
7812.5,101562.5,53710.9375,2000.0
2929.6875,71289.0625,15625.0,2000.0
116210.9375,30273.4375,4882.8125,2000.0
97656.25,27343.75,34179.6875,2000.0
68359.375,59570.3125,118164.0625,2000.0
117187.5,80078.125,9765.625,2000.0
62500.0,70312.5,43945.3125,2000.0
73242.1875,113281.25,90820.3125,2000.0
63476.5625,123046.875,41015.625,2000.0
122070.3125,83984.375,5859.375,2000.0
7812.5,6835.9375,112304.6875,2000.0
60546.875,17578.125,74218.75,2000.0
57617.1875,0.0,45898.4375,2000.0
8789.0625,47851.5625,121093.75,2000.0
115234.375,55664.0625,72265.625,2000.0
8789.0625,4882.8125,48828.125,2000.0
33203.125,29296.875,100585.9375,2000.0
36132.8125,121093.75,4882.8125,2000.0
118164.0625,98632.8125,95703.125,2000.0
59570.3125,112304.6875,23437.5,2000.0
27343.75,63476.5625,976.5625,2000.0
114257.8125,41015.625,58593.75,2000.0
23437.5,105468.75,56640.625,2000.0
2929.6875,82031.25,6835.9375,2000.0
24414.0625,74218.75,64453.125,2000.0
5859.375,28320.3125,29296.875,2000.0
116210.9375,69335.9375,38085.9375,2000.0
119140.625,112304.6875,33203.125,2000.0
45898.4375,19531.25,79101.5625,2000.0
14648.4375,41015.625,94726.5625,2000.0
75195.3125,26367.1875,97656.25,2000.0
115234.375,50781.25,20507.8125,2000.0
73242.1875,68359.375,14648.4375,2000.0
11718.75,63476.5625,16601.5625,2000.0
91796.875,1953.125,5859.375,2000.0
26367.1875,3906.25,69335.9375,2000.0
5859.375,2929.6875,48828.125,2000.0
37109.375,58593.75,95703.125,2000.0
13671.875,93750.0,112304.6875,2000.0
33203.125,61523.4375,7812.5,2000.0
14648.4375,21484.375,70312.5,2000.0
19531.25,48828.125,39062.5,2000.0
33203.125,18554.6875,116210.9375,2000.0
71289.0625,61523.4375,33203.125,2000.0
49804.6875,19531.25,70312.5,2000.0
38085.9375,47851.5625,124023.4375,2000.0
105468.75,62500.0,28320.3125,2000.0
64453.125,98632.8125,26367.1875,2000.0
95703.125,37109.375,105468.75,2000.0
115234.375,77148.4375,81054.6875,2000.0
41015.625,109375.0,114257.8125,2000.0
65429.6875,27343.75,117187.5,2000.0
92773.4375,123046.875,78125.0,2000.0
117187.5,94726.5625,83007.8125,2000.0
107421.875,55664.0625,96679.6875,2000.0
118164.0625,122070.3125,11718.75,2000.0
70312.5,6835.9375,10742.1875,2000.0
48828.125,87890.625,117187.5,2000.0
17578.125,109375.0,21484.375,2000.0
95703.125,15625.0,36132.8125,2000.0
79101.5625,117187.5,48828.125,2000.0
5859.375,45898.4375,40039.0625,2000.0
67382.8125,976.5625,51757.8125,2000.0
61523.4375,39062.5,83984.375,2000.0
17578.125,91796.875,71289.0625,2000.0
120117.1875,16601.5625,115234.375,2000.0
41015.625,116210.9375,41992.1875,2000.0
120117.1875,3906.25,98632.8125,2000.0
36132.8125,76171.875,66406.25,2000.0
88867.1875,70312.5,23437.5,2000.0
104492.1875,94726.5625,98632.8125,2000.0
62500.0,67382.8125,92773.4375,2000.0
7812.5,75195.3125,36132.8125,2000.0
74218.75,4882.8125,38085.9375,2000.0
51757.8125,89843.75,88867.1875,2000.0
67382.8125,41992.1875,68359.375,2000.0
51757.8125,105468.75,62500.0,2000.0
21484.375,107421.875,42968.75,2000.0
61523.4375,92773.4375,39062.5,2000.0
41992.1875,32226.5625,28320.3125,2000.0
101562.5,62500.0,71289.0625,2000.0
85937.5,119140.625,54687.5,2000.0
64453.125,121093.75,27343.75,2000.0
23437.5,59570.3125,91796.875,2000.0
13671.875,41992.1875,123046.875,2000.0
15625.0,68359.375,68359.375,2000.0
38085.9375,57617.1875,29296.875,2000.0
43945.3125,11718.75,10742.1875,2000.0
83984.375,12695.3125,11718.75,2000.0
105468.75,112304.6875,5859.375,2000.0
115234.375,37109.375,4882.8125,2000.0
19531.25,34179.6875,97656.25,2000.0
19531.25,16601.5625,49804.6875,2000.0
76171.875,43945.3125,39062.5,2000.0
14648.4375,11718.75,25390.625,2000.0
29296.875,72265.625,81054.6875,2000.0
103515.625,72265.625,18554.6875,2000.0
103515.625,83984.375,72265.625,2000.0
115234.375,114257.8125,67382.8125,2000.0
68359.375,124023.4375,36132.8125,2000.0
26367.1875,3906.25,79101.5625,2000.0
67382.8125,97656.25,9765.625,2000.0
0.0,51757.8125,976.5625,2000.0
111328.125,66406.25,96679.6875,2000.0
39062.5,118164.0625,87890.625,2000.0
93750.0,31250.0,48828.125,2000.0
976.5625,94726.5625,40039.0625,2000.0
61523.4375,21484.375,76171.875,2000.0
52734.375,3906.25,81054.6875,2000.0
58593.75,21484.375,79101.5625,2000.0
20507.8125,76171.875,26367.1875,2000.0
13671.875,118164.0625,61523.4375,2000.0
109375.0,57617.1875,19531.25,2000.0
60546.875,33203.125,80078.125,2000.0
26367.1875,105468.75,40039.0625,2000.0
101562.5,113281.25,100585.9375,2000.0
52734.375,107421.875,107421.875,2000.0
56640.625,114257.8125,68359.375,2000.0
118164.0625,76171.875,97656.25,2000.0
41015.625,124023.4375,63476.5625,2000.0
43945.3125,8789.0625,51757.8125,2000.0
14648.4375,62500.0,55664.0625,2000.0
69335.9375,72265.625,99609.375,2000.0
99609.375,6835.9375,46875.0,2000.0
10742.1875,114257.8125,26367.1875,2000.0
6835.9375,3906.25,44921.875,2000.0
58593.75,105468.75,52734.375,2000.0
43945.3125,62500.0,39062.5,2000.0
105468.75,87890.625,83984.375,2000.0
1953.125,104492.1875,23437.5,2000.0
124023.4375,54687.5,120117.1875,2000.0
76171.875,9765.625,45898.4375,2000.0
89843.75,44921.875,63476.5625,2000.0
108398.4375,37109.375,10742.1875,2000.0
80078.125,45898.4375,83984.375,2000.0
58593.75,78125.0,46875.0,2000.0
104492.1875,66406.25,29296.875,2000.0
19531.25,34179.6875,115234.375,2000.0
55664.0625,74218.75,7812.5,2000.0
94726.5625,46875.0,99609.375,2000.0
66406.25,20507.8125,80078.125,2000.0
77148.4375,41992.1875,81054.6875,2000.0
105468.75,42968.75,7812.5,2000.0
0.0,123046.875,80078.125,2000.0
81054.6875,15625.0,37109.375,2000.0
18554.6875,83984.375,109375.0,2000.0
76171.875,5859.375,95703.125,2000.0
120117.1875,112304.6875,44921.875,2000.0
75195.3125,76171.875,3906.25,2000.0
114257.8125,118164.0625,77148.4375,2000.0
61523.4375,107421.875,2929.6875,2000.0
96679.6875,41015.625,113281.25,2000.0
81054.6875,39062.5,85937.5,2000.0
107421.875,119140.625,85937.5,2000.0
47851.5625,116210.9375,82031.25,2000.0
106445.3125,67382.8125,119140.625,2000.0
69335.9375,9765.625,8789.0625,2000.0
74218.75,51757.8125,76171.875,2000.0
5859.375,3906.25,66406.25,2000.0
976.5625,88867.1875,109375.0,2000.0
105468.75,108398.4375,113281.25,2000.0
24414.0625,42968.75,36132.8125,2000.0
57617.1875,45898.4375,101562.5,2000.0
118164.0625,7812.5,73242.1875,2000.0
7812.5,46875.0,114257.8125,2000.0
19531.25,1953.125,111328.125,2000.0
12695.3125,29296.875,60546.875,2000.0
34179.6875,50781.25,32226.5625,2000.0
96679.6875,73242.1875,66406.25,2000.0
55664.0625,13671.875,97656.25,2000.0
27343.75,121093.75,69335.9375,2000.0
53710.9375,109375.0,42968.75,2000.0
34179.6875,19531.25,32226.5625,2000.0
35156.25,72265.625,32226.5625,2000.0
22460.9375,9765.625,63476.5625,2000.0
69335.9375,32226.5625,22460.9375,2000.0
27343.75,99609.375,71289.0625,2000.0
99609.375,102539.0625,13671.875,2000.0
124023.4375,110351.5625,36132.8125,2000.0
20507.8125,62500.0,105468.75,2000.0
59570.3125,102539.0625,42968.75,2000.0
44921.875,35156.25,15625.0,2000.0
113281.25,63476.5625,98632.8125,2000.0
109375.0,44921.875,39062.5,2000.0
8789.0625,38085.9375,120117.1875,2000.0
36132.8125,116210.9375,43945.3125,2000.0
26367.1875,27343.75,102539.0625,2000.0
68359.375,58593.75,27343.75,2000.0
113281.25,123046.875,107421.875,2000.0
68359.375,976.5625,62500.0,2000.0
29296.875,61523.4375,13671.875,2000.0
106445.3125,77148.4375,11718.75,2000.0
72265.625,52734.375,31250.0,2000.0
14648.4375,976.5625,62500.0,2000.0
111328.125,51757.8125,33203.125,2000.0
60546.875,28320.3125,16601.5625,2000.0
64453.125,108398.4375,21484.375,2000.0
74218.75,118164.0625,31250.0,2000.0
15625.0,98632.8125,19531.25,2000.0
23437.5,79101.5625,86914.0625,2000.0
0.0,58593.75,91796.875,2000.0
99609.375,120117.1875,75195.3125,2000.0
33203.125,103515.625,58593.75,2000.0
49804.6875,120117.1875,57617.1875,2000.0
115234.375,119140.625,109375.0,2000.0
120117.1875,61523.4375,49804.6875,2000.0
22460.9375,40039.0625,1953.125,2000.0
107421.875,19531.25,123046.875,2000.0
87890.625,82031.25,102539.0625,2000.0
95703.125,7812.5,30273.4375,2000.0
976.5625,115234.375,4882.8125,2000.0
81054.6875,100585.9375,2929.6875,2000.0
119140.625,56640.625,73242.1875,2000.0
3906.25,2929.6875,63476.5625,2000.0
81054.6875,50781.25,65429.6875,2000.0
38085.9375,34179.6875,7812.5,2000.0
68359.375,103515.625,82031.25,2000.0
8789.0625,112304.6875,22460.9375,2000.0
86914.0625,64453.125,87890.625,2000.0
72265.625,74218.75,98632.8125,2000.0
60546.875,100585.9375,33203.125,2000.0
88867.1875,41015.625,56640.625,2000.0
103515.625,79101.5625,111328.125,2000.0
976.5625,59570.3125,75195.3125,2000.0
124023.4375,89843.75,7812.5,2000.0
42968.75,106445.3125,83007.8125,2000.0
61523.4375,56640.625,46875.0,2000.0
36132.8125,16601.5625,18554.6875,2000.0
77148.4375,19531.25,94726.5625,2000.0
46875.0,90820.3125,117187.5,2000.0
18554.6875,24414.0625,56640.625,2000.0
93750.0,61523.4375,50781.25,2000.0
72265.625,59570.3125,47851.5625,2000.0
100585.9375,27343.75,65429.6875,2000.0
51757.8125,63476.5625,111328.125,2000.0
62500.0,116210.9375,53710.9375,2000.0
100585.9375,21484.375,124023.4375,2000.0
27343.75,71289.0625,93750.0,2000.0
9765.625,68359.375,36132.8125,2000.0
30273.4375,15625.0,10742.1875,2000.0
29296.875,5859.375,22460.9375,2000.0
29296.875,16601.5625,70312.5,2000.0
71289.0625,109375.0,97656.25,2000.0
30273.4375,40039.0625,1953.125,2000.0
21484.375,2929.6875,100585.9375,2000.0
32226.5625,121093.75,17578.125,2000.0
65429.6875,103515.625,103515.625,2000.0
48828.125,89843.75,84960.9375,2000.0
12695.3125,14648.4375,71289.0625,2000.0
45898.4375,105468.75,112304.6875,2000.0
115234.375,121093.75,13671.875,2000.0
79101.5625,54687.5,64453.125,2000.0
6835.9375,83007.8125,54687.5,2000.0
102539.0625,87890.625,108398.4375,2000.0
976.5625,59570.3125,50781.25,2000.0
5859.375,93750.0,89843.75,2000.0
118164.0625,54687.5,2929.6875,2000.0
106445.3125,37109.375,40039.0625,2000.0
73242.1875,1953.125,75195.3125,2000.0
35156.25,6835.9375,110351.5625,2000.0
49804.6875,81054.6875,98632.8125,2000.0
83984.375,82031.25,90820.3125,2000.0
44921.875,66406.25,33203.125,2000.0
72265.625,99609.375,106445.3125,2000.0
97656.25,69335.9375,23437.5,2000.0
118164.0625,3906.25,60546.875,2000.0
33203.125,77148.4375,104492.1875,2000.0
26367.1875,122070.3125,74218.75,2000.0
29296.875,58593.75,39062.5,2000.0
63476.5625,16601.5625,100585.9375,2000.0
96679.6875,123046.875,15625.0,2000.0
29296.875,109375.0,49804.6875,2000.0
87890.625,118164.0625,28320.3125,2000.0
50781.25,6835.9375,68359.375,2000.0
23437.5,9765.625,59570.3125,2000.0
116210.9375,25390.625,73242.1875,2000.0
1953.125,61523.4375,65429.6875,2000.0
51757.8125,5859.375,93750.0,2000.0
111328.125,110351.5625,84960.9375,2000.0
120117.1875,44921.875,91796.875,2000.0
976.5625,23437.5,42968.75,2000.0
87890.625,18554.6875,15625.0,2000.0
124023.4375,71289.0625,59570.3125,2000.0
103515.625,59570.3125,73242.1875,2000.0
51757.8125,99609.375,38085.9375,2000.0
62500.0,86914.0625,115234.375,2000.0
67382.8125,47851.5625,102539.0625,2000.0
68359.375,87890.625,108398.4375,2000.0
83007.8125,35156.25,2929.6875,2000.0
37109.375,31250.0,35156.25,2000.0
116210.9375,96679.6875,72265.625,2000.0
104492.1875,5859.375,18554.6875,2000.0
15625.0,33203.125,113281.25,2000.0
0.0,22460.9375,83007.8125,2000.0
75195.3125,71289.0625,37109.375,2000.0
7812.5,50781.25,123046.875,2000.0
976.5625,3906.25,25390.625,2000.0
66406.25,78125.0,104492.1875,2000.0
73242.1875,53710.9375,56640.625,2000.0
35156.25,109375.0,86914.0625,2000.0
16601.5625,3906.25,112304.6875,2000.0
6835.9375,37109.375,68359.375,2000.0
97656.25,7812.5,4882.8125,2000.0
78125.0,2929.6875,68359.375,2000.0
102539.0625,65429.6875,0.0,2000.0
16601.5625,99609.375,104492.1875,2000.0
50781.25,60546.875,104492.1875,2000.0
8789.0625,13671.875,72265.625,2000.0
108398.4375,47851.5625,41015.625,2000.0
53710.9375,67382.8125,79101.5625,2000.0
9765.625,15625.0,110351.5625,2000.0
16601.5625,9765.625,118164.0625,2000.0
92773.4375,51757.8125,91796.875,2000.0
54687.5,41015.625,90820.3125,2000.0
120117.1875,92773.4375,121093.75,2000.0
106445.3125,22460.9375,89843.75,2000.0
99609.375,30273.4375,122070.3125,2000.0
3906.25,31250.0,25390.625,2000.0
65429.6875,23437.5,112304.6875,2000.0
102539.0625,16601.5625,69335.9375,2000.0
9765.625,74218.75,110351.5625,2000.0
1953.125,72265.625,58593.75,2000.0
71289.0625,99609.375,62500.0,2000.0
89843.75,52734.375,121093.75,2000.0
78125.0,58593.75,86914.0625,2000.0
66406.25,102539.0625,9765.625,2000.0
33203.125,2929.6875,2929.6875,2000.0
15625.0,67382.8125,72265.625,2000.0
18554.6875,14648.4375,1953.125,2000.0
19531.25,48828.125,43945.3125,2000.0
85937.5,2929.6875,9765.625,2000.0
100585.9375,79101.5625,123046.875,2000.0
1953.125,26367.1875,83007.8125,2000.0
6835.9375,14648.4375,37109.375,2000.0
46875.0,75195.3125,1953.125,2000.0
39062.5,93750.0,76171.875,2000.0
88867.1875,98632.8125,72265.625,2000.0
66406.25,94726.5625,50781.25,2000.0
18554.6875,83007.8125,122070.3125,2000.0
39062.5,66406.25,101562.5,2000.0
54687.5,8789.0625,12695.3125,2000.0
1953.125,41015.625,52734.375,2000.0
80078.125,78125.0,3906.25,2000.0
91796.875,105468.75,110351.5625,2000.0
24414.0625,79101.5625,96679.6875,2000.0
13671.875,110351.5625,12695.3125,2000.0
89843.75,26367.1875,9765.625,2000.0
24414.0625,38085.9375,109375.0,2000.0
4882.8125,52734.375,114257.8125,2000.0
9765.625,54687.5,12695.3125,2000.0
57617.1875,11718.75,21484.375,2000.0
77148.4375,10742.1875,100585.9375,2000.0
8789.0625,29296.875,121093.75,2000.0
62500.0,107421.875,24414.0625,2000.0
11718.75,45898.4375,12695.3125,2000.0
47851.5625,108398.4375,69335.9375,2000.0
6835.9375,88867.1875,86914.0625,2000.0
96679.6875,12695.3125,38085.9375,2000.0
59570.3125,63476.5625,74218.75,2000.0
64453.125,93750.0,106445.3125,2000.0
82031.25,73242.1875,23437.5,2000.0
95703.125,117187.5,66406.25,2000.0
16601.5625,27343.75,110351.5625,2000.0
117187.5,124023.4375,47851.5625,2000.0
112304.6875,10742.1875,60546.875,2000.0
108398.4375,91796.875,90820.3125,2000.0
51757.8125,63476.5625,49804.6875,2000.0
48828.125,112304.6875,80078.125,2000.0
24414.0625,17578.125,79101.5625,2000.0
70312.5,119140.625,52734.375,2000.0
38085.9375,79101.5625,65429.6875,2000.0
48828.125,55664.0625,42968.75,2000.0
58593.75,117187.5,53710.9375,2000.0
19531.25,120117.1875,31250.0,2000.0
42968.75,124023.4375,107421.875,2000.0
26367.1875,976.5625,88867.1875,2000.0
121093.75,112304.6875,113281.25,2000.0
1953.125,21484.375,61523.4375,2000.0
9765.625,0.0,82031.25,2000.0
12695.3125,79101.5625,108398.4375,2000.0
6835.9375,91796.875,39062.5,2000.0
30273.4375,60546.875,5859.375,2000.0
60546.875,34179.6875,52734.375,2000.0
30273.4375,66406.25,34179.6875,2000.0
14648.4375,26367.1875,60546.875,2000.0
42968.75,98632.8125,96679.6875,2000.0
102539.0625,29296.875,108398.4375,2000.0
56640.625,976.5625,83007.8125,2000.0
91796.875,89843.75,85937.5,2000.0
25390.625,17578.125,73242.1875,2000.0
2929.6875,115234.375,110351.5625,2000.0
65429.6875,88867.1875,71289.0625,2000.0
87890.625,9765.625,64453.125,2000.0
123046.875,27343.75,15625.0,2000.0
121093.75,6835.9375,69335.9375,2000.0
41015.625,15625.0,69335.9375,2000.0
93750.0,1953.125,108398.4375,2000.0
61523.4375,71289.0625,118164.0625,2000.0
42968.75,63476.5625,1953.125,2000.0
13671.875,97656.25,91796.875,2000.0
77148.4375,69335.9375,22460.9375,2000.0
109375.0,9765.625,63476.5625,2000.0
76171.875,75195.3125,8789.0625,2000.0
20507.8125,81054.6875,50781.25,2000.0
45898.4375,14648.4375,63476.5625,2000.0
43945.3125,29296.875,96679.6875,2000.0
74218.75,75195.3125,112304.6875,2000.0
58593.75,16601.5625,71289.0625,2000.0
8789.0625,7812.5,70312.5,2000.0
111328.125,5859.375,65429.6875,2000.0
85937.5,45898.4375,1953.125,2000.0
47851.5625,13671.875,78125.0,2000.0
114257.8125,117187.5,49804.6875,2000.0
57617.1875,52734.375,29296.875,2000.0
31250.0,74218.75,77148.4375,2000.0
114257.8125,44921.875,36132.8125,2000.0
11718.75,29296.875,88867.1875,2000.0
116210.9375,91796.875,90820.3125,2000.0
62500.0,36132.8125,57617.1875,2000.0
64453.125,27343.75,30273.4375,2000.0
7812.5,63476.5625,15625.0,2000.0
54687.5,94726.5625,119140.625,2000.0
72265.625,51757.8125,16601.5625,2000.0
57617.1875,115234.375,121093.75,2000.0
124023.4375,92773.4375,28320.3125,2000.0
26367.1875,24414.0625,49804.6875,2000.0
79101.5625,44921.875,6835.9375,2000.0
69335.9375,73242.1875,105468.75,2000.0
85937.5,68359.375,68359.375,2000.0
76171.875,107421.875,60546.875,2000.0
52734.375,23437.5,21484.375,2000.0
66406.25,103515.625,14648.4375,2000.0
54687.5,90820.3125,40039.0625,2000.0
112304.6875,5859.375,59570.3125,2000.0
18554.6875,1953.125,104492.1875,2000.0
66406.25,15625.0,106445.3125,2000.0
90820.3125,33203.125,50781.25,2000.0
88867.1875,30273.4375,71289.0625,2000.0
108398.4375,18554.6875,90820.3125,2000.0
124023.4375,17578.125,111328.125,2000.0
99609.375,50781.25,113281.25,2000.0
37109.375,34179.6875,40039.0625,2000.0
90820.3125,64453.125,78125.0,2000.0
119140.625,15625.0,41992.1875,2000.0
103515.625,68359.375,93750.0,2000.0
75195.3125,51757.8125,88867.1875,2000.0
97656.25,106445.3125,109375.0,2000.0
34179.6875,62500.0,93750.0,2000.0
28320.3125,20507.8125,39062.5,2000.0
15625.0,121093.75,1953.125,2000.0
12695.3125,37109.375,51757.8125,2000.0
101562.5,86914.0625,115234.375,2000.0
102539.0625,27343.75,17578.125,2000.0
74218.75,95703.125,22460.9375,2000.0
52734.375,49804.6875,43945.3125,2000.0
73242.1875,3906.25,66406.25,2000.0
52734.375,27343.75,23437.5,2000.0
40039.0625,17578.125,57617.1875,2000.0
976.5625,101562.5,34179.6875,2000.0
83984.375,49804.6875,79101.5625,2000.0
72265.625,80078.125,29296.875,2000.0
62500.0,97656.25,29296.875,2000.0
79101.5625,71289.0625,29296.875,2000.0
41015.625,68359.375,86914.0625,2000.0
83007.8125,117187.5,29296.875,2000.0
95703.125,39062.5,44921.875,2000.0
64453.125,124023.4375,78125.0,2000.0
87890.625,51757.8125,46875.0,2000.0
82031.25,99609.375,7812.5,2000.0
54687.5,118164.0625,11718.75,2000.0
53710.9375,69335.9375,73242.1875,2000.0
10742.1875,20507.8125,72265.625,2000.0
38085.9375,73242.1875,101562.5,2000.0
92773.4375,113281.25,66406.25,2000.0
68359.375,976.5625,121093.75,2000.0
6835.9375,101562.5,113281.25,2000.0
5859.375,22460.9375,18554.6875,2000.0
52734.375,117187.5,3906.25,2000.0
121093.75,4882.8125,81054.6875,2000.0
58593.75,96679.6875,65429.6875,2000.0
19531.25,23437.5,117187.5,2000.0
91796.875,19531.25,22460.9375,2000.0
29296.875,102539.0625,103515.625,2000.0
44921.875,113281.25,121093.75,2000.0
51757.8125,109375.0,34179.6875,2000.0
103515.625,31250.0,12695.3125,2000.0
87890.625,17578.125,93750.0,2000.0
92773.4375,80078.125,82031.25,2000.0
54687.5,23437.5,63476.5625,2000.0
1953.125,51757.8125,109375.0,2000.0
0.0,63476.5625,57617.1875,2000.0
88867.1875,21484.375,48828.125,2000.0
90820.3125,2929.6875,39062.5,2000.0
113281.25,2929.6875,65429.6875,2000.0
113281.25,49804.6875,29296.875,2000.0
111328.125,16601.5625,115234.375,2000.0
65429.6875,3906.25,27343.75,2000.0
60546.875,0.0,19531.25,2000.0
90820.3125,106445.3125,8789.0625,2000.0
41992.1875,35156.25,41015.625,2000.0
48828.125,70312.5,9765.625,2000.0
8789.0625,56640.625,74218.75,2000.0
92773.4375,68359.375,23437.5,2000.0
27343.75,3906.25,115234.375,2000.0
82031.25,40039.0625,101562.5,2000.0
70312.5,33203.125,46875.0,2000.0
83984.375,55664.0625,42968.75,2000.0
8789.0625,111328.125,9765.625,2000.0
114257.8125,106445.3125,104492.1875,2000.0
105468.75,1953.125,48828.125,2000.0
4882.8125,90820.3125,8789.0625,2000.0
103515.625,91796.875,92773.4375,2000.0
117187.5,82031.25,91796.875,2000.0
5859.375,25390.625,84960.9375,2000.0
109375.0,36132.8125,89843.75,2000.0
38085.9375,101562.5,61523.4375,2000.0
32226.5625,16601.5625,94726.5625,2000.0
71289.0625,54687.5,90820.3125,2000.0
53710.9375,103515.625,46875.0,2000.0
66406.25,120117.1875,88867.1875,2000.0
11718.75,27343.75,76171.875,2000.0
75195.3125,113281.25,51757.8125,2000.0
115234.375,10742.1875,123046.875,2000.0
75195.3125,56640.625,34179.6875,2000.0
70312.5,39062.5,74218.75,2000.0
71289.0625,2929.6875,54687.5,2000.0
77148.4375,19531.25,86914.0625,2000.0
9765.625,62500.0,26367.1875,2000.0
27343.75,83007.8125,118164.0625,2000.0
96679.6875,48828.125,80078.125,2000.0
71289.0625,36132.8125,49804.6875,2000.0
113281.25,38085.9375,74218.75,2000.0
976.5625,53710.9375,116210.9375,2000.0
105468.75,101562.5,14648.4375,2000.0
105468.75,29296.875,28320.3125,2000.0
114257.8125,88867.1875,102539.0625,2000.0
51757.8125,57617.1875,99609.375,2000.0
64453.125,73242.1875,46875.0,2000.0
98632.8125,115234.375,21484.375,2000.0
36132.8125,23437.5,88867.1875,2000.0
33203.125,108398.4375,101562.5,2000.0
28320.3125,5859.375,119140.625,2000.0
70312.5,9765.625,95703.125,2000.0
11718.75,112304.6875,1953.125,2000.0
93750.0,67382.8125,18554.6875,2000.0
47851.5625,114257.8125,114257.8125,2000.0
96679.6875,88867.1875,74218.75,2000.0
41992.1875,41992.1875,113281.25,2000.0
53710.9375,40039.0625,9765.625,2000.0
51757.8125,88867.1875,39062.5,2000.0
99609.375,110351.5625,17578.125,2000.0
77148.4375,57617.1875,72265.625,2000.0
107421.875,15625.0,18554.6875,2000.0
97656.25,976.5625,58593.75,2000.0
70312.5,99609.375,101562.5,2000.0
13671.875,101562.5,17578.125,2000.0
70312.5,32226.5625,18554.6875,2000.0
0.0,25390.625,11718.75,2000.0
73242.1875,36132.8125,106445.3125,2000.0
76171.875,24414.0625,36132.8125,2000.0
107421.875,66406.25,31250.0,2000.0
111328.125,50781.25,41015.625,2000.0
85937.5,101562.5,79101.5625,2000.0
29296.875,76171.875,25390.625,2000.0
5859.375,49804.6875,97656.25,2000.0
14648.4375,108398.4375,43945.3125,2000.0
41015.625,5859.375,38085.9375,2000.0
33203.125,22460.9375,41015.625,2000.0
109375.0,33203.125,19531.25,2000.0
79101.5625,93750.0,73242.1875,2000.0
12695.3125,8789.0625,99609.375,2000.0
75195.3125,75195.3125,29296.875,2000.0
73242.1875,85937.5,82031.25,2000.0
20507.8125,55664.0625,123046.875,2000.0
81054.6875,64453.125,64453.125,2000.0
79101.5625,31250.0,35156.25,2000.0
111328.125,94726.5625,15625.0,2000.0
99609.375,71289.0625,76171.875,2000.0
69335.9375,35156.25,123046.875,2000.0
52734.375,98632.8125,84960.9375,2000.0
59570.3125,9765.625,49804.6875,2000.0
43945.3125,41992.1875,104492.1875,2000.0
101562.5,56640.625,78125.0,2000.0
15625.0,63476.5625,21484.375,2000.0
72265.625,62500.0,121093.75,2000.0
96679.6875,123046.875,86914.0625,2000.0
60546.875,8789.0625,27343.75,2000.0
117187.5,5859.375,56640.625,2000.0
88867.1875,85937.5,101562.5,2000.0
9765.625,91796.875,4882.8125,2000.0
35156.25,9765.625,18554.6875,2000.0
111328.125,30273.4375,69335.9375,2000.0
30273.4375,42968.75,4882.8125,2000.0
62500.0,26367.1875,119140.625,2000.0
37109.375,52734.375,37109.375,2000.0
13671.875,44921.875,31250.0,2000.0
101562.5,65429.6875,27343.75,2000.0
75195.3125,2929.6875,52734.375,2000.0
0.0,48828.125,40039.0625,2000.0
83984.375,7812.5,101562.5,2000.0
33203.125,55664.0625,40039.0625,2000.0
9765.625,32226.5625,123046.875,2000.0
120117.1875,105468.75,72265.625,2000.0
3906.25,119140.625,65429.6875,2000.0
38085.9375,103515.625,112304.6875,2000.0
101562.5,89843.75,105468.75,2000.0
18554.6875,27343.75,84960.9375,2000.0
0.0,11718.75,20507.8125,2000.0
23437.5,60546.875,38085.9375,2000.0
56640.625,25390.625,74218.75,2000.0
56640.625,121093.75,30273.4375,2000.0
0.0,21484.375,70312.5,2000.0
64453.125,39062.5,59570.3125,2000.0
58593.75,42968.75,47851.5625,2000.0
32226.5625,3906.25,55664.0625,2000.0
18554.6875,64453.125,10742.1875,2000.0
16601.5625,85937.5,116210.9375,2000.0
44921.875,78125.0,37109.375,2000.0
976.5625,123046.875,14648.4375,2000.0
2929.6875,106445.3125,121093.75,2000.0
63476.5625,74218.75,30273.4375,2000.0
93750.0,79101.5625,12695.3125,2000.0
66406.25,98632.8125,63476.5625,2000.0
3906.25,110351.5625,43945.3125,2000.0
75195.3125,52734.375,59570.3125,2000.0
4882.8125,107421.875,52734.375,2000.0
118164.0625,40039.0625,32226.5625,2000.0
73242.1875,70312.5,124023.4375,2000.0
3906.25,80078.125,49804.6875,2000.0
124023.4375,123046.875,36132.8125,2000.0
18554.6875,82031.25,53710.9375,2000.0
23437.5,78125.0,83007.8125,2000.0
57617.1875,17578.125,25390.625,2000.0
103515.625,6835.9375,0.0,2000.0
83984.375,16601.5625,78125.0,2000.0
25390.625,77148.4375,22460.9375,2000.0
78125.0,121093.75,58593.75,2000.0
68359.375,90820.3125,56640.625,2000.0
97656.25,67382.8125,112304.6875,2000.0
107421.875,60546.875,21484.375,2000.0
119140.625,102539.0625,88867.1875,2000.0
20507.8125,21484.375,43945.3125,2000.0
976.5625,31250.0,76171.875,2000.0
82031.25,47851.5625,4882.8125,2000.0
83984.375,18554.6875,37109.375,2000.0
24414.0625,115234.375,71289.0625,2000.0
75195.3125,41992.1875,109375.0,2000.0
83984.375,102539.0625,85937.5,2000.0
99609.375,31250.0,976.5625,2000.0
107421.875,84960.9375,106445.3125,2000.0
15625.0,74218.75,95703.125,2000.0
16601.5625,117187.5,4882.8125,2000.0
6835.9375,8789.0625,109375.0,2000.0
75195.3125,16601.5625,40039.0625,2000.0
39062.5,105468.75,115234.375,2000.0
109375.0,80078.125,113281.25,2000.0
41015.625,20507.8125,4882.8125,2000.0
85937.5,37109.375,976.5625,2000.0
93750.0,4882.8125,46875.0,2000.0
18554.6875,6835.9375,27343.75,2000.0
25390.625,4882.8125,20507.8125,2000.0
45898.4375,64453.125,3906.25,2000.0
102539.0625,44921.875,43945.3125,2000.0
38085.9375,16601.5625,103515.625,2000.0
84960.9375,32226.5625,4882.8125,2000.0
71289.0625,108398.4375,102539.0625,2000.0
116210.9375,104492.1875,22460.9375,2000.0
17578.125,13671.875,13671.875,2000.0
42968.75,31250.0,99609.375,2000.0
67382.8125,124023.4375,72265.625,2000.0
9765.625,119140.625,82031.25,2000.0
110351.5625,65429.6875,105468.75,2000.0
93750.0,65429.6875,13671.875,2000.0
110351.5625,41992.1875,82031.25,2000.0
5859.375,31250.0,53710.9375,2000.0
8789.0625,18554.6875,18554.6875,2000.0
55664.0625,94726.5625,36132.8125,2000.0
119140.625,70312.5,68359.375,2000.0
115234.375,124023.4375,51757.8125,2000.0
99609.375,110351.5625,79101.5625,2000.0
115234.375,49804.6875,83007.8125,2000.0
53710.9375,22460.9375,59570.3125,2000.0
976.5625,32226.5625,46875.0,2000.0
24414.0625,48828.125,41015.625,2000.0
85937.5,69335.9375,64453.125,2000.0
16601.5625,52734.375,35156.25,2000.0
39062.5,26367.1875,90820.3125,2000.0
3906.25,30273.4375,1953.125,2000.0
23437.5,124023.4375,4882.8125,2000.0
65429.6875,5859.375,62500.0,2000.0
59570.3125,32226.5625,55664.0625,2000.0
51757.8125,51757.8125,112304.6875,2000.0
43945.3125,54687.5,2929.6875,2000.0
123046.875,17578.125,68359.375,2000.0
16601.5625,76171.875,34179.6875,2000.0
52734.375,114257.8125,116210.9375,2000.0
55664.0625,117187.5,7812.5,2000.0
5859.375,8789.0625,79101.5625,2000.0
34179.6875,71289.0625,3906.25,2000.0
121093.75,5859.375,108398.4375,2000.0
92773.4375,112304.6875,18554.6875,2000.0
108398.4375,5859.375,124023.4375,2000.0
56640.625,83984.375,102539.0625,2000.0
35156.25,40039.0625,119140.625,2000.0
121093.75,8789.0625,83984.375,2000.0
105468.75,56640.625,73242.1875,2000.0
107421.875,41992.1875,61523.4375,2000.0
45898.4375,25390.625,19531.25,2000.0
5859.375,34179.6875,10742.1875,2000.0
49804.6875,36132.8125,31250.0,2000.0
53710.9375,15625.0,90820.3125,2000.0
15625.0,18554.6875,119140.625,2000.0
107421.875,98632.8125,71289.0625,2000.0
66406.25,123046.875,30273.4375,2000.0
9765.625,33203.125,62500.0,2000.0
49804.6875,4882.8125,4882.8125,2000.0
21484.375,45898.4375,121093.75,2000.0
90820.3125,103515.625,94726.5625,2000.0
124023.4375,976.5625,16601.5625,2000.0
103515.625,122070.3125,34179.6875,2000.0
71289.0625,8789.0625,76171.875,2000.0
13671.875,45898.4375,96679.6875,2000.0
41992.1875,56640.625,30273.4375,2000.0
22460.9375,119140.625,87890.625,2000.0
4882.8125,124023.4375,73242.1875,2000.0
16601.5625,91796.875,64453.125,2000.0
27343.75,12695.3125,66406.25,2000.0
107421.875,23437.5,0.0,2000.0
92773.4375,20507.8125,39062.5,2000.0
104492.1875,75195.3125,119140.625,2000.0
10742.1875,29296.875,35156.25,2000.0
976.5625,103515.625,7812.5,2000.0
68359.375,92773.4375,14648.4375,2000.0
73242.1875,28320.3125,6835.9375,2000.0
17578.125,106445.3125,45898.4375,2000.0
124023.4375,27343.75,56640.625,2000.0
87890.625,102539.0625,71289.0625,2000.0
83984.375,67382.8125,2929.6875,2000.0
11718.75,84960.9375,22460.9375,2000.0
58593.75,2929.6875,103515.625,2000.0
44921.875,111328.125,36132.8125,2000.0
9765.625,118164.0625,28320.3125,2000.0
36132.8125,122070.3125,18554.6875,2000.0
94726.5625,121093.75,115234.375,2000.0
20507.8125,102539.0625,56640.625,2000.0
44921.875,96679.6875,119140.625,2000.0
72265.625,106445.3125,55664.0625,2000.0
15625.0,22460.9375,117187.5,2000.0
88867.1875,2929.6875,18554.6875,2000.0
117187.5,31250.0,18554.6875,2000.0
101562.5,27343.75,121093.75,2000.0
113281.25,77148.4375,78125.0,2000.0
55664.0625,121093.75,35156.25,2000.0
12695.3125,18554.6875,84960.9375,2000.0
30273.4375,74218.75,2929.6875,2000.0
25390.625,115234.375,3906.25,2000.0
38085.9375,8789.0625,103515.625,2000.0
31250.0,124023.4375,36132.8125,2000.0
123046.875,56640.625,11718.75,2000.0
3906.25,99609.375,83984.375,2000.0
71289.0625,83984.375,28320.3125,2000.0
41015.625,110351.5625,103515.625,2000.0
0.0,71289.0625,12695.3125,2000.0
101562.5,109375.0,10742.1875,2000.0
47851.5625,66406.25,35156.25,2000.0
87890.625,100585.9375,105468.75,2000.0
61523.4375,26367.1875,97656.25,2000.0
73242.1875,0.0,78125.0,2000.0
117187.5,107421.875,25390.625,2000.0
62500.0,81054.6875,10742.1875,2000.0
41992.1875,8789.0625,61523.4375,2000.0
103515.625,20507.8125,14648.4375,2000.0
5859.375,68359.375,92773.4375,2000.0
122070.3125,31250.0,27343.75,2000.0
120117.1875,60546.875,45898.4375,2000.0
120117.1875,94726.5625,85937.5,2000.0
52734.375,22460.9375,55664.0625,2000.0
69335.9375,38085.9375,14648.4375,2000.0
104492.1875,71289.0625,22460.9375,2000.0
45898.4375,88867.1875,107421.875,2000.0
27343.75,95703.125,54687.5,2000.0
78125.0,6835.9375,45898.4375,2000.0
112304.6875,46875.0,16601.5625,2000.0
21484.375,81054.6875,8789.0625,2000.0
119140.625,37109.375,36132.8125,2000.0
2929.6875,16601.5625,88867.1875,2000.0
42968.75,15625.0,49804.6875,2000.0
118164.0625,59570.3125,13671.875,2000.0
43945.3125,107421.875,105468.75,2000.0
71289.0625,79101.5625,22460.9375,2000.0
75195.3125,4882.8125,75195.3125,2000.0
22460.9375,54687.5,120117.1875,2000.0
72265.625,12695.3125,38085.9375,2000.0
18554.6875,78125.0,64453.125,2000.0
52734.375,85937.5,90820.3125,2000.0
24414.0625,67382.8125,49804.6875,2000.0
22460.9375,0.0,22460.9375,2000.0
49804.6875,12695.3125,86914.0625,2000.0
58593.75,53710.9375,105468.75,2000.0
116210.9375,98632.8125,75195.3125,2000.0
16601.5625,104492.1875,101562.5,2000.0
11718.75,65429.6875,30273.4375,2000.0
51757.8125,85937.5,117187.5,2000.0
45898.4375,26367.1875,88867.1875,2000.0
64453.125,5859.375,36132.8125,2000.0
70312.5,3906.25,63476.5625,2000.0
42968.75,23437.5,102539.0625,2000.0
70312.5,114257.8125,73242.1875,2000.0
27343.75,53710.9375,109375.0,2000.0
33203.125,0.0,76171.875,2000.0
17578.125,0.0,74218.75,2000.0
0.0,37109.375,82031.25,2000.0
87890.625,88867.1875,83984.375,2000.0
33203.125,93750.0,95703.125,2000.0
17578.125,83007.8125,83984.375,2000.0
98632.8125,58593.75,68359.375,2000.0
44921.875,19531.25,89843.75,2000.0
74218.75,2929.6875,93750.0,2000.0
98632.8125,52734.375,74218.75,2000.0
1953.125,76171.875,57617.1875,2000.0
77148.4375,79101.5625,5859.375,2000.0
8789.0625,124023.4375,29296.875,2000.0
28320.3125,102539.0625,36132.8125,2000.0
100585.9375,97656.25,81054.6875,2000.0
22460.9375,74218.75,119140.625,2000.0
67382.8125,123046.875,94726.5625,2000.0
63476.5625,107421.875,86914.0625,2000.0
60546.875,18554.6875,13671.875,2000.0
46875.0,50781.25,11718.75,2000.0
7812.5,96679.6875,110351.5625,2000.0
90820.3125,16601.5625,42968.75,2000.0
51757.8125,54687.5,117187.5,2000.0
85937.5,102539.0625,7812.5,2000.0
48828.125,71289.0625,976.5625,2000.0
21484.375,1953.125,13671.875,2000.0
76171.875,50781.25,44921.875,2000.0
60546.875,102539.0625,65429.6875,2000.0
4882.8125,123046.875,78125.0,2000.0
17578.125,77148.4375,118164.0625,2000.0
59570.3125,78125.0,73242.1875,2000.0
114257.8125,2929.6875,102539.0625,2000.0
61523.4375,83007.8125,107421.875,2000.0
41015.625,83984.375,108398.4375,2000.0
122070.3125,27343.75,94726.5625,2000.0
102539.0625,45898.4375,86914.0625,2000.0
80078.125,107421.875,78125.0,2000.0
2929.6875,41015.625,2929.6875,2000.0
48828.125,72265.625,18554.6875,2000.0
39062.5,107421.875,86914.0625,2000.0
87890.625,56640.625,83007.8125,2000.0
76171.875,112304.6875,87890.625,2000.0
78125.0,10742.1875,77148.4375,2000.0
69335.9375,41992.1875,40039.0625,2000.0
88867.1875,61523.4375,42968.75,2000.0
58593.75,56640.625,24414.0625,2000.0
78125.0,72265.625,86914.0625,2000.0
102539.0625,0.0,50781.25,2000.0
124023.4375,56640.625,80078.125,2000.0
30273.4375,102539.0625,41992.1875,2000.0
102539.0625,15625.0,62500.0,2000.0
41015.625,82031.25,54687.5,2000.0
22460.9375,7812.5,69335.9375,2000.0
110351.5625,65429.6875,38085.9375,2000.0
109375.0,112304.6875,75195.3125,2000.0
83984.375,102539.0625,15625.0,2000.0
12695.3125,121093.75,85937.5,2000.0
16601.5625,94726.5625,23437.5,2000.0
17578.125,44921.875,91796.875,2000.0
60546.875,25390.625,26367.1875,2000.0
12695.3125,15625.0,119140.625,2000.0
45898.4375,89843.75,51757.8125,2000.0
108398.4375,84960.9375,14648.4375,2000.0
108398.4375,104492.1875,105468.75,2000.0
11718.75,45898.4375,45898.4375,2000.0
56640.625,61523.4375,104492.1875,2000.0
976.5625,71289.0625,85937.5,2000.0
80078.125,83984.375,18554.6875,2000.0
60546.875,13671.875,51757.8125,2000.0
15625.0,3906.25,5859.375,2000.0
98632.8125,103515.625,95703.125,2000.0
107421.875,93750.0,115234.375,2000.0
65429.6875,39062.5,42968.75,2000.0
110351.5625,74218.75,101562.5,2000.0
77148.4375,90820.3125,103515.625,2000.0
39062.5,26367.1875,120117.1875,2000.0
58593.75,120117.1875,90820.3125,2000.0
33203.125,17578.125,9765.625,2000.0
112304.6875,86914.0625,83984.375,2000.0
118164.0625,73242.1875,16601.5625,2000.0
95703.125,82031.25,110351.5625,2000.0
35156.25,12695.3125,90820.3125,2000.0
100585.9375,56640.625,111328.125,2000.0
106445.3125,74218.75,17578.125,2000.0
23437.5,79101.5625,50781.25,2000.0
117187.5,117187.5,9765.625,2000.0
68359.375,30273.4375,87890.625,2000.0
2929.6875,103515.625,68359.375,2000.0
10742.1875,24414.0625,79101.5625,2000.0
41015.625,83007.8125,60546.875,2000.0
69335.9375,41992.1875,65429.6875,2000.0
0.0,26367.1875,7812.5,2000.0
104492.1875,109375.0,68359.375,2000.0
17578.125,16601.5625,4882.8125,2000.0
109375.0,51757.8125,49804.6875,2000.0
93750.0,110351.5625,6835.9375,2000.0
111328.125,106445.3125,80078.125,2000.0
20507.8125,4882.8125,60546.875,2000.0
60546.875,6835.9375,44921.875,2000.0
100585.9375,41015.625,2929.6875,2000.0
61523.4375,44921.875,52734.375,2000.0
124023.4375,48828.125,31250.0,2000.0
81054.6875,64453.125,18554.6875,2000.0
72265.625,77148.4375,78125.0,2000.0
6835.9375,81054.6875,34179.6875,2000.0
20507.8125,61523.4375,109375.0,2000.0
111328.125,91796.875,94726.5625,2000.0
107421.875,119140.625,22460.9375,2000.0
57617.1875,0.0,53710.9375,2000.0
101562.5,11718.75,4882.8125,2000.0
71289.0625,86914.0625,106445.3125,2000.0
119140.625,76171.875,26367.1875,2000.0
54687.5,45898.4375,12695.3125,2000.0
90820.3125,40039.0625,100585.9375,2000.0
72265.625,55664.0625,23437.5,2000.0
53710.9375,47851.5625,104492.1875,2000.0
92773.4375,55664.0625,4882.8125,2000.0
68359.375,107421.875,61523.4375,2000.0
105468.75,80078.125,114257.8125,2000.0
111328.125,50781.25,69335.9375,2000.0
65429.6875,62500.0,114257.8125,2000.0
3906.25,77148.4375,62500.0,2000.0
114257.8125,70312.5,54687.5,2000.0
86914.0625,13671.875,9765.625,2000.0
64453.125,112304.6875,94726.5625,2000.0
121093.75,69335.9375,112304.6875,2000.0
36132.8125,55664.0625,0.0,2000.0
6835.9375,109375.0,47851.5625,2000.0
26367.1875,2929.6875,73242.1875,2000.0
100585.9375,68359.375,1953.125,2000.0
33203.125,57617.1875,96679.6875,2000.0
121093.75,98632.8125,60546.875,2000.0
81054.6875,68359.375,30273.4375,2000.0
30273.4375,100585.9375,106445.3125,2000.0
1953.125,94726.5625,109375.0,2000.0
46875.0,0.0,60546.875,2000.0
6835.9375,16601.5625,41015.625,2000.0
34179.6875,113281.25,43945.3125,2000.0
85937.5,57617.1875,124023.4375,2000.0
9765.625,41992.1875,83984.375,2000.0
104492.1875,28320.3125,68359.375,2000.0
124023.4375,88867.1875,29296.875,2000.0
60546.875,101562.5,106445.3125,2000.0
69335.9375,63476.5625,71289.0625,2000.0
68359.375,2929.6875,29296.875,2000.0
95703.125,116210.9375,23437.5,2000.0
73242.1875,65429.6875,56640.625,2000.0
100585.9375,12695.3125,116210.9375,2000.0
57617.1875,76171.875,53710.9375,2000.0
107421.875,60546.875,70312.5,2000.0
85937.5,5859.375,104492.1875,2000.0
6835.9375,39062.5,7812.5,2000.0
25390.625,13671.875,29296.875,2000.0
63476.5625,122070.3125,89843.75,2000.0
124023.4375,52734.375,75195.3125,2000.0
16601.5625,99609.375,37109.375,2000.0
50781.25,100585.9375,71289.0625,2000.0
12695.3125,1953.125,24414.0625,2000.0
22460.9375,96679.6875,120117.1875,2000.0
73242.1875,66406.25,22460.9375,2000.0
67382.8125,103515.625,45898.4375,2000.0
115234.375,104492.1875,11718.75,2000.0
94726.5625,122070.3125,55664.0625,2000.0
30273.4375,38085.9375,96679.6875,2000.0
1953.125,3906.25,71289.0625,2000.0
106445.3125,5859.375,21484.375,2000.0
44921.875,117187.5,103515.625,2000.0
8789.0625,67382.8125,56640.625,2000.0
58593.75,112304.6875,83007.8125,2000.0
53710.9375,42968.75,93750.0,2000.0
116210.9375,114257.8125,77148.4375,2000.0
57617.1875,70312.5,80078.125,2000.0
117187.5,110351.5625,4882.8125,2000.0
51757.8125,61523.4375,108398.4375,2000.0
111328.125,55664.0625,3906.25,2000.0
65429.6875,52734.375,75195.3125,2000.0
37109.375,107421.875,91796.875,2000.0
41015.625,9765.625,53710.9375,2000.0
97656.25,19531.25,95703.125,2000.0
73242.1875,72265.625,46875.0,2000.0
33203.125,120117.1875,61523.4375,2000.0
89843.75,83007.8125,82031.25,2000.0
59570.3125,53710.9375,85937.5,2000.0
77148.4375,4882.8125,71289.0625,2000.0
0.0,102539.0625,115234.375,2000.0
21484.375,50781.25,94726.5625,2000.0
32226.5625,59570.3125,27343.75,2000.0
87890.625,25390.625,31250.0,2000.0
33203.125,93750.0,117187.5,2000.0
27343.75,75195.3125,80078.125,2000.0
109375.0,116210.9375,115234.375,2000.0
120117.1875,23437.5,60546.875,2000.0
66406.25,32226.5625,32226.5625,2000.0
1953.125,18554.6875,43945.3125,2000.0
64453.125,78125.0,91796.875,2000.0
64453.125,86914.0625,28320.3125,2000.0
71289.0625,87890.625,1953.125,2000.0
18554.6875,55664.0625,14648.4375,2000.0
69335.9375,4882.8125,7812.5,2000.0
118164.0625,35156.25,96679.6875,2000.0
47851.5625,13671.875,19531.25,2000.0
63476.5625,68359.375,73242.1875,2000.0
13671.875,68359.375,99609.375,2000.0
62500.0,101562.5,92773.4375,2000.0
47851.5625,30273.4375,90820.3125,2000.0
111328.125,39062.5,33203.125,2000.0
8789.0625,1953.125,0.0,2000.0
119140.625,109375.0,30273.4375,2000.0
91796.875,0.0,15625.0,2000.0
92773.4375,94726.5625,78125.0,2000.0
119140.625,20507.8125,106445.3125,2000.0
101562.5,18554.6875,53710.9375,2000.0
96679.6875,108398.4375,93750.0,2000.0
2929.6875,73242.1875,98632.8125,2000.0
78125.0,78125.0,103515.625,2000.0
114257.8125,90820.3125,115234.375,2000.0
75195.3125,74218.75,54687.5,2000.0
118164.0625,7812.5,23437.5,2000.0
84960.9375,83984.375,101562.5,2000.0
48828.125,7812.5,91796.875,2000.0
80078.125,107421.875,64453.125,2000.0
10742.1875,101562.5,62500.0,2000.0
36132.8125,26367.1875,107421.875,2000.0
52734.375,47851.5625,110351.5625,2000.0
62500.0,48828.125,52734.375,2000.0
114257.8125,54687.5,55664.0625,2000.0
25390.625,81054.6875,72265.625,2000.0
5859.375,30273.4375,32226.5625,2000.0
108398.4375,1953.125,976.5625,2000.0
64453.125,110351.5625,67382.8125,2000.0
22460.9375,18554.6875,42968.75,2000.0
84960.9375,59570.3125,40039.0625,2000.0
60546.875,113281.25,103515.625,2000.0
110351.5625,1953.125,40039.0625,2000.0
74218.75,91796.875,63476.5625,2000.0
32226.5625,76171.875,27343.75,2000.0
13671.875,65429.6875,65429.6875,2000.0
15625.0,73242.1875,114257.8125,2000.0
1953.125,14648.4375,48828.125,2000.0
71289.0625,82031.25,80078.125,2000.0
75195.3125,109375.0,57617.1875,2000.0
84960.9375,1953.125,49804.6875,2000.0
16601.5625,83984.375,77148.4375,2000.0
50781.25,83007.8125,89843.75,2000.0
40039.0625,65429.6875,109375.0,2000.0
46875.0,86914.0625,49804.6875,2000.0
94726.5625,31250.0,74218.75,2000.0
58593.75,9765.625,24414.0625,2000.0
8789.0625,63476.5625,123046.875,2000.0
111328.125,37109.375,28320.3125,2000.0
24414.0625,109375.0,97656.25,2000.0
47851.5625,61523.4375,40039.0625,2000.0
112304.6875,85937.5,91796.875,2000.0
68359.375,103515.625,63476.5625,2000.0
123046.875,10742.1875,50781.25,2000.0
85937.5,41015.625,120117.1875,2000.0
17578.125,106445.3125,19531.25,2000.0
25390.625,20507.8125,56640.625,2000.0
21484.375,123046.875,72265.625,2000.0
43945.3125,114257.8125,33203.125,2000.0
97656.25,121093.75,10742.1875,2000.0
85937.5,0.0,56640.625,2000.0
110351.5625,55664.0625,7812.5,2000.0
30273.4375,3906.25,122070.3125,2000.0
113281.25,106445.3125,89843.75,2000.0
101562.5,69335.9375,22460.9375,2000.0
13671.875,106445.3125,50781.25,2000.0
33203.125,110351.5625,35156.25,2000.0
44921.875,10742.1875,94726.5625,2000.0
6835.9375,72265.625,43945.3125,2000.0
62500.0,97656.25,0.0,2000.0
45898.4375,17578.125,13671.875,2000.0
35156.25,48828.125,16601.5625,2000.0
9765.625,111328.125,82031.25,2000.0
16601.5625,47851.5625,45898.4375,2000.0
114257.8125,44921.875,2929.6875,2000.0
51757.8125,83984.375,34179.6875,2000.0
22460.9375,47851.5625,117187.5,2000.0
102539.0625,114257.8125,120117.1875,2000.0
15625.0,80078.125,6835.9375,2000.0
32226.5625,81054.6875,36132.8125,2000.0
65429.6875,116210.9375,61523.4375,2000.0
65429.6875,976.5625,3906.25,2000.0
38085.9375,75195.3125,28320.3125,2000.0
98632.8125,6835.9375,38085.9375,2000.0
82031.25,120117.1875,118164.0625,2000.0
60546.875,93750.0,95703.125,2000.0
29296.875,54687.5,976.5625,2000.0
78125.0,36132.8125,75195.3125,2000.0
64453.125,55664.0625,68359.375,2000.0
69335.9375,14648.4375,100585.9375,2000.0
9765.625,2929.6875,112304.6875,2000.0
74218.75,91796.875,17578.125,2000.0
79101.5625,0.0,50781.25,2000.0
43945.3125,88867.1875,76171.875,2000.0
71289.0625,39062.5,100585.9375,2000.0
35156.25,103515.625,42968.75,2000.0
71289.0625,35156.25,12695.3125,2000.0
112304.6875,107421.875,96679.6875,2000.0
49804.6875,68359.375,29296.875,2000.0
111328.125,92773.4375,85937.5,2000.0
106445.3125,42968.75,91796.875,2000.0
68359.375,123046.875,110351.5625,2000.0
3906.25,113281.25,1953.125,2000.0
8789.0625,103515.625,85937.5,2000.0
79101.5625,33203.125,98632.8125,2000.0
58593.75,24414.0625,103515.625,2000.0
63476.5625,30273.4375,32226.5625,2000.0
91796.875,45898.4375,119140.625,2000.0
95703.125,68359.375,61523.4375,2000.0
3906.25,5859.375,19531.25,2000.0
53710.9375,5859.375,30273.4375,2000.0
11718.75,95703.125,47851.5625,2000.0
19531.25,89843.75,30273.4375,2000.0
30273.4375,91796.875,50781.25,2000.0
86914.0625,83007.8125,98632.8125,2000.0
30273.4375,90820.3125,38085.9375,2000.0
26367.1875,65429.6875,17578.125,2000.0
103515.625,28320.3125,31250.0,2000.0
89843.75,7812.5,22460.9375,2000.0
30273.4375,96679.6875,42968.75,2000.0
38085.9375,67382.8125,27343.75,2000.0
102539.0625,99609.375,117187.5,2000.0
19531.25,50781.25,122070.3125,2000.0
54687.5,123046.875,94726.5625,2000.0
86914.0625,107421.875,79101.5625,2000.0
118164.0625,115234.375,45898.4375,2000.0
85937.5,52734.375,84960.9375,2000.0
65429.6875,37109.375,93750.0,2000.0
66406.25,89843.75,75195.3125,2000.0
112304.6875,24414.0625,60546.875,2000.0
124023.4375,115234.375,41015.625,2000.0
55664.0625,71289.0625,93750.0,2000.0
99609.375,54687.5,5859.375,2000.0
82031.25,40039.0625,90820.3125,2000.0
68359.375,117187.5,78125.0,2000.0
96679.6875,112304.6875,79101.5625,2000.0
88867.1875,121093.75,123046.875,2000.0
107421.875,54687.5,112304.6875,2000.0
14648.4375,28320.3125,0.0,2000.0
7812.5,46875.0,37109.375,2000.0
119140.625,102539.0625,101562.5,2000.0
57617.1875,8789.0625,93750.0,2000.0
24414.0625,81054.6875,120117.1875,2000.0
13671.875,92773.4375,29296.875,2000.0
24414.0625,65429.6875,976.5625,2000.0
66406.25,75195.3125,77148.4375,2000.0
16601.5625,31250.0,85937.5,2000.0
92773.4375,75195.3125,82031.25,2000.0
18554.6875,38085.9375,109375.0,2000.0
118164.0625,77148.4375,18554.6875,2000.0
71289.0625,85937.5,60546.875,2000.0
27343.75,86914.0625,109375.0,2000.0
107421.875,48828.125,74218.75,2000.0
122070.3125,5859.375,32226.5625,2000.0
92773.4375,110351.5625,15625.0,2000.0
112304.6875,28320.3125,65429.6875,2000.0
124023.4375,1953.125,82031.25,2000.0
55664.0625,38085.9375,14648.4375,2000.0
18554.6875,25390.625,81054.6875,2000.0
37109.375,117187.5,60546.875,2000.0
100585.9375,31250.0,78125.0,2000.0
123046.875,106445.3125,35156.25,2000.0
53710.9375,64453.125,52734.375,2000.0
102539.0625,23437.5,74218.75,2000.0
57617.1875,94726.5625,62500.0,2000.0
101562.5,119140.625,105468.75,2000.0
9765.625,54687.5,32226.5625,2000.0
54687.5,74218.75,14648.4375,2000.0
116210.9375,12695.3125,90820.3125,2000.0
109375.0,39062.5,87890.625,2000.0
13671.875,6835.9375,113281.25,2000.0
68359.375,117187.5,116210.9375,2000.0
41992.1875,119140.625,106445.3125,2000.0
52734.375,124023.4375,61523.4375,2000.0
70312.5,15625.0,38085.9375,2000.0
95703.125,110351.5625,68359.375,2000.0
102539.0625,106445.3125,15625.0,2000.0
117187.5,25390.625,92773.4375,2000.0
110351.5625,108398.4375,91796.875,2000.0
0.0,70312.5,39062.5,2000.0
89843.75,36132.8125,4882.8125,2000.0
47851.5625,98632.8125,114257.8125,2000.0
65429.6875,105468.75,976.5625,2000.0
47851.5625,101562.5,40039.0625,2000.0
30273.4375,10742.1875,35156.25,2000.0
38085.9375,48828.125,10742.1875,2000.0
41992.1875,99609.375,80078.125,2000.0
55664.0625,99609.375,68359.375,2000.0
31250.0,84960.9375,40039.0625,2000.0
106445.3125,34179.6875,105468.75,2000.0
7812.5,45898.4375,46875.0,2000.0
52734.375,41015.625,117187.5,2000.0
101562.5,28320.3125,55664.0625,2000.0
114257.8125,42968.75,85937.5,2000.0
21484.375,25390.625,98632.8125,2000.0
37109.375,3906.25,43945.3125,2000.0
58593.75,13671.875,44921.875,2000.0
63476.5625,118164.0625,109375.0,2000.0
115234.375,68359.375,48828.125,2000.0
105468.75,70312.5,73242.1875,2000.0
21484.375,69335.9375,120117.1875,2000.0
62500.0,58593.75,62500.0,2000.0
85937.5,124023.4375,39062.5,2000.0
41992.1875,25390.625,24414.0625,2000.0
8789.0625,13671.875,99609.375,2000.0
120117.1875,118164.0625,28320.3125,2000.0
10742.1875,59570.3125,76171.875,2000.0
9765.625,121093.75,63476.5625,2000.0
94726.5625,48828.125,96679.6875,2000.0
74218.75,68359.375,35156.25,2000.0
75195.3125,88867.1875,99609.375,2000.0
12695.3125,65429.6875,73242.1875,2000.0
61523.4375,122070.3125,24414.0625,2000.0
25390.625,105468.75,78125.0,2000.0
35156.25,97656.25,49804.6875,2000.0
122070.3125,1953.125,79101.5625,2000.0
0.0,90820.3125,4882.8125,2000.0
73242.1875,38085.9375,33203.125,2000.0
101562.5,117187.5,90820.3125,2000.0
78125.0,119140.625,37109.375,2000.0
103515.625,8789.0625,2929.6875,2000.0
6835.9375,43945.3125,15625.0,2000.0
111328.125,49804.6875,75195.3125,2000.0
121093.75,83007.8125,89843.75,2000.0
44921.875,52734.375,7812.5,2000.0
93750.0,50781.25,76171.875,2000.0
124023.4375,116210.9375,73242.1875,2000.0
88867.1875,74218.75,66406.25,2000.0
34179.6875,47851.5625,22460.9375,2000.0
34179.6875,107421.875,60546.875,2000.0
54687.5,121093.75,13671.875,2000.0
8789.0625,4882.8125,68359.375,2000.0
23437.5,71289.0625,976.5625,2000.0
70312.5,49804.6875,31250.0,2000.0
78125.0,60546.875,74218.75,2000.0
18554.6875,115234.375,96679.6875,2000.0
76171.875,44921.875,78125.0,2000.0
123046.875,976.5625,88867.1875,2000.0
55664.0625,51757.8125,44921.875,2000.0
70312.5,104492.1875,20507.8125,2000.0
109375.0,31250.0,43945.3125,2000.0
109375.0,1953.125,105468.75,2000.0
10742.1875,34179.6875,119140.625,2000.0
14648.4375,45898.4375,10742.1875,2000.0
46875.0,83984.375,47851.5625,2000.0
55664.0625,96679.6875,45898.4375,2000.0
55664.0625,106445.3125,42968.75,2000.0
55664.0625,44921.875,90820.3125,2000.0
123046.875,26367.1875,68359.375,2000.0
71289.0625,109375.0,106445.3125,2000.0
31250.0,12695.3125,22460.9375,2000.0
42968.75,27343.75,20507.8125,2000.0
62500.0,7812.5,89843.75,2000.0
32226.5625,49804.6875,3906.25,2000.0
62500.0,51757.8125,83984.375,2000.0
92773.4375,79101.5625,70312.5,2000.0
54687.5,122070.3125,109375.0,2000.0
69335.9375,107421.875,115234.375,2000.0
16601.5625,106445.3125,12695.3125,2000.0
93750.0,67382.8125,74218.75,2000.0
72265.625,102539.0625,108398.4375,2000.0
3906.25,39062.5,74218.75,2000.0
64453.125,64453.125,110351.5625,2000.0
103515.625,104492.1875,98632.8125,2000.0
17578.125,67382.8125,12695.3125,2000.0
14648.4375,12695.3125,79101.5625,2000.0
41992.1875,11718.75,96679.6875,2000.0
18554.6875,31250.0,95703.125,2000.0
92773.4375,41015.625,45898.4375,2000.0
106445.3125,36132.8125,83007.8125,2000.0
73242.1875,28320.3125,33203.125,2000.0
108398.4375,28320.3125,49804.6875,2000.0
50781.25,47851.5625,122070.3125,2000.0
47851.5625,81054.6875,112304.6875,2000.0
62500.0,56640.625,91796.875,2000.0
118164.0625,25390.625,109375.0,2000.0
18554.6875,80078.125,59570.3125,2000.0
5859.375,82031.25,73242.1875,2000.0
122070.3125,92773.4375,7812.5,2000.0
80078.125,62500.0,45898.4375,2000.0
30273.4375,83007.8125,45898.4375,2000.0
69335.9375,41015.625,26367.1875,2000.0
91796.875,44921.875,1953.125,2000.0
54687.5,40039.0625,107421.875,2000.0
8789.0625,31250.0,69335.9375,2000.0
3906.25,49804.6875,48828.125,2000.0
62500.0,84960.9375,110351.5625,2000.0
41992.1875,78125.0,59570.3125,2000.0
33203.125,13671.875,19531.25,2000.0
20507.8125,79101.5625,47851.5625,2000.0
70312.5,91796.875,19531.25,2000.0
8789.0625,77148.4375,105468.75,2000.0
98632.8125,76171.875,10742.1875,2000.0
89843.75,105468.75,91796.875,2000.0
92773.4375,57617.1875,80078.125,2000.0
4882.8125,22460.9375,64453.125,2000.0
29296.875,15625.0,31250.0,2000.0
104492.1875,25390.625,120117.1875,2000.0
49804.6875,56640.625,32226.5625,2000.0
47851.5625,93750.0,63476.5625,2000.0
28320.3125,117187.5,23437.5,2000.0
64453.125,40039.0625,30273.4375,2000.0
124023.4375,59570.3125,13671.875,2000.0
19531.25,59570.3125,44921.875,2000.0
49804.6875,4882.8125,39062.5,2000.0
84960.9375,15625.0,33203.125,2000.0
38085.9375,87890.625,56640.625,2000.0
46875.0,72265.625,52734.375,2000.0
81054.6875,11718.75,95703.125,2000.0
4882.8125,72265.625,28320.3125,2000.0
83984.375,47851.5625,67382.8125,2000.0
121093.75,31250.0,95703.125,2000.0
88867.1875,61523.4375,87890.625,2000.0
3906.25,79101.5625,8789.0625,2000.0
30273.4375,15625.0,91796.875,2000.0
44921.875,7812.5,77148.4375,2000.0
110351.5625,124023.4375,29296.875,2000.0
60546.875,85937.5,79101.5625,2000.0
66406.25,105468.75,75195.3125,2000.0
18554.6875,90820.3125,89843.75,2000.0
65429.6875,3906.25,33203.125,2000.0
114257.8125,91796.875,87890.625,2000.0
44921.875,103515.625,63476.5625,2000.0
46875.0,108398.4375,107421.875,2000.0
55664.0625,108398.4375,109375.0,2000.0
52734.375,54687.5,101562.5,2000.0
53710.9375,4882.8125,43945.3125,2000.0
109375.0,23437.5,106445.3125,2000.0
84960.9375,53710.9375,47851.5625,2000.0
31250.0,121093.75,96679.6875,2000.0
69335.9375,38085.9375,2929.6875,2000.0
62500.0,34179.6875,4882.8125,2000.0
97656.25,90820.3125,109375.0,2000.0
96679.6875,113281.25,85937.5,2000.0
95703.125,70312.5,69335.9375,2000.0
59570.3125,95703.125,116210.9375,2000.0
25390.625,76171.875,32226.5625,2000.0
97656.25,56640.625,65429.6875,2000.0
92773.4375,70312.5,1953.125,2000.0
95703.125,23437.5,81054.6875,2000.0
2929.6875,101562.5,71289.0625,2000.0
94726.5625,98632.8125,94726.5625,2000.0
54687.5,102539.0625,60546.875,2000.0
114257.8125,15625.0,82031.25,2000.0
115234.375,22460.9375,60546.875,2000.0
0.0,31250.0,14648.4375,2000.0
64453.125,14648.4375,9765.625,2000.0
53710.9375,51757.8125,109375.0,2000.0
46875.0,13671.875,97656.25,2000.0
100585.9375,11718.75,112304.6875,2000.0
25390.625,18554.6875,40039.0625,2000.0
114257.8125,35156.25,72265.625,2000.0
89843.75,23437.5,7812.5,2000.0
5859.375,84960.9375,41992.1875,2000.0
98632.8125,31250.0,88867.1875,2000.0
91796.875,41015.625,106445.3125,2000.0
22460.9375,77148.4375,65429.6875,2000.0
88867.1875,22460.9375,41015.625,2000.0
44921.875,35156.25,22460.9375,2000.0
85937.5,12695.3125,40039.0625,2000.0
119140.625,99609.375,71289.0625,2000.0
109375.0,95703.125,71289.0625,2000.0
117187.5,62500.0,41015.625,2000.0
16601.5625,86914.0625,48828.125,2000.0
82031.25,111328.125,78125.0,2000.0
43945.3125,30273.4375,18554.6875,2000.0
46875.0,63476.5625,89843.75,2000.0
84960.9375,63476.5625,43945.3125,2000.0
38085.9375,124023.4375,60546.875,2000.0
26367.1875,38085.9375,112304.6875,2000.0
99609.375,20507.8125,39062.5,2000.0
72265.625,79101.5625,95703.125,2000.0
74218.75,74218.75,95703.125,2000.0
77148.4375,102539.0625,97656.25,2000.0
24414.0625,114257.8125,86914.0625,2000.0
29296.875,71289.0625,53710.9375,2000.0
108398.4375,113281.25,100585.9375,2000.0
62500.0,79101.5625,25390.625,2000.0
94726.5625,68359.375,94726.5625,2000.0
53710.9375,115234.375,66406.25,2000.0
70312.5,30273.4375,33203.125,2000.0
79101.5625,102539.0625,19531.25,2000.0
20507.8125,60546.875,32226.5625,2000.0
55664.0625,63476.5625,46875.0,2000.0
35156.25,6835.9375,57617.1875,2000.0
72265.625,35156.25,76171.875,2000.0
121093.75,33203.125,98632.8125,2000.0
41015.625,124023.4375,112304.6875,2000.0
20507.8125,26367.1875,115234.375,2000.0
19531.25,64453.125,48828.125,2000.0
55664.0625,1953.125,6835.9375,2000.0
93750.0,64453.125,61523.4375,2000.0
80078.125,976.5625,32226.5625,2000.0
51757.8125,60546.875,24414.0625,2000.0
104492.1875,23437.5,114257.8125,2000.0
53710.9375,118164.0625,106445.3125,2000.0
3906.25,72265.625,37109.375,2000.0
118164.0625,99609.375,15625.0,2000.0
60546.875,10742.1875,45898.4375,2000.0
119140.625,109375.0,69335.9375,2000.0
2929.6875,77148.4375,106445.3125,2000.0
108398.4375,7812.5,103515.625,2000.0
108398.4375,100585.9375,114257.8125,2000.0
95703.125,46875.0,93750.0,2000.0
47851.5625,51757.8125,22460.9375,2000.0
91796.875,76171.875,68359.375,2000.0
37109.375,78125.0,50781.25,2000.0
43945.3125,84960.9375,39062.5,2000.0
74218.75,103515.625,20507.8125,2000.0
37109.375,44921.875,98632.8125,2000.0
49804.6875,93750.0,118164.0625,2000.0
63476.5625,21484.375,10742.1875,2000.0
12695.3125,0.0,68359.375,2000.0
112304.6875,41992.1875,976.5625,2000.0
122070.3125,23437.5,116210.9375,2000.0
34179.6875,91796.875,113281.25,2000.0
111328.125,61523.4375,38085.9375,2000.0
37109.375,35156.25,122070.3125,2000.0
76171.875,44921.875,51757.8125,2000.0
49804.6875,10742.1875,74218.75,2000.0
36132.8125,83984.375,114257.8125,2000.0
89843.75,33203.125,66406.25,2000.0
81054.6875,40039.0625,105468.75,2000.0
57617.1875,6835.9375,15625.0,2000.0
83984.375,80078.125,5859.375,2000.0
106445.3125,27343.75,37109.375,2000.0
115234.375,83984.375,109375.0,2000.0
79101.5625,91796.875,68359.375,2000.0
118164.0625,94726.5625,113281.25,2000.0
110351.5625,104492.1875,108398.4375,2000.0
49804.6875,114257.8125,107421.875,2000.0
121093.75,23437.5,34179.6875,2000.0
32226.5625,74218.75,111328.125,2000.0
97656.25,19531.25,36132.8125,2000.0
23437.5,73242.1875,103515.625,2000.0
41992.1875,99609.375,88867.1875,2000.0
21484.375,120117.1875,96679.6875,2000.0
73242.1875,90820.3125,77148.4375,2000.0
100585.9375,68359.375,91796.875,2000.0
56640.625,57617.1875,49804.6875,2000.0
7812.5,11718.75,35156.25,2000.0
57617.1875,13671.875,26367.1875,2000.0
93750.0,9765.625,124023.4375,2000.0
63476.5625,79101.5625,114257.8125,2000.0
23437.5,54687.5,976.5625,2000.0
81054.6875,49804.6875,69335.9375,2000.0
49804.6875,42968.75,94726.5625,2000.0
95703.125,68359.375,115234.375,2000.0
30273.4375,26367.1875,104492.1875,2000.0
3906.25,98632.8125,0.0,2000.0
45898.4375,124023.4375,109375.0,2000.0
104492.1875,100585.9375,99609.375,2000.0
55664.0625,114257.8125,118164.0625,2000.0
54687.5,101562.5,36132.8125,2000.0
84960.9375,108398.4375,87890.625,2000.0
48828.125,50781.25,14648.4375,2000.0
19531.25,67382.8125,123046.875,2000.0
42968.75,29296.875,25390.625,2000.0
26367.1875,7812.5,87890.625,2000.0
108398.4375,38085.9375,36132.8125,2000.0
58593.75,102539.0625,49804.6875,2000.0
64453.125,89843.75,5859.375,2000.0
20507.8125,20507.8125,67382.8125,2000.0
59570.3125,80078.125,56640.625,2000.0
39062.5,43945.3125,112304.6875,2000.0
4882.8125,1953.125,15625.0,2000.0
90820.3125,30273.4375,68359.375,2000.0
116210.9375,109375.0,22460.9375,2000.0
92773.4375,39062.5,49804.6875,2000.0
116210.9375,3906.25,99609.375,2000.0
62500.0,118164.0625,60546.875,2000.0
68359.375,46875.0,44921.875,2000.0
83007.8125,11718.75,48828.125,2000.0
46875.0,35156.25,117187.5,2000.0
91796.875,121093.75,84960.9375,2000.0
68359.375,122070.3125,114257.8125,2000.0
112304.6875,52734.375,43945.3125,2000.0
22460.9375,17578.125,55664.0625,2000.0
72265.625,37109.375,83984.375,2000.0
98632.8125,80078.125,111328.125,2000.0
101562.5,28320.3125,95703.125,2000.0
110351.5625,88867.1875,90820.3125,2000.0
30273.4375,97656.25,38085.9375,2000.0
76171.875,21484.375,82031.25,2000.0
58593.75,120117.1875,58593.75,2000.0
2929.6875,31250.0,29296.875,2000.0
92773.4375,60546.875,40039.0625,2000.0
112304.6875,0.0,105468.75,2000.0
78125.0,7812.5,73242.1875,2000.0
65429.6875,95703.125,41992.1875,2000.0
72265.625,47851.5625,14648.4375,2000.0
103515.625,19531.25,10742.1875,2000.0
15625.0,110351.5625,40039.0625,2000.0
44921.875,105468.75,68359.375,2000.0
95703.125,65429.6875,65429.6875,2000.0
22460.9375,77148.4375,39062.5,2000.0
4882.8125,31250.0,124023.4375,2000.0
29296.875,3906.25,71289.0625,2000.0
83984.375,4882.8125,30273.4375,2000.0
83007.8125,47851.5625,0.0,2000.0
41992.1875,83007.8125,101562.5,2000.0
95703.125,121093.75,69335.9375,2000.0
54687.5,63476.5625,113281.25,2000.0
87890.625,3906.25,30273.4375,2000.0
48828.125,20507.8125,59570.3125,2000.0
115234.375,17578.125,86914.0625,2000.0
14648.4375,96679.6875,12695.3125,2000.0
77148.4375,114257.8125,116210.9375,2000.0
67382.8125,104492.1875,56640.625,2000.0
55664.0625,72265.625,23437.5,2000.0
23437.5,119140.625,5859.375,2000.0
41015.625,91796.875,95703.125,2000.0
30273.4375,90820.3125,74218.75,2000.0
23437.5,5859.375,53710.9375,2000.0
30273.4375,9765.625,11718.75,2000.0
109375.0,17578.125,108398.4375,2000.0
108398.4375,70312.5,25390.625,2000.0
103515.625,57617.1875,113281.25,2000.0
115234.375,3906.25,62500.0,2000.0
122070.3125,111328.125,109375.0,2000.0
78125.0,37109.375,86914.0625,2000.0
73242.1875,97656.25,75195.3125,2000.0
57617.1875,39062.5,46875.0,2000.0
5859.375,113281.25,44921.875,2000.0
114257.8125,22460.9375,90820.3125,2000.0
1953.125,41992.1875,41992.1875,2000.0
49804.6875,66406.25,25390.625,2000.0
43945.3125,102539.0625,112304.6875,2000.0
27343.75,124023.4375,8789.0625,2000.0
4882.8125,58593.75,22460.9375,2000.0
98632.8125,14648.4375,48828.125,2000.0
49804.6875,52734.375,10742.1875,2000.0
124023.4375,63476.5625,52734.375,2000.0
45898.4375,9765.625,73242.1875,2000.0
79101.5625,42968.75,55664.0625,2000.0
119140.625,20507.8125,80078.125,2000.0
47851.5625,72265.625,6835.9375,2000.0
43945.3125,29296.875,102539.0625,2000.0
3906.25,79101.5625,75195.3125,2000.0
39062.5,20507.8125,26367.1875,2000.0
0.0,32226.5625,58593.75,2000.0
0.0,96679.6875,81054.6875,2000.0
976.5625,54687.5,91796.875,2000.0
118164.0625,100585.9375,9765.625,2000.0
51757.8125,55664.0625,44921.875,2000.0
35156.25,124023.4375,47851.5625,2000.0
12695.3125,110351.5625,56640.625,2000.0
68359.375,67382.8125,124023.4375,2000.0
48828.125,97656.25,76171.875,2000.0
57617.1875,92773.4375,97656.25,2000.0
50781.25,17578.125,88867.1875,2000.0
47851.5625,48828.125,3906.25,2000.0
45898.4375,70312.5,93750.0,2000.0
18554.6875,14648.4375,30273.4375,2000.0
66406.25,67382.8125,93750.0,2000.0
7812.5,19531.25,36132.8125,2000.0
29296.875,124023.4375,95703.125,2000.0
93750.0,4882.8125,33203.125,2000.0
23437.5,30273.4375,122070.3125,2000.0
89843.75,78125.0,109375.0,2000.0
87890.625,85937.5,85937.5,2000.0
63476.5625,20507.8125,34179.6875,2000.0
62500.0,121093.75,73242.1875,2000.0
3906.25,121093.75,30273.4375,2000.0
106445.3125,59570.3125,1953.125,2000.0
83984.375,34179.6875,83984.375,2000.0
24414.0625,3906.25,98632.8125,2000.0
83007.8125,83984.375,16601.5625,2000.0
32226.5625,36132.8125,119140.625,2000.0
29296.875,105468.75,80078.125,2000.0
8789.0625,59570.3125,70312.5,2000.0
50781.25,71289.0625,52734.375,2000.0
26367.1875,66406.25,35156.25,2000.0
79101.5625,87890.625,1953.125,2000.0
79101.5625,76171.875,96679.6875,2000.0
123046.875,18554.6875,23437.5,2000.0
45898.4375,42968.75,118164.0625,2000.0
96679.6875,69335.9375,2929.6875,2000.0
63476.5625,38085.9375,45898.4375,2000.0
92773.4375,45898.4375,96679.6875,2000.0
123046.875,84960.9375,29296.875,2000.0
105468.75,81054.6875,71289.0625,2000.0
60546.875,17578.125,3906.25,2000.0
89843.75,6835.9375,34179.6875,2000.0
25390.625,9765.625,93750.0,2000.0
5859.375,120117.1875,9765.625,2000.0
61523.4375,73242.1875,84960.9375,2000.0
30273.4375,0.0,123046.875,2000.0
28320.3125,22460.9375,2929.6875,2000.0
49804.6875,6835.9375,15625.0,2000.0
98632.8125,83007.8125,113281.25,2000.0
79101.5625,101562.5,66406.25,2000.0
23437.5,78125.0,8789.0625,2000.0
60546.875,67382.8125,95703.125,2000.0
106445.3125,12695.3125,45898.4375,2000.0
39062.5,2929.6875,123046.875,2000.0
11718.75,69335.9375,61523.4375,2000.0
43945.3125,93750.0,91796.875,2000.0
76171.875,41992.1875,87890.625,2000.0
62500.0,24414.0625,31250.0,2000.0
86914.0625,103515.625,87890.625,2000.0
67382.8125,35156.25,17578.125,2000.0
113281.25,88867.1875,94726.5625,2000.0
52734.375,78125.0,46875.0,2000.0
21484.375,75195.3125,61523.4375,2000.0
120117.1875,73242.1875,49804.6875,2000.0
118164.0625,4882.8125,47851.5625,2000.0
81054.6875,84960.9375,3906.25,2000.0
87890.625,56640.625,42968.75,2000.0
71289.0625,78125.0,17578.125,2000.0
9765.625,24414.0625,33203.125,2000.0
29296.875,110351.5625,98632.8125,2000.0
103515.625,90820.3125,118164.0625,2000.0
26367.1875,8789.0625,0.0,2000.0
24414.0625,96679.6875,83984.375,2000.0
77148.4375,48828.125,76171.875,2000.0
0.0,103515.625,14648.4375,2000.0
65429.6875,51757.8125,41015.625,2000.0
57617.1875,90820.3125,79101.5625,2000.0
11718.75,117187.5,64453.125,2000.0
29296.875,90820.3125,118164.0625,2000.0
82031.25,5859.375,58593.75,2000.0
27343.75,118164.0625,67382.8125,2000.0
8789.0625,13671.875,41015.625,2000.0
80078.125,44921.875,2929.6875,2000.0
61523.4375,104492.1875,54687.5,2000.0
42968.75,9765.625,30273.4375,2000.0
85937.5,1953.125,53710.9375,2000.0
21484.375,4882.8125,56640.625,2000.0
115234.375,104492.1875,64453.125,2000.0
31250.0,112304.6875,39062.5,2000.0
4882.8125,5859.375,115234.375,2000.0
54687.5,112304.6875,47851.5625,2000.0
101562.5,94726.5625,93750.0,2000.0
122070.3125,87890.625,26367.1875,2000.0
75195.3125,24414.0625,8789.0625,2000.0
75195.3125,54687.5,44921.875,2000.0
105468.75,116210.9375,25390.625,2000.0
119140.625,96679.6875,120117.1875,2000.0
60546.875,44921.875,13671.875,2000.0
86914.0625,79101.5625,100585.9375,2000.0
74218.75,0.0,50781.25,2000.0
117187.5,50781.25,106445.3125,2000.0
41992.1875,51757.8125,117187.5,2000.0
55664.0625,19531.25,66406.25,2000.0
96679.6875,50781.25,83984.375,2000.0
115234.375,48828.125,101562.5,2000.0
34179.6875,56640.625,2929.6875,2000.0
122070.3125,92773.4375,25390.625,2000.0
80078.125,44921.875,50781.25,2000.0
120117.1875,99609.375,66406.25,2000.0
43945.3125,93750.0,99609.375,2000.0
81054.6875,40039.0625,61523.4375,2000.0
1953.125,68359.375,122070.3125,2000.0
36132.8125,8789.0625,30273.4375,2000.0
77148.4375,66406.25,62500.0,2000.0
16601.5625,103515.625,38085.9375,2000.0
114257.8125,15625.0,117187.5,2000.0
92773.4375,111328.125,121093.75,2000.0
86914.0625,82031.25,93750.0,2000.0
49804.6875,123046.875,976.5625,2000.0
59570.3125,122070.3125,41992.1875,2000.0
106445.3125,78125.0,118164.0625,2000.0
51757.8125,67382.8125,54687.5,2000.0
124023.4375,48828.125,16601.5625,2000.0
8789.0625,43945.3125,25390.625,2000.0
44921.875,10742.1875,17578.125,2000.0
65429.6875,28320.3125,46875.0,2000.0
54687.5,103515.625,105468.75,2000.0
35156.25,106445.3125,66406.25,2000.0
3906.25,73242.1875,116210.9375,2000.0
115234.375,53710.9375,96679.6875,2000.0
59570.3125,122070.3125,28320.3125,2000.0
72265.625,35156.25,121093.75,2000.0
8789.0625,123046.875,57617.1875,2000.0
122070.3125,41015.625,1953.125,2000.0
10742.1875,63476.5625,70312.5,2000.0
36132.8125,109375.0,37109.375,2000.0
52734.375,116210.9375,46875.0,2000.0
69335.9375,113281.25,105468.75,2000.0
89843.75,15625.0,23437.5,2000.0
9765.625,41015.625,9765.625,2000.0
9765.625,10742.1875,122070.3125,2000.0
34179.6875,13671.875,63476.5625,2000.0
59570.3125,86914.0625,56640.625,2000.0
106445.3125,55664.0625,11718.75,2000.0
117187.5,100585.9375,64453.125,2000.0
20507.8125,21484.375,122070.3125,2000.0
73242.1875,82031.25,74218.75,2000.0
59570.3125,36132.8125,12695.3125,2000.0
119140.625,78125.0,13671.875,2000.0
63476.5625,89843.75,77148.4375,2000.0
4882.8125,38085.9375,3906.25,2000.0
112304.6875,31250.0,41015.625,2000.0
99609.375,66406.25,107421.875,2000.0
102539.0625,37109.375,88867.1875,2000.0
57617.1875,5859.375,100585.9375,2000.0
119140.625,6835.9375,103515.625,2000.0
2929.6875,34179.6875,12695.3125,2000.0
5859.375,102539.0625,95703.125,2000.0
99609.375,57617.1875,83007.8125,2000.0
44921.875,83007.8125,103515.625,2000.0
87890.625,33203.125,48828.125,2000.0
83007.8125,120117.1875,79101.5625,2000.0
47851.5625,17578.125,61523.4375,2000.0
10742.1875,124023.4375,78125.0,2000.0
85937.5,65429.6875,33203.125,2000.0
53710.9375,71289.0625,88867.1875,2000.0
44921.875,97656.25,104492.1875,2000.0
107421.875,51757.8125,68359.375,2000.0
114257.8125,63476.5625,55664.0625,2000.0
92773.4375,38085.9375,103515.625,2000.0
68359.375,92773.4375,73242.1875,2000.0
30273.4375,28320.3125,0.0,2000.0
96679.6875,123046.875,63476.5625,2000.0
29296.875,2929.6875,25390.625,2000.0
33203.125,44921.875,104492.1875,2000.0
22460.9375,23437.5,47851.5625,2000.0
29296.875,82031.25,98632.8125,2000.0
6835.9375,40039.0625,70312.5,2000.0
60546.875,80078.125,15625.0,2000.0
60546.875,78125.0,94726.5625,2000.0
37109.375,112304.6875,87890.625,2000.0
60546.875,70312.5,59570.3125,2000.0
31250.0,69335.9375,86914.0625,2000.0
50781.25,79101.5625,112304.6875,2000.0
25390.625,6835.9375,41015.625,2000.0
88867.1875,83984.375,72265.625,2000.0
73242.1875,71289.0625,117187.5,2000.0
71289.0625,94726.5625,24414.0625,2000.0
101562.5,114257.8125,124023.4375,2000.0
99609.375,34179.6875,63476.5625,2000.0
3906.25,39062.5,43945.3125,2000.0
79101.5625,59570.3125,81054.6875,2000.0
2929.6875,61523.4375,80078.125,2000.0
120117.1875,15625.0,120117.1875,2000.0
2929.6875,46875.0,46875.0,2000.0
64453.125,41992.1875,80078.125,2000.0
15625.0,117187.5,78125.0,2000.0
83984.375,72265.625,76171.875,2000.0
54687.5,111328.125,68359.375,2000.0
118164.0625,60546.875,53710.9375,2000.0
65429.6875,1953.125,119140.625,2000.0
95703.125,37109.375,56640.625,2000.0
56640.625,84960.9375,58593.75,2000.0
9765.625,91796.875,46875.0,2000.0
108398.4375,1953.125,42968.75,2000.0
47851.5625,5859.375,77148.4375,2000.0
80078.125,8789.0625,100585.9375,2000.0
4882.8125,70312.5,106445.3125,2000.0
9765.625,91796.875,41015.625,2000.0
19531.25,65429.6875,120117.1875,2000.0
107421.875,10742.1875,105468.75,2000.0
49804.6875,14648.4375,66406.25,2000.0
78125.0,123046.875,36132.8125,2000.0
24414.0625,108398.4375,40039.0625,2000.0
35156.25,121093.75,35156.25,2000.0
64453.125,102539.0625,82031.25,2000.0
105468.75,62500.0,41015.625,2000.0
3906.25,77148.4375,51757.8125,2000.0
33203.125,15625.0,70312.5,2000.0
44921.875,119140.625,1953.125,2000.0
27343.75,13671.875,92773.4375,2000.0
6835.9375,0.0,94726.5625,2000.0
113281.25,102539.0625,120117.1875,2000.0
86914.0625,25390.625,41015.625,2000.0
36132.8125,119140.625,1953.125,2000.0
95703.125,56640.625,43945.3125,2000.0
68359.375,79101.5625,90820.3125,2000.0
94726.5625,35156.25,76171.875,2000.0
44921.875,105468.75,73242.1875,2000.0
31250.0,83007.8125,74218.75,2000.0
59570.3125,93750.0,76171.875,2000.0
49804.6875,44921.875,1953.125,2000.0
58593.75,79101.5625,23437.5,2000.0
101562.5,107421.875,72265.625,2000.0
34179.6875,19531.25,120117.1875,2000.0
87890.625,42968.75,2929.6875,2000.0
32226.5625,63476.5625,25390.625,2000.0
83007.8125,976.5625,103515.625,2000.0
41992.1875,26367.1875,106445.3125,2000.0
20507.8125,86914.0625,73242.1875,2000.0
58593.75,75195.3125,116210.9375,2000.0
15625.0,6835.9375,2929.6875,2000.0
7812.5,97656.25,52734.375,2000.0
88867.1875,29296.875,5859.375,2000.0
73242.1875,108398.4375,63476.5625,2000.0
54687.5,58593.75,20507.8125,2000.0
12695.3125,12695.3125,121093.75,2000.0
103515.625,25390.625,64453.125,2000.0
23437.5,101562.5,89843.75,2000.0
22460.9375,86914.0625,53710.9375,2000.0
7812.5,21484.375,87890.625,2000.0
91796.875,5859.375,37109.375,2000.0
70312.5,70312.5,32226.5625,2000.0
30273.4375,87890.625,99609.375,2000.0
72265.625,103515.625,73242.1875,2000.0
124023.4375,41015.625,34179.6875,2000.0
12695.3125,86914.0625,87890.625,2000.0
17578.125,97656.25,110351.5625,2000.0
21484.375,84960.9375,106445.3125,2000.0
2929.6875,63476.5625,74218.75,2000.0
18554.6875,109375.0,15625.0,2000.0
59570.3125,11718.75,2929.6875,2000.0
20507.8125,95703.125,123046.875,2000.0
13671.875,22460.9375,83984.375,2000.0
24414.0625,4882.8125,15625.0,2000.0
20507.8125,105468.75,1953.125,2000.0
32226.5625,10742.1875,117187.5,2000.0
71289.0625,105468.75,82031.25,2000.0
81054.6875,82031.25,92773.4375,2000.0
33203.125,8789.0625,85937.5,2000.0
68359.375,52734.375,123046.875,2000.0
108398.4375,57617.1875,124023.4375,2000.0
76171.875,115234.375,37109.375,2000.0
70312.5,53710.9375,53710.9375,2000.0
90820.3125,111328.125,77148.4375,2000.0
101562.5,91796.875,102539.0625,2000.0
4882.8125,43945.3125,42968.75,2000.0
121093.75,1953.125,61523.4375,2000.0
67382.8125,104492.1875,18554.6875,2000.0
59570.3125,27343.75,122070.3125,2000.0
30273.4375,17578.125,60546.875,2000.0
33203.125,93750.0,66406.25,2000.0
81054.6875,95703.125,69335.9375,2000.0
101562.5,101562.5,96679.6875,2000.0
123046.875,76171.875,42968.75,2000.0
32226.5625,42968.75,119140.625,2000.0
85937.5,83007.8125,8789.0625,2000.0
96679.6875,53710.9375,1953.125,2000.0
44921.875,84960.9375,64453.125,2000.0
976.5625,116210.9375,62500.0,2000.0
68359.375,122070.3125,53710.9375,2000.0
112304.6875,18554.6875,63476.5625,2000.0
15625.0,104492.1875,75195.3125,2000.0
106445.3125,124023.4375,105468.75,2000.0
115234.375,20507.8125,95703.125,2000.0
116210.9375,101562.5,112304.6875,2000.0
9765.625,124023.4375,68359.375,2000.0
85937.5,7812.5,31250.0,2000.0
98632.8125,108398.4375,112304.6875,2000.0
32226.5625,104492.1875,103515.625,2000.0
67382.8125,109375.0,24414.0625,2000.0
123046.875,55664.0625,86914.0625,2000.0
115234.375,36132.8125,8789.0625,2000.0
14648.4375,99609.375,14648.4375,2000.0
63476.5625,40039.0625,106445.3125,2000.0
112304.6875,60546.875,96679.6875,2000.0
120117.1875,96679.6875,92773.4375,2000.0
9765.625,115234.375,0.0,2000.0
48828.125,2929.6875,17578.125,2000.0
48828.125,74218.75,88867.1875,2000.0
57617.1875,74218.75,16601.5625,2000.0
37109.375,93750.0,94726.5625,2000.0
32226.5625,48828.125,18554.6875,2000.0
124023.4375,42968.75,90820.3125,2000.0
7812.5,63476.5625,112304.6875,2000.0
34179.6875,77148.4375,69335.9375,2000.0
16601.5625,83007.8125,69335.9375,2000.0
55664.0625,25390.625,58593.75,2000.0
63476.5625,43945.3125,107421.875,2000.0
57617.1875,19531.25,16601.5625,2000.0
19531.25,83007.8125,57617.1875,2000.0
117187.5,5859.375,96679.6875,2000.0
18554.6875,110351.5625,81054.6875,2000.0
23437.5,22460.9375,124023.4375,2000.0
88867.1875,68359.375,121093.75,2000.0
83984.375,39062.5,63476.5625,2000.0
118164.0625,106445.3125,66406.25,2000.0
70312.5,16601.5625,43945.3125,2000.0
87890.625,21484.375,17578.125,2000.0
11718.75,1953.125,95703.125,2000.0
42968.75,66406.25,99609.375,2000.0
27343.75,99609.375,66406.25,2000.0
17578.125,54687.5,107421.875,2000.0
105468.75,22460.9375,10742.1875,2000.0
20507.8125,79101.5625,84960.9375,2000.0
0.0,123046.875,19531.25,2000.0
69335.9375,46875.0,33203.125,2000.0
60546.875,36132.8125,82031.25,2000.0
107421.875,35156.25,13671.875,2000.0
4882.8125,114257.8125,14648.4375,2000.0
78125.0,96679.6875,103515.625,2000.0
66406.25,26367.1875,90820.3125,2000.0
28320.3125,61523.4375,17578.125,2000.0
86914.0625,111328.125,80078.125,2000.0
87890.625,9765.625,59570.3125,2000.0
69335.9375,98632.8125,29296.875,2000.0
18554.6875,74218.75,97656.25,2000.0
13671.875,2929.6875,114257.8125,2000.0
7812.5,7812.5,21484.375,2000.0
1953.125,41015.625,84960.9375,2000.0
99609.375,59570.3125,98632.8125,2000.0
40039.0625,76171.875,64453.125,2000.0
5859.375,61523.4375,41015.625,2000.0
7812.5,31250.0,2929.6875,2000.0
69335.9375,39062.5,103515.625,2000.0
59570.3125,13671.875,80078.125,2000.0
7812.5,32226.5625,35156.25,2000.0
117187.5,29296.875,21484.375,2000.0
66406.25,109375.0,93750.0,2000.0
94726.5625,109375.0,90820.3125,2000.0
47851.5625,7812.5,5859.375,2000.0
110351.5625,80078.125,67382.8125,2000.0
106445.3125,50781.25,80078.125,2000.0
8789.0625,41992.1875,56640.625,2000.0
29296.875,104492.1875,87890.625,2000.0
33203.125,3906.25,25390.625,2000.0
104492.1875,38085.9375,105468.75,2000.0
25390.625,98632.8125,106445.3125,2000.0
0.0,119140.625,16601.5625,2000.0
41015.625,40039.0625,14648.4375,2000.0
1953.125,44921.875,86914.0625,2000.0
5859.375,35156.25,50781.25,2000.0
117187.5,19531.25,123046.875,2000.0
5859.375,103515.625,99609.375,2000.0
38085.9375,41015.625,116210.9375,2000.0
49804.6875,111328.125,69335.9375,2000.0
35156.25,121093.75,45898.4375,2000.0
29296.875,3906.25,976.5625,2000.0
73242.1875,32226.5625,12695.3125,2000.0
32226.5625,34179.6875,111328.125,2000.0
74218.75,40039.0625,98632.8125,2000.0
107421.875,59570.3125,55664.0625,2000.0
120117.1875,35156.25,55664.0625,2000.0
54687.5,93750.0,82031.25,2000.0
82031.25,46875.0,80078.125,2000.0
113281.25,88867.1875,75195.3125,2000.0
96679.6875,29296.875,1953.125,2000.0
92773.4375,81054.6875,108398.4375,2000.0
67382.8125,121093.75,97656.25,2000.0
93750.0,22460.9375,49804.6875,2000.0
10742.1875,20507.8125,32226.5625,2000.0
24414.0625,78125.0,90820.3125,2000.0
105468.75,39062.5,51757.8125,2000.0
15625.0,111328.125,72265.625,2000.0
107421.875,32226.5625,94726.5625,2000.0
78125.0,87890.625,82031.25,2000.0
24414.0625,53710.9375,20507.8125,2000.0
5859.375,104492.1875,54687.5,2000.0
7812.5,122070.3125,80078.125,2000.0
38085.9375,68359.375,90820.3125,2000.0
31250.0,90820.3125,97656.25,2000.0
22460.9375,15625.0,32226.5625,2000.0
115234.375,121093.75,49804.6875,2000.0
116210.9375,52734.375,37109.375,2000.0
4882.8125,9765.625,29296.875,2000.0
69335.9375,100585.9375,56640.625,2000.0
52734.375,13671.875,6835.9375,2000.0
115234.375,78125.0,65429.6875,2000.0
15625.0,20507.8125,91796.875,2000.0
104492.1875,23437.5,77148.4375,2000.0
45898.4375,81054.6875,70312.5,2000.0
5859.375,105468.75,91796.875,2000.0
89843.75,41015.625,109375.0,2000.0
99609.375,66406.25,24414.0625,2000.0
39062.5,976.5625,112304.6875,2000.0
113281.25,13671.875,93750.0,2000.0
69335.9375,12695.3125,116210.9375,2000.0
73242.1875,117187.5,89843.75,2000.0
77148.4375,83984.375,81054.6875,2000.0
16601.5625,113281.25,37109.375,2000.0
17578.125,63476.5625,83984.375,2000.0
64453.125,73242.1875,87890.625,2000.0
15625.0,40039.0625,88867.1875,2000.0
42968.75,88867.1875,97656.25,2000.0
77148.4375,105468.75,78125.0,2000.0
65429.6875,96679.6875,23437.5,2000.0
0.0,37109.375,51757.8125,2000.0
41015.625,0.0,3906.25,2000.0
53710.9375,98632.8125,104492.1875,2000.0
25390.625,36132.8125,95703.125,2000.0
46875.0,16601.5625,88867.1875,2000.0
26367.1875,17578.125,82031.25,2000.0
59570.3125,85937.5,46875.0,2000.0
123046.875,41992.1875,58593.75,2000.0
106445.3125,91796.875,97656.25,2000.0
13671.875,7812.5,119140.625,2000.0
103515.625,119140.625,83984.375,2000.0
27343.75,2929.6875,101562.5,2000.0
114257.8125,52734.375,70312.5,2000.0
61523.4375,38085.9375,37109.375,2000.0
50781.25,43945.3125,121093.75,2000.0
8789.0625,82031.25,37109.375,2000.0
73242.1875,46875.0,79101.5625,2000.0
111328.125,78125.0,102539.0625,2000.0
12695.3125,51757.8125,85937.5,2000.0
48828.125,1953.125,84960.9375,2000.0
99609.375,70312.5,4882.8125,2000.0
62500.0,42968.75,49804.6875,2000.0
23437.5,68359.375,16601.5625,2000.0
122070.3125,29296.875,30273.4375,2000.0
67382.8125,2929.6875,83984.375,2000.0
61523.4375,3906.25,97656.25,2000.0
45898.4375,67382.8125,27343.75,2000.0
107421.875,53710.9375,8789.0625,2000.0
76171.875,28320.3125,83007.8125,2000.0
121093.75,8789.0625,25390.625,2000.0
61523.4375,38085.9375,42968.75,2000.0
10742.1875,85937.5,54687.5,2000.0
64453.125,113281.25,73242.1875,2000.0
76171.875,28320.3125,12695.3125,2000.0
24414.0625,93750.0,61523.4375,2000.0
25390.625,54687.5,94726.5625,2000.0
108398.4375,41015.625,4882.8125,2000.0
41015.625,84960.9375,56640.625,2000.0
41992.1875,78125.0,39062.5,2000.0
67382.8125,81054.6875,19531.25,2000.0
90820.3125,71289.0625,120117.1875,2000.0
59570.3125,40039.0625,5859.375,2000.0
27343.75,73242.1875,77148.4375,2000.0
17578.125,22460.9375,120117.1875,2000.0
7812.5,39062.5,33203.125,2000.0
25390.625,68359.375,112304.6875,2000.0
14648.4375,101562.5,99609.375,2000.0
61523.4375,30273.4375,50781.25,2000.0
82031.25,79101.5625,81054.6875,2000.0
23437.5,26367.1875,86914.0625,2000.0
37109.375,63476.5625,99609.375,2000.0
111328.125,24414.0625,88867.1875,2000.0
114257.8125,39062.5,15625.0,2000.0
122070.3125,47851.5625,88867.1875,2000.0
64453.125,37109.375,112304.6875,2000.0
108398.4375,76171.875,87890.625,2000.0
14648.4375,73242.1875,75195.3125,2000.0
10742.1875,101562.5,109375.0,2000.0
74218.75,98632.8125,103515.625,2000.0
976.5625,97656.25,8789.0625,2000.0
120117.1875,34179.6875,43945.3125,2000.0
5859.375,109375.0,107421.875,2000.0
29296.875,102539.0625,64453.125,2000.0
123046.875,27343.75,98632.8125,2000.0
78125.0,122070.3125,31250.0,2000.0
106445.3125,50781.25,85937.5,2000.0
23437.5,79101.5625,41992.1875,2000.0
124023.4375,1953.125,63476.5625,2000.0
36132.8125,81054.6875,112304.6875,2000.0
77148.4375,2929.6875,48828.125,2000.0
0.0,27343.75,74218.75,2000.0
95703.125,124023.4375,113281.25,2000.0
10742.1875,70312.5,81054.6875,2000.0
55664.0625,67382.8125,44921.875,2000.0
78125.0,38085.9375,91796.875,2000.0
65429.6875,68359.375,109375.0,2000.0
72265.625,41015.625,87890.625,2000.0
17578.125,43945.3125,111328.125,2000.0
1953.125,124023.4375,76171.875,2000.0
40039.0625,54687.5,37109.375,2000.0
9765.625,108398.4375,79101.5625,2000.0
35156.25,10742.1875,97656.25,2000.0
65429.6875,26367.1875,83007.8125,2000.0
75195.3125,30273.4375,30273.4375,2000.0
73242.1875,112304.6875,47851.5625,2000.0
35156.25,68359.375,88867.1875,2000.0
10742.1875,39062.5,44921.875,2000.0
101562.5,31250.0,58593.75,2000.0
92773.4375,29296.875,57617.1875,2000.0
49804.6875,1953.125,13671.875,2000.0
14648.4375,56640.625,50781.25,2000.0
73242.1875,41992.1875,95703.125,2000.0
4882.8125,113281.25,20507.8125,2000.0
66406.25,100585.9375,29296.875,2000.0
83984.375,68359.375,72265.625,2000.0
54687.5,67382.8125,24414.0625,2000.0
26367.1875,81054.6875,103515.625,2000.0
115234.375,47851.5625,38085.9375,2000.0
59570.3125,49804.6875,99609.375,2000.0
24414.0625,64453.125,25390.625,2000.0
97656.25,8789.0625,26367.1875,2000.0
16601.5625,101562.5,52734.375,2000.0
63476.5625,53710.9375,108398.4375,2000.0
46875.0,94726.5625,79101.5625,2000.0
25390.625,51757.8125,121093.75,2000.0
54687.5,29296.875,84960.9375,2000.0
5859.375,65429.6875,84960.9375,2000.0
54687.5,101562.5,41992.1875,2000.0
114257.8125,976.5625,35156.25,2000.0
107421.875,64453.125,69335.9375,2000.0
15625.0,31250.0,90820.3125,2000.0
119140.625,41992.1875,65429.6875,2000.0
25390.625,105468.75,96679.6875,2000.0
110351.5625,117187.5,23437.5,2000.0
115234.375,120117.1875,120117.1875,2000.0
64453.125,17578.125,78125.0,2000.0
89843.75,26367.1875,52734.375,2000.0
36132.8125,106445.3125,41015.625,2000.0
55664.0625,90820.3125,88867.1875,2000.0
95703.125,103515.625,111328.125,2000.0
38085.9375,14648.4375,58593.75,2000.0
90820.3125,110351.5625,87890.625,2000.0
62500.0,112304.6875,78125.0,2000.0
67382.8125,60546.875,42968.75,2000.0
36132.8125,15625.0,68359.375,2000.0
101562.5,33203.125,8789.0625,2000.0
58593.75,119140.625,63476.5625,2000.0
46875.0,15625.0,10742.1875,2000.0
52734.375,30273.4375,87890.625,2000.0
64453.125,23437.5,5859.375,2000.0
64453.125,75195.3125,98632.8125,2000.0
45898.4375,109375.0,64453.125,2000.0
61523.4375,79101.5625,120117.1875,2000.0
22460.9375,80078.125,20507.8125,2000.0
70312.5,30273.4375,79101.5625,2000.0
9765.625,98632.8125,55664.0625,2000.0
24414.0625,25390.625,120117.1875,2000.0
31250.0,107421.875,87890.625,2000.0
15625.0,14648.4375,28320.3125,2000.0
60546.875,38085.9375,976.5625,2000.0
67382.8125,42968.75,124023.4375,2000.0
58593.75,122070.3125,93750.0,2000.0
86914.0625,68359.375,124023.4375,2000.0
40039.0625,111328.125,36132.8125,2000.0
64453.125,107421.875,70312.5,2000.0
108398.4375,3906.25,62500.0,2000.0
57617.1875,15625.0,1953.125,2000.0
100585.9375,77148.4375,110351.5625,2000.0
57617.1875,41992.1875,94726.5625,2000.0
98632.8125,68359.375,104492.1875,2000.0
68359.375,118164.0625,55664.0625,2000.0
10742.1875,105468.75,77148.4375,2000.0
21484.375,109375.0,25390.625,2000.0
23437.5,68359.375,101562.5,2000.0
50781.25,33203.125,27343.75,2000.0
79101.5625,80078.125,106445.3125,2000.0
70312.5,112304.6875,109375.0,2000.0
38085.9375,114257.8125,41015.625,2000.0
72265.625,54687.5,28320.3125,2000.0
74218.75,72265.625,41015.625,2000.0
28320.3125,14648.4375,83984.375,2000.0
93750.0,91796.875,106445.3125,2000.0
61523.4375,121093.75,112304.6875,2000.0
66406.25,70312.5,99609.375,2000.0
93750.0,20507.8125,95703.125,2000.0
29296.875,116210.9375,27343.75,2000.0
119140.625,30273.4375,69335.9375,2000.0
98632.8125,29296.875,62500.0,2000.0
33203.125,48828.125,37109.375,2000.0
29296.875,70312.5,83984.375,2000.0
83984.375,66406.25,65429.6875,2000.0
51757.8125,7812.5,10742.1875,2000.0
22460.9375,62500.0,89843.75,2000.0
117187.5,42968.75,37109.375,2000.0
76171.875,7812.5,41015.625,2000.0
51757.8125,53710.9375,32226.5625,2000.0
66406.25,83007.8125,46875.0,2000.0
28320.3125,92773.4375,45898.4375,2000.0
118164.0625,114257.8125,69335.9375,2000.0
25390.625,83984.375,80078.125,2000.0
55664.0625,19531.25,59570.3125,2000.0
101562.5,67382.8125,18554.6875,2000.0
95703.125,74218.75,80078.125,2000.0
50781.25,92773.4375,59570.3125,2000.0
90820.3125,48828.125,76171.875,2000.0
113281.25,3906.25,109375.0,2000.0
23437.5,113281.25,24414.0625,2000.0
87890.625,43945.3125,60546.875,2000.0
41015.625,55664.0625,4882.8125,2000.0
25390.625,32226.5625,92773.4375,2000.0
59570.3125,80078.125,6835.9375,2000.0
41992.1875,104492.1875,103515.625,2000.0
110351.5625,20507.8125,110351.5625,2000.0
94726.5625,49804.6875,120117.1875,2000.0
4882.8125,115234.375,65429.6875,2000.0
107421.875,10742.1875,18554.6875,2000.0
11718.75,58593.75,56640.625,2000.0
18554.6875,17578.125,123046.875,2000.0
25390.625,113281.25,64453.125,2000.0
59570.3125,30273.4375,43945.3125,2000.0
49804.6875,105468.75,69335.9375,2000.0
50781.25,81054.6875,92773.4375,2000.0
108398.4375,28320.3125,88867.1875,2000.0
83984.375,95703.125,7812.5,2000.0
38085.9375,74218.75,58593.75,2000.0
120117.1875,41015.625,27343.75,2000.0
112304.6875,13671.875,55664.0625,2000.0
105468.75,34179.6875,71289.0625,2000.0
58593.75,11718.75,66406.25,2000.0
66406.25,94726.5625,7812.5,2000.0
38085.9375,2929.6875,26367.1875,2000.0
59570.3125,23437.5,17578.125,2000.0
54687.5,78125.0,63476.5625,2000.0
72265.625,118164.0625,112304.6875,2000.0
976.5625,114257.8125,27343.75,2000.0
123046.875,45898.4375,81054.6875,2000.0
105468.75,68359.375,96679.6875,2000.0
44921.875,1953.125,9765.625,2000.0
122070.3125,58593.75,74218.75,2000.0
99609.375,49804.6875,123046.875,2000.0
42968.75,21484.375,92773.4375,2000.0
99609.375,27343.75,124023.4375,2000.0
42968.75,97656.25,116210.9375,2000.0
34179.6875,83007.8125,39062.5,2000.0
15625.0,50781.25,99609.375,2000.0
103515.625,18554.6875,73242.1875,2000.0
65429.6875,59570.3125,116210.9375,2000.0
38085.9375,97656.25,41015.625,2000.0
14648.4375,91796.875,12695.3125,2000.0
50781.25,114257.8125,112304.6875,2000.0
112304.6875,41015.625,30273.4375,2000.0
81054.6875,14648.4375,46875.0,2000.0
104492.1875,74218.75,85937.5,2000.0
36132.8125,118164.0625,37109.375,2000.0
0.0,59570.3125,8789.0625,2000.0
20507.8125,20507.8125,47851.5625,2000.0
7812.5,51757.8125,27343.75,2000.0
66406.25,86914.0625,25390.625,2000.0
83984.375,20507.8125,33203.125,2000.0
110351.5625,28320.3125,5859.375,2000.0
81054.6875,86914.0625,103515.625,2000.0
58593.75,98632.8125,108398.4375,2000.0
45898.4375,13671.875,90820.3125,2000.0
34179.6875,75195.3125,75195.3125,2000.0
69335.9375,111328.125,102539.0625,2000.0
66406.25,113281.25,63476.5625,2000.0
45898.4375,77148.4375,66406.25,2000.0
109375.0,3906.25,113281.25,2000.0
106445.3125,41015.625,41992.1875,2000.0
59570.3125,75195.3125,56640.625,2000.0
86914.0625,115234.375,72265.625,2000.0
118164.0625,20507.8125,60546.875,2000.0
78125.0,95703.125,16601.5625,2000.0
6835.9375,11718.75,45898.4375,2000.0
3906.25,68359.375,48828.125,2000.0
15625.0,1953.125,91796.875,2000.0
53710.9375,77148.4375,25390.625,2000.0
43945.3125,48828.125,121093.75,2000.0
58593.75,58593.75,119140.625,2000.0
17578.125,15625.0,9765.625,2000.0
117187.5,116210.9375,5859.375,2000.0
2929.6875,110351.5625,124023.4375,2000.0
73242.1875,34179.6875,103515.625,2000.0
41015.625,6835.9375,78125.0,2000.0
39062.5,21484.375,89843.75,2000.0
21484.375,12695.3125,30273.4375,2000.0
111328.125,60546.875,69335.9375,2000.0
59570.3125,12695.3125,36132.8125,2000.0
4882.8125,76171.875,123046.875,2000.0
75195.3125,32226.5625,25390.625,2000.0
114257.8125,84960.9375,94726.5625,2000.0
54687.5,74218.75,32226.5625,2000.0
41992.1875,3906.25,6835.9375,2000.0
94726.5625,42968.75,77148.4375,2000.0
80078.125,59570.3125,47851.5625,2000.0
98632.8125,23437.5,16601.5625,2000.0
39062.5,69335.9375,36132.8125,2000.0
59570.3125,10742.1875,89843.75,2000.0
114257.8125,76171.875,109375.0,2000.0
82031.25,54687.5,45898.4375,2000.0
67382.8125,70312.5,91796.875,2000.0
95703.125,120117.1875,17578.125,2000.0
63476.5625,8789.0625,45898.4375,2000.0
62500.0,62500.0,103515.625,2000.0
83984.375,39062.5,123046.875,2000.0
69335.9375,1953.125,17578.125,2000.0
80078.125,116210.9375,118164.0625,2000.0
80078.125,43945.3125,116210.9375,2000.0
13671.875,118164.0625,98632.8125,2000.0
75195.3125,99609.375,88867.1875,2000.0
36132.8125,16601.5625,100585.9375,2000.0
62500.0,56640.625,59570.3125,2000.0
91796.875,122070.3125,117187.5,2000.0
15625.0,74218.75,14648.4375,2000.0
118164.0625,35156.25,2929.6875,2000.0
111328.125,84960.9375,100585.9375,2000.0
40039.0625,29296.875,118164.0625,2000.0
117187.5,31250.0,8789.0625,2000.0
976.5625,66406.25,49804.6875,2000.0
66406.25,34179.6875,119140.625,2000.0
110351.5625,49804.6875,80078.125,2000.0
22460.9375,108398.4375,81054.6875,2000.0
100585.9375,85937.5,85937.5,2000.0
84960.9375,122070.3125,118164.0625,2000.0
72265.625,76171.875,25390.625,2000.0
39062.5,30273.4375,111328.125,2000.0
98632.8125,9765.625,40039.0625,2000.0
0.0,111328.125,25390.625,2000.0
70312.5,34179.6875,112304.6875,2000.0
74218.75,4882.8125,87890.625,2000.0
58593.75,15625.0,98632.8125,2000.0
108398.4375,29296.875,9765.625,2000.0
102539.0625,52734.375,124023.4375,2000.0
108398.4375,89843.75,119140.625,2000.0
80078.125,81054.6875,66406.25,2000.0
11718.75,74218.75,82031.25,2000.0
39062.5,11718.75,39062.5,2000.0
43945.3125,114257.8125,40039.0625,2000.0
1953.125,26367.1875,3906.25,2000.0
98632.8125,61523.4375,10742.1875,2000.0
82031.25,59570.3125,54687.5,2000.0
94726.5625,77148.4375,16601.5625,2000.0
14648.4375,52734.375,26367.1875,2000.0
94726.5625,21484.375,21484.375,2000.0
3906.25,43945.3125,32226.5625,2000.0
44921.875,90820.3125,66406.25,2000.0
69335.9375,68359.375,29296.875,2000.0
3906.25,48828.125,92773.4375,2000.0
66406.25,92773.4375,67382.8125,2000.0
25390.625,80078.125,68359.375,2000.0
102539.0625,106445.3125,82031.25,2000.0
120117.1875,80078.125,92773.4375,2000.0
47851.5625,92773.4375,124023.4375,2000.0
41992.1875,63476.5625,91796.875,2000.0
117187.5,976.5625,40039.0625,2000.0
76171.875,104492.1875,62500.0,2000.0
65429.6875,92773.4375,90820.3125,2000.0
66406.25,95703.125,95703.125,2000.0
976.5625,103515.625,31250.0,2000.0
79101.5625,78125.0,87890.625,2000.0
41992.1875,59570.3125,41992.1875,2000.0
123046.875,59570.3125,53710.9375,2000.0
66406.25,94726.5625,2929.6875,2000.0
97656.25,41992.1875,64453.125,2000.0
37109.375,121093.75,49804.6875,2000.0
73242.1875,70312.5,55664.0625,2000.0
4882.8125,111328.125,24414.0625,2000.0
123046.875,112304.6875,42968.75,2000.0
42968.75,97656.25,77148.4375,2000.0
43945.3125,99609.375,85937.5,2000.0
5859.375,72265.625,34179.6875,2000.0
115234.375,92773.4375,112304.6875,2000.0
17578.125,11718.75,46875.0,2000.0
22460.9375,75195.3125,21484.375,2000.0
53710.9375,42968.75,21484.375,2000.0
83984.375,29296.875,77148.4375,2000.0
115234.375,30273.4375,68359.375,2000.0
39062.5,48828.125,28320.3125,2000.0
58593.75,41015.625,86914.0625,2000.0
83007.8125,41015.625,118164.0625,2000.0
73242.1875,93750.0,79101.5625,2000.0
54687.5,79101.5625,28320.3125,2000.0
2929.6875,30273.4375,20507.8125,2000.0
57617.1875,82031.25,79101.5625,2000.0
113281.25,121093.75,29296.875,2000.0
53710.9375,18554.6875,23437.5,2000.0
59570.3125,64453.125,98632.8125,2000.0
976.5625,33203.125,54687.5,2000.0
14648.4375,6835.9375,47851.5625,2000.0
22460.9375,70312.5,78125.0,2000.0
109375.0,50781.25,61523.4375,2000.0
1953.125,88867.1875,84960.9375,2000.0
37109.375,102539.0625,72265.625,2000.0
39062.5,95703.125,109375.0,2000.0
60546.875,117187.5,71289.0625,2000.0
10742.1875,66406.25,101562.5,2000.0
112304.6875,26367.1875,74218.75,2000.0
97656.25,18554.6875,48828.125,2000.0
0.0,67382.8125,55664.0625,2000.0
16601.5625,24414.0625,84960.9375,2000.0
48828.125,77148.4375,29296.875,2000.0
41015.625,79101.5625,42968.75,2000.0
99609.375,27343.75,15625.0,2000.0
96679.6875,73242.1875,84960.9375,2000.0
84960.9375,42968.75,77148.4375,2000.0
68359.375,51757.8125,77148.4375,2000.0
13671.875,26367.1875,56640.625,2000.0
77148.4375,55664.0625,69335.9375,2000.0
36132.8125,65429.6875,91796.875,2000.0
36132.8125,45898.4375,38085.9375,2000.0
38085.9375,123046.875,1953.125,2000.0
83984.375,121093.75,43945.3125,2000.0
58593.75,51757.8125,49804.6875,2000.0
71289.0625,114257.8125,82031.25,2000.0
7812.5,100585.9375,74218.75,2000.0
34179.6875,20507.8125,5859.375,2000.0
69335.9375,84960.9375,82031.25,2000.0
12695.3125,33203.125,89843.75,2000.0
17578.125,31250.0,109375.0,2000.0
119140.625,96679.6875,63476.5625,2000.0
107421.875,56640.625,5859.375,2000.0
46875.0,14648.4375,24414.0625,2000.0
74218.75,66406.25,121093.75,2000.0
95703.125,1953.125,36132.8125,2000.0
58593.75,108398.4375,106445.3125,2000.0
54687.5,51757.8125,103515.625,2000.0
2929.6875,51757.8125,95703.125,2000.0
50781.25,117187.5,109375.0,2000.0
64453.125,19531.25,46875.0,2000.0
15625.0,119140.625,73242.1875,2000.0
42968.75,22460.9375,86914.0625,2000.0
69335.9375,53710.9375,118164.0625,2000.0
21484.375,120117.1875,70312.5,2000.0
8789.0625,87890.625,44921.875,2000.0
41992.1875,32226.5625,122070.3125,2000.0
71289.0625,103515.625,57617.1875,2000.0
118164.0625,101562.5,74218.75,2000.0
42968.75,84960.9375,53710.9375,2000.0
58593.75,20507.8125,73242.1875,2000.0
94726.5625,53710.9375,88867.1875,2000.0
57617.1875,4882.8125,40039.0625,2000.0
26367.1875,83007.8125,96679.6875,2000.0
109375.0,99609.375,75195.3125,2000.0
96679.6875,63476.5625,52734.375,2000.0
20507.8125,42968.75,3906.25,2000.0
5859.375,123046.875,62500.0,2000.0
19531.25,108398.4375,5859.375,2000.0
122070.3125,123046.875,33203.125,2000.0
107421.875,46875.0,100585.9375,2000.0
49804.6875,54687.5,39062.5,2000.0
101562.5,17578.125,98632.8125,2000.0
55664.0625,23437.5,71289.0625,2000.0
65429.6875,54687.5,72265.625,2000.0
34179.6875,41015.625,34179.6875,2000.0
56640.625,100585.9375,84960.9375,2000.0
62500.0,44921.875,35156.25,2000.0
54687.5,9765.625,97656.25,2000.0
93750.0,54687.5,84960.9375,2000.0
41015.625,62500.0,97656.25,2000.0
15625.0,64453.125,17578.125,2000.0
42968.75,82031.25,50781.25,2000.0
101562.5,54687.5,115234.375,2000.0
99609.375,87890.625,112304.6875,2000.0
36132.8125,46875.0,19531.25,2000.0
88867.1875,37109.375,62500.0,2000.0
81054.6875,119140.625,53710.9375,2000.0
70312.5,46875.0,17578.125,2000.0
72265.625,30273.4375,94726.5625,2000.0
123046.875,49804.6875,47851.5625,2000.0
92773.4375,20507.8125,67382.8125,2000.0
23437.5,107421.875,59570.3125,2000.0
18554.6875,108398.4375,35156.25,2000.0
89843.75,62500.0,9765.625,2000.0
70312.5,114257.8125,68359.375,2000.0
71289.0625,41015.625,50781.25,2000.0
92773.4375,24414.0625,11718.75,2000.0
36132.8125,92773.4375,78125.0,2000.0
37109.375,0.0,1953.125,2000.0
61523.4375,105468.75,83984.375,2000.0
74218.75,58593.75,22460.9375,2000.0
84960.9375,41992.1875,90820.3125,2000.0
98632.8125,27343.75,90820.3125,2000.0
2929.6875,12695.3125,25390.625,2000.0
94726.5625,87890.625,107421.875,2000.0
68359.375,119140.625,112304.6875,2000.0
20507.8125,94726.5625,32226.5625,2000.0
10742.1875,1953.125,14648.4375,2000.0
15625.0,37109.375,112304.6875,2000.0
76171.875,13671.875,38085.9375,2000.0
121093.75,83007.8125,104492.1875,2000.0
91796.875,95703.125,74218.75,2000.0
23437.5,57617.1875,7812.5,2000.0
92773.4375,37109.375,54687.5,2000.0
73242.1875,29296.875,86914.0625,2000.0
110351.5625,13671.875,61523.4375,2000.0
117187.5,17578.125,94726.5625,2000.0
110351.5625,45898.4375,86914.0625,2000.0
68359.375,41992.1875,73242.1875,2000.0
32226.5625,52734.375,976.5625,2000.0
16601.5625,22460.9375,76171.875,2000.0
52734.375,50781.25,12695.3125,2000.0
118164.0625,41992.1875,58593.75,2000.0
91796.875,83984.375,13671.875,2000.0
96679.6875,37109.375,116210.9375,2000.0
17578.125,65429.6875,86914.0625,2000.0
15625.0,113281.25,60546.875,2000.0
120117.1875,30273.4375,14648.4375,2000.0
59570.3125,17578.125,8789.0625,2000.0
57617.1875,102539.0625,68359.375,2000.0
105468.75,25390.625,25390.625,2000.0
81054.6875,42968.75,81054.6875,2000.0
976.5625,74218.75,75195.3125,2000.0
